0,0,-0.000344089,39062.5,0,39062.5
0,8.53333e-05,-0.000351068,39062.5,0,39062.5
0,0.000170667,-0.000358238,39062.5,0,39062.5
0,0.000256,-0.000365604,39062.5,0,39062.5
0,0.000341333,-0.000373174,39062.5,0,39062.5
0,0.000426667,-0.000380954,39062.5,0,39062.5
0,0.000512,-0.000388952,39062.5,0,39062.5
0,0.000597333,-0.000397175,39062.5,0,39062.5
0,0.000682667,-0.000405632,39062.5,0,39062.5
0,0.000768,-0.00041433,39062.5,0,39062.5
0,0.000853333,-0.000423279,39062.6,0,39062.6
0,0.000938667,-0.000432488,39062.6,0,39062.6
0,0.001024,-0.000441965,39062.6,0,39062.6
0,0.00110933,-0.000451722,39062.6,0,39062.6
0,0.00119467,-0.000461768,39062.6,0,39062.6
0,0.00128,-0.000472114,39062.6,0,39062.6
0,0.00136533,-0.000482771,39062.6,0,39062.6
0,0.00145067,-0.000493752,39062.6,0,39062.6
0,0.001536,-0.000505068,39062.6,0,39062.6
0,0.00162133,-0.000516732,39062.6,0,39062.6
0,0.00170667,-0.000528759,39062.6,0,39062.6
0,0.001792,-0.000541161,39062.6,0,39062.6
0,0.00187733,-0.000553955,39062.6,0,39062.6
0,0.00196267,-0.000567155,39062.6,0,39062.6
0,0.002048,-0.000580778,39062.6,0,39062.6
0,0.00213333,-0.00059484,39062.6,0,39062.6
0,0.00221867,-0.00060936,39062.6,0,39062.6
0,0.002304,-0.000624357,39062.6,0,39062.6
0,0.00238933,-0.00063985,39062.6,0,39062.6
0,0.00247467,-0.000655859,39062.6,0,39062.6
0,0.00256,-0.000672408,39062.6,0,39062.6
0,0.00264533,-0.000689517,39062.6,0,39062.6
0,0.00273067,-0.000707212,39062.6,0,39062.6
0,0.002816,-0.000725518,39062.6,0,39062.6
0,0.00290133,-0.000744461,39062.6,0,39062.6
0,0.00298667,-0.000764069,39062.6,0,39062.6
0,0.003072,-0.000784372,39062.6,0,39062.6
0,0.00315733,-0.000805401,39062.6,0,39062.6
0,0.00324267,-0.000827188,39062.6,0,39062.6
0,0.003328,-0.000849768,39062.6,0,39062.6
0,0.00341333,-0.000873177,39062.6,0,39062.6
0,0.00349867,-0.000897454,39062.6,0,39062.6
0,0.003584,-0.000922639,39062.6,0,39062.6
0,0.00366933,-0.000948776,39062.6,0,39062.6
0,0.00375467,-0.000975909,39062.6,0,39062.6
0,0.00384,-0.00100409,39062.6,0,39062.6
0,0.00392533,-0.00103336,39062.6,0,39062.6
0,0.00401067,-0.00106378,39062.6,0,39062.6
0,0.004096,-0.00109541,39062.6,0,39062.6
0,0.00418133,-0.0011283,39062.6,0,39062.6
0,0.00426667,-0.00116253,39062.6,0,39062.6
0,0.004352,-0.00119815,39062.6,0,39062.6
0,0.00443733,-0.00123524,39062.6,0,39062.6
0,0.00452267,-0.00127388,39062.6,0,39062.6
0,0.004608,-0.00131415,39062.6,0,39062.6
0,0.00469333,-0.00135614,39062.6,0,39062.6
0,0.00477867,-0.00139993,39062.6,0,39062.6
0,0.004864,-0.00144563,39062.6,0,39062.6
0,0.00494933,-0.00149333,39062.6,0,39062.6
0,0.00503467,-0.00154316,39062.6,0,39062.6
0,0.00512,-0.00159524,39062.6,0,39062.6
0,0.00520533,-0.00164968,39062.6,0,39062.6
0,0.00529067,-0.00170662,39062.6,0,39062.6
0,0.005376,-0.00176622,39062.6,0,39062.6
0,0.00546133,-0.00182863,39062.6,0,39062.6
0,0.00554667,-0.00189401,39062.6,0,39062.6
0,0.005632,-0.00196254,39062.6,0,39062.6
0,0.00571733,-0.00203443,39062.6,0,39062.6
0,0.00580267,-0.00210986,39062.6,0,39062.6
0,0.005888,-0.00218907,39062.7,0,39062.7
0,0.00597333,-0.0022723,39062.7,0,39062.7
0,0.00605867,-0.0023598,39062.7,0,39062.7
0,0.006144,-0.00245185,39062.7,0,39062.7
0,0.00622933,-0.00254875,39062.7,0,39062.7
0,0.00631467,-0.00265082,39062.7,0,39062.7
0,0.0064,-0.00275842,39062.7,0,39062.7
0,0.00648533,-0.00287191,39062.7,0,39062.7
0,0.00657067,-0.00299173,39062.7,0,39062.7
0,0.006656,-0.0031183,39062.7,0,39062.7
0,0.00674133,-0.00325211,39062.7,0,39062.7
0,0.00682667,-0.00339368,39062.7,0,39062.7
0,0.006912,-0.0035436,39062.7,0,39062.7
0,0.00699733,-0.00370247,39062.7,0,39062.7
0,0.00708267,-0.00387099,39062.7,0,39062.7
0,0.007168,-0.00404989,39062.7,0,39062.7
0,0.00725333,-0.00423998,39062.7,0,39062.7
0,0.00733867,-0.00444216,39062.7,0,39062.7
0,0.007424,-0.0046574,39062.7,0,39062.7
0,0.00750933,-0.00488677,39062.8,0,39062.8
0,0.00759467,-0.00513145,39062.8,0,39062.8
0,0.00768,-0.00539274,39062.8,0,39062.8
0,0.00776533,-0.00567208,39062.8,0,39062.8
0,0.00785067,-0.00597104,39062.8,0,39062.8
0,0.007936,-0.00629138,39062.8,0,39062.8
0,0.00802133,-0.00663505,39062.8,0,39062.8
0,0.00810667,-0.00700422,39062.8,0,39062.8
0,0.008192,-0.00740128,39062.8,0,39062.8
0,0.00827733,-0.00782893,39062.9,0,39062.9
0,0.00836267,-0.00829016,39062.9,0,39062.9
0,0.008448,-0.00878834,39062.9,0,39062.9
0,0.00853333,-0.00932725,39062.9,0,39062.9
0,0.00861867,-0.00991112,39062.9,0,39062.9
0,0.008704,-0.0105448,39062.9,0,39062.9
0,0.00878933,-0.0112336,39062.9,0,39062.9
0,0.00887467,-0.0119837,39063,0,39063
0,0.00896,-0.0128021,39063,0,39063
0,0.00904533,-0.0136968,39063,0,39063
0,0.00913067,-0.0146767,39063,0,39063
0,0.009216,-0.0157525,39063.1,0,39063.1
0,0.00930133,-0.0169359,39063.1,0,39063.1
0,0.00938667,-0.0182409,39063.1,0,39063.1
0,0.009472,-0.0196834,39063.2,0,39063.2
0,0.00955733,-0.0212822,39063.2,0,39063.2
0,0.00964267,-0.0230588,39063.2,0,39063.2
0,0.009728,-0.0250387,39063.3,0,39063.3
0,0.00981333,-0.0272519,39063.3,0,39063.3
0,0.00989867,-0.0297337,39063.4,0,39063.4
0,0.009984,-0.0325261,39063.4,0,39063.4
0,0.0100693,-0.0356793,39063.5,0,39063.5
0,0.0101547,-0.0392534,39063.5,0,39063.5
0,0.01024,-0.0433212,39063.6,0,39063.6
0,0.0103253,-0.0479707,39063.7,0,39063.7
0,0.0104107,-0.0533097,39063.8,0,39063.8
0,0.010496,-0.0594709,39063.9,0,39063.9
0,0.0105813,-0.0666189,39064,0,39064
0,0.0106667,-0.074959,39064.1,0,39064.1
0,0.010752,-0.0847506,39064.2,0,39064.2
0,0.0108373,-0.0963233,39064.4,0,39064.4
0,0.0109227,-0.110101,39064.6,0,39064.6
0,0.011008,-0.126634,39064.8,0,39064.8
0,0.0110933,-0.146647,39065,0,39065
0,0.0111787,-0.171104,39065.3,0,39065.3
0,0.011264,-0.201311,39065.6,0,39065.6
0,0.0113493,-0.239056,39065.9,0,39065.9
0,0.0114347,-0.286845,39066.4,0,39066.4
0,0.01152,-0.348244,39066.9,0,39066.9
0,0.0116053,-0.428458,39067.6,0,39067.6
0,0.0116907,-0.535261,39068.4,0,39068.4
0,0.011776,-0.680617,39069.4,0,39069.4
0,0.0118613,-0.883552,39070.7,0,39070.7
0,0.0119467,-1.17551,39072.4,0,39072.4
0,0.012032,-1.61092,39074.7,0,39074.7
0,0.0121173,-2.28919,39077.9,0,39077.9
0,0.0122027,-3.40449,39082.5,0,39082.5
0,0.012288,-5.36859,39089.5,0,39089.5
0,0.0123733,-9.1511,39100.6,0,39100.6
0,0.0124587,-17.3674,39120,0,39120
0,0.012544,-38.4495,39157.1,0,39157.1
0,0.0126293,-106.23,39233.2,0,39233.3
0,0.0127147,-366.865,39338.9,0,39340.6
1,0,-0.000419542,39062.6,0,39062.6
1,8.53333e-05,-0.000428627,39062.6,0,39062.6
1,0.000170667,-0.000437974,39062.6,0,39062.6
1,0.000256,-0.000447595,39062.6,0,39062.6
1,0.000341333,-0.000457502,39062.6,0,39062.6
1,0.000426667,-0.000467703,39062.6,0,39062.6
1,0.000512,-0.000478209,39062.6,0,39062.6
1,0.000597333,-0.000489034,39062.6,0,39062.6
1,0.000682667,-0.000500188,39062.6,0,39062.6
1,0.000768,-0.000511681,39062.6,0,39062.6
1,0.000853333,-0.000523528,39062.6,0,39062.6
1,0.000938667,-0.000535742,39062.6,0,39062.6
1,0.001024,-0.000548336,39062.6,0,39062.6
1,0.00110933,-0.000561328,39062.6,0,39062.6
1,0.00119467,-0.000574734,39062.6,0,39062.6
1,0.00128,-0.00058857,39062.6,0,39062.6
1,0.00136533,-0.000602852,39062.6,0,39062.6
1,0.00145067,-0.0006176,39062.6,0,39062.6
1,0.001536,-0.000632831,39062.6,0,39062.6
1,0.00162133,-0.000648567,39062.6,0,39062.6
1,0.00170667,-0.000664831,39062.6,0,39062.6
1,0.001792,-0.000681645,39062.6,0,39062.6
1,0.00187733,-0.000699032,39062.6,0,39062.6
1,0.00196267,-0.000717015,39062.6,0,39062.6
1,0.002048,-0.000735617,39062.6,0,39062.6
1,0.00213333,-0.000754872,39062.6,0,39062.6
1,0.00221867,-0.000774806,39062.6,0,39062.6
1,0.002304,-0.000795446,39062.6,0,39062.6
1,0.00238933,-0.000816822,39062.6,0,39062.6
1,0.00247467,-0.000838965,39062.6,0,39062.6
1,0.00256,-0.000861915,39062.6,0,39062.6
1,0.00264533,-0.000885709,39062.6,0,39062.6
1,0.00273067,-0.000910386,39062.6,0,39062.6
1,0.002816,-0.000935986,39062.6,0,39062.6
1,0.00290133,-0.000962551,39062.6,0,39062.6
1,0.00298667,-0.000990129,39062.6,0,39062.6
1,0.003072,-0.00101878,39062.6,0,39062.6
1,0.00315733,-0.00104854,39062.6,0,39062.6
1,0.00324267,-0.00107947,39062.6,0,39062.6
1,0.003328,-0.00111162,39062.6,0,39062.6
1,0.00341333,-0.00114506,39062.6,0,39062.6
1,0.00349867,-0.00117985,39062.6,0,39062.6
1,0.003584,-0.00121606,39062.6,0,39062.6
1,0.00366933,-0.00125378,39062.6,0,39062.6
1,0.00375467,-0.00129306,39062.6,0,39062.6
1,0.00384,-0.00133399,39062.6,0,39062.6
1,0.00392533,-0.00137667,39062.6,0,39062.6
1,0.00401067,-0.0014212,39062.6,0,39062.6
1,0.004096,-0.00146767,39062.6,0,39062.6
1,0.00418133,-0.00151617,39062.6,0,39062.6
1,0.00426667,-0.00156682,39062.6,0,39062.6
1,0.004352,-0.00161976,39062.6,0,39062.6
1,0.00443733,-0.00167509,39062.6,0,39062.6
1,0.00452267,-0.00173298,39062.6,0,39062.6
1,0.004608,-0.00179357,39062.6,0,39062.6
1,0.00469333,-0.00185701,39062.6,0,39062.6
1,0.00477867,-0.00192348,39062.6,0,39062.6
1,0.004864,-0.00199313,39062.6,0,39062.6
1,0.00494933,-0.00206618,39062.6,0,39062.6
1,0.00503467,-0.00214283,39062.6,0,39062.6
1,0.00512,-0.0022233,39062.7,0,39062.7
1,0.00520533,-0.00230783,39062.7,0,39062.7
1,0.00529067,-0.00239671,39062.7,0,39062.7
1,0.005376,-0.0024902,39062.7,0,39062.7
1,0.00546133,-0.00258862,39062.7,0,39062.7
1,0.00554667,-0.00269228,39062.7,0,39062.7
1,0.005632,-0.00280153,39062.7,0,39062.7
1,0.00571733,-0.00291676,39062.7,0,39062.7
1,0.00580267,-0.00303837,39062.7,0,39062.7
1,0.005888,-0.00316679,39062.7,0,39062.7
1,0.00597333,-0.00330253,39062.7,0,39062.7
1,0.00605867,-0.00344613,39062.7,0,39062.7
1,0.006144,-0.00359815,39062.7,0,39062.7
1,0.00622933,-0.00375921,39062.7,0,39062.7
1,0.00631467,-0.00392996,39062.7,0,39062.7
1,0.0064,-0.00411119,39062.7,0,39062.7
1,0.00648533,-0.00430371,39062.7,0,39062.7
1,0.00657067,-0.0045084,39062.7,0,39062.7
1,0.006656,-0.00472618,39062.8,0,39062.8
1,0.00674133,-0.00495815,39062.8,0,39062.8
1,0.00682667,-0.00520549,39062.8,0,39062.8
1,0.006912,-0.00546951,39062.8,0,39062.8
1,0.00699733,-0.00575162,39062.8,0,39062.8
1,0.00708267,-0.00605329,39062.8,0,39062.8
1,0.007168,-0.00637633,39062.8,0,39062.8
1,0.00725333,-0.00672263,39062.8,0,39062.8
1,0.00733867,-0.00709436,39062.8,0,39062.8
1,0.007424,-0.00749381,39062.8,0,39062.8
1,0.00750933,-0.00792359,39062.9,0,39062.9
1,0.00759467,-0.00838669,39062.9,0,39062.9
1,0.00768,-0.00888636,39062.9,0,39062.9
1,0.00776533,-0.00942615,39062.9,0,39062.9
1,0.00785067,-0.0100102,39062.9,0,39062.9
1,0.007936,-0.0106431,39062.9,0,39062.9
1,0.00802133,-0.0113301,39063,0,39063
1,0.00810667,-0.0120769,39063,0,39063
1,0.008192,-0.0128901,39063,0,39063
1,0.00827733,-0.0137773,39063,0,39063
1,0.00836267,-0.0147468,39063,0,39063
1,0.008448,-0.0158083,39063.1,0,39063.1
1,0.00853333,-0.0169729,39063.1,0,39063.1
1,0.00861867,-0.0182532,39063.1,0,39063.1
1,0.008704,-0.0196635,39063.2,0,39063.2
1,0.00878933,-0.0212206,39063.2,0,39063.2
1,0.00887467,-0.0229438,39063.2,0,39063.2
1,0.00896,-0.0248551,39063.3,0,39063.3
1,0.00904533,-0.0269803,39063.3,0,39063.3
1,0.00913067,-0.0293493,39063.4,0,39063.4
1,0.009216,-0.0319973,39063.4,0,39063.4
1,0.00930133,-0.0349648,39063.5,0,39063.5
1,0.00938667,-0.0383,39063.5,0,39063.5
1,0.009472,-0.0420589,39063.6,0,39063.6
1,0.00955733,-0.046308,39063.7,0,39063.7
1,0.00964267,-0.0511254,39063.8,0,39063.8
1,0.009728,-0.0566034,39063.9,0,39063.9
1,0.00981333,-0.062851,39064,0,39064
1,0.00989867,-0.0699973,39064.1,0,39064.1
1,0.009984,-0.0781942,39064.2,0,39064.2
1,0.0100693,-0.0876208,39064.3,0,39064.3
1,0.0101547,-0.0984865,39064.5,0,39064.5
1,0.01024,-0.111035,39064.7,0,39064.7
1,0.0103253,-0.125546,39064.9,0,39064.9
1,0.0104107,-0.142341,39065.1,0,39065.1
1,0.010496,-0.161779,39065.4,0,39065.4
1,0.0105813,-0.184266,39065.7,0,39065.7
1,0.0106667,-0.210258,39066,0,39066
1,0.010752,-0.240293,39066.4,0,39066.4
1,0.0108373,-0.275036,39066.8,0,39066.8
1,0.0109227,-0.315339,39067.3,0,39067.3
1,0.011008,-0.362128,39067.9,0,39067.9
1,0.0110933,-0.415628,39068.5,0,39068.5
1,0.0111787,-0.472868,39069.3,0,39069.3
1,0.011264,-0.522804,39070.2,0,39070.2
1,0.0113493,-0.538144,39071.1,0,39071.1
1,0.0114347,-0.433268,39072,0,39072
1,0.01152,0.0470821,39072.6,0,39072.6
1,0.0116053,0.844739,39071.6,0,39071.6
1,0.0116907,0.35597,39070.2,0,39070.2
1,0.011776,0.182627,39069.9,0,39069.9
1,0.0118613,-2.00307,39069.5,0,39069.5
1,0.0119467,-29.7313,39056.3,0,39056.3
1,0.012032,-2.5523,39051.7,0,39051.7
1,0.0121173,-0.215081,39053.5,0,39053.5
1,0.0122027,9.3672,39049,0,39049
1,0.012288,-6.66897,39038.6,0,39038.6
1,0.0123733,-5.21235,39061.9,0,39061.9
1,0.0124587,0.0111456,39061.6,0,39061.6
1,0.012544,0.694813,39060.7,0,39060.7
1,0.0126293,0.929801,39059,0,39059
1,0.0127147,0.485982,39057.6,0,39057.6
2,0,-0.000568769,39062.6,0,39062.6
2,8.53333e-05,-0.00058229,39062.6,0,39062.6
2,0.000170667,-0.00059624,39062.6,0,39062.6
2,0.000256,-0.000610638,39062.6,0,39062.6
2,0.000341333,-0.000625498,39062.6,0,39062.6
2,0.000426667,-0.00064084,39062.6,0,39062.6
2,0.000512,-0.000656684,39062.6,0,39062.6
2,0.000597333,-0.000673048,39062.6,0,39062.6
2,0.000682667,-0.000689961,39062.6,0,39062.6
2,0.000768,-0.000707452,39062.6,0,39062.6
2,0.000853333,-0.000725538,39062.6,0,39062.6
2,0.000938667,-0.000744239,39062.6,0,39062.6
2,0.001024,-0.000763585,39062.6,0,39062.6
2,0.00110933,-0.000783595,39062.6,0,39062.6
2,0.00119467,-0.000804308,39062.6,0,39062.6
2,0.00128,-0.000825757,39062.6,0,39062.6
2,0.00136533,-0.000847965,39062.6,0,39062.6
2,0.00145067,-0.000870967,39062.6,0,39062.6
2,0.001536,-0.000894806,39062.6,0,39062.6
2,0.00162133,-0.000919527,39062.6,0,39062.6
2,0.00170667,-0.000945165,39062.6,0,39062.6
2,0.001792,-0.000971756,39062.6,0,39062.6
2,0.00187733,-0.000999342,39062.6,0,39062.6
2,0.00196267,-0.00102797,39062.6,0,39062.6
2,0.002048,-0.00105769,39062.6,0,39062.6
2,0.00213333,-0.00108858,39062.6,0,39062.6
2,0.00221867,-0.00112067,39062.6,0,39062.6
2,0.002304,-0.00115405,39062.6,0,39062.6
2,0.00238933,-0.00118875,39062.6,0,39062.6
2,0.00247467,-0.00122484,39062.6,0,39062.6
2,0.00256,-0.00126239,39062.6,0,39062.6
2,0.00264533,-0.00130146,39062.6,0,39062.6
2,0.00273067,-0.00134215,39062.6,0,39062.6
2,0.002816,-0.00138454,39062.6,0,39062.6
2,0.00290133,-0.00142873,39062.6,0,39062.6
2,0.00298667,-0.00147483,39062.6,0,39062.6
2,0.003072,-0.0015229,39062.6,0,39062.6
2,0.00315733,-0.00157306,39062.6,0,39062.6
2,0.00324267,-0.00162543,39062.6,0,39062.6
2,0.003328,-0.00168015,39062.6,0,39062.6
2,0.00341333,-0.00173734,39062.6,0,39062.6
2,0.00349867,-0.00179711,39062.6,0,39062.6
2,0.003584,-0.00185962,39062.6,0,39062.6
2,0.00366933,-0.00192506,39062.6,0,39062.6
2,0.00375467,-0.00199359,39062.6,0,39062.6
2,0.00384,-0.00206537,39062.6,0,39062.6
2,0.00392533,-0.00214058,39062.7,0,39062.7
2,0.00401067,-0.00221946,39062.7,0,39062.7
2,0.004096,-0.00230223,39062.7,0,39062.7
2,0.00418133,-0.00238919,39062.7,0,39062.7
2,0.00426667,-0.00248048,39062.7,0,39062.7
2,0.004352,-0.00257644,39062.7,0,39062.7
2,0.00443733,-0.00267733,39062.7,0,39062.7
2,0.00452267,-0.00278352,39062.7,0,39062.7
2,0.004608,-0.0028954,39062.7,0,39062.7
2,0.00469333,-0.00301326,39062.7,0,39062.7
2,0.00477867,-0.00313745,39062.7,0,39062.7
2,0.004864,-0.00326856,39062.7,0,39062.7
2,0.00494933,-0.00340699,39062.7,0,39062.7
2,0.00503467,-0.00355322,39062.7,0,39062.7
2,0.00512,-0.00370787,39062.7,0,39062.7
2,0.00520533,-0.00387151,39062.7,0,39062.7
2,0.00529067,-0.0040448,39062.7,0,39062.7
2,0.005376,-0.00422838,39062.7,0,39062.7
2,0.00546133,-0.00442321,39062.7,0,39062.7
2,0.00554667,-0.0046299,39062.8,0,39062.8
2,0.005632,-0.00484956,39062.8,0,39062.8
2,0.00571733,-0.00508315,39062.8,0,39062.8
2,0.00580267,-0.00533169,39062.8,0,39062.8
2,0.005888,-0.00559649,39062.8,0,39062.8
2,0.00597333,-0.00587873,39062.8,0,39062.8
2,0.00605867,-0.00618006,39062.8,0,39062.8
2,0.006144,-0.00650206,39062.8,0,39062.8
2,0.00622933,-0.0068463,39062.8,0,39062.8
2,0.00631467,-0.00721488,39062.8,0,39062.8
2,0.0064,-0.00760989,39062.9,0,39062.9
2,0.00648533,-0.00803371,39062.9,0,39062.9
2,0.00657067,-0.00848889,39062.9,0,39062.9
2,0.006656,-0.00897848,39062.9,0,39062.9
2,0.00674133,-0.00950561,39062.9,0,39062.9
2,0.00682667,-0.010074,39062.9,0,39062.9
2,0.006912,-0.0106875,39062.9,0,39062.9
2,0.00699733,-0.0113505,39063,0,39063
2,0.00708267,-0.0120682,39063,0,39063
2,0.007168,-0.0128462,39063,0,39063
2,0.00725333,-0.0136906,39063,0,39063
2,0.00733867,-0.0146086,39063.1,0,39063.1
2,0.007424,-0.015608,39063.1,0,39063.1
2,0.00750933,-0.0166979,39063.1,0,39063.1
2,0.00759467,-0.0178885,39063.1,0,39063.1
2,0.00768,-0.0191911,39063.2,0,39063.2
2,0.00776533,-0.0206186,39063.2,0,39063.2
2,0.00785067,-0.0221861,39063.2,0,39063.2
2,0.007936,-0.0239103,39063.3,0,39063.3
2,0.00802133,-0.0258107,39063.3,0,39063.3
2,0.00810667,-0.0279092,39063.4,0,39063.4
2,0.008192,-0.0302315,39063.4,0,39063.4
2,0.00827733,-0.0328067,39063.5,0,39063.5
2,0.00836267,-0.035669,39063.5,0,39063.5
2,0.008448,-0.0388577,39063.6,0,39063.6
2,0.00853333,-0.042419,39063.7,0,39063.7
2,0.00861867,-0.0464073,39063.7,0,39063.7
2,0.008704,-0.0508866,39063.8,0,39063.8
2,0.00878933,-0.055934,39063.9,0,39063.9
2,0.00887467,-0.0616421,39064,0,39064
2,0.00896,-0.0681242,39064.1,0,39064.1
2,0.00904533,-0.0755211,39064.2,0,39064.2
2,0.00913067,-0.084011,39064.4,0,39064.4
2,0.009216,-0.0938216,39064.5,0,39064.5
2,0.00930133,-0.105252,39064.7,0,39064.7
2,0.00938667,-0.118698,39064.9,0,39064.9
2,0.009472,-0.13468,39065.1,0,39065.1
2,0.00955733,-0.153843,39065.3,0,39065.3
2,0.00964267,-0.176805,39065.6,0,39065.6
2,0.009728,-0.203354,39066,0,39066
2,0.00981333,-0.229197,39066.3,0,39066.3
2,0.00989867,-0.234204,39066.7,0,39066.7
2,0.009984,-0.148912,39067.1,0,39067.1
2,0.0100693,0.156345,39067.2,0,39067.2
2,0.0101547,0.427801,39066.5,0,39066.5
2,0.01024,0.13057,39065.9,0,39065.9
2,0.0103253,-0.128273,39066,0,39066
2,0.0104107,-0.182441,39066.3,0,39066.3
2,0.010496,-0.158914,39066.6,0,39066.6
2,0.0105813,-0.10512,39066.9,0,39066.9
2,0.0106667,0.0689664,39067.1,0,39067.1
2,0.010752,1.12716,39066.7,0,39066.7
2,0.0108373,2.35332,39062.1,0,39062.1
2,0.0109227,0.240079,39060.2,0,39060.2
2,0.011008,-0.365459,39060.6,0,39060.6
2,0.0110933,-0.630486,39061.5,0,39061.5
2,0.0111787,-0.78307,39063.1,0,39063.1
2,0.011264,3.77647,39064.6,0,39064.6
2,0.0113493,0.0717473,39054.7,0,39054.7
2,0.0114347,-0.281568,39056.3,0,39056.3
2,0.01152,-2.43038,39058.1,0,39058.1
2,0.0116053,1.81911,39066.4,0,39066.4
2,0.0116907,-1.05801,39045.4,0,39045.4
2,0.011776,-6.96523,39055.3,0,39055.3
2,0.0118613,-18.1818,39036.2,0,39036.2
2,0.0119467,-5.38725,39048.8,0,39048.8
2,0.012032,-7.72967,39057.8,0,39057.8
2,0.0121173,-8.42191,39035.3,0,39035.3
2,0.0122027,-0.23745,39040.4,0,39040.4
2,0.012288,5.54789,39033.1,0,39033.1
2,0.0123733,7.50962,39086.3,0,39086.3
2,0.0124587,2.34957,39074,0,39074
2,0.012544,1.48683,39071.1,0,39071.1
2,0.0126293,1.13146,39068.9,0,39068.9
2,0.0127147,0.85675,39067.3,0,39067.3
3,0,-0.000808565,39062.6,0,39062.6
3,8.53333e-05,-0.000829601,39062.6,0,39062.6
3,0.000170667,-0.000851366,39062.6,0,39062.6
3,0.000256,-0.000873887,39062.6,0,39062.6
3,0.000341333,-0.00089721,39062.6,0,39062.6
3,0.000426667,-0.000921354,39062.6,0,39062.6
3,0.000512,-0.000946368,39062.6,0,39062.6
3,0.000597333,-0.000972279,39062.6,0,39062.6
3,0.000682667,-0.000999127,39062.6,0,39062.6
3,0.000768,-0.00102697,39062.6,0,39062.6
3,0.000853333,-0.00105582,39062.6,0,39062.6
3,0.000938667,-0.00108575,39062.6,0,39062.6
3,0.001024,-0.00111681,39062.6,0,39062.6
3,0.00110933,-0.00114904,39062.6,0,39062.6
3,0.00119467,-0.00118252,39062.6,0,39062.6
3,0.00128,-0.00121729,39062.6,0,39062.6
3,0.00136533,-0.00125338,39062.6,0,39062.6
3,0.00145067,-0.00129091,39062.6,0,39062.6
3,0.001536,-0.00132993,39062.6,0,39062.6
3,0.00162133,-0.00137052,39062.6,0,39062.6
3,0.00170667,-0.00141275,39062.6,0,39062.6
3,0.001792,-0.00145671,39062.6,0,39062.6
3,0.00187733,-0.00150247,39062.6,0,39062.6
3,0.00196267,-0.00155013,39062.6,0,39062.6
3,0.002048,-0.00159981,39062.6,0,39062.6
3,0.00213333,-0.00165161,39062.6,0,39062.6
3,0.00221867,-0.00170562,39062.6,0,39062.6
3,0.002304,-0.00176198,39062.6,0,39062.6
3,0.00238933,-0.00182083,39062.6,0,39062.6
3,0.00247467,-0.00188227,39062.6,0,39062.6
3,0.00256,-0.00194645,39062.6,0,39062.6
3,0.00264533,-0.00201349,39062.6,0,39062.6
3,0.00273067,-0.00208356,39062.7,0,39062.7
3,0.002816,-0.0021569,39062.7,0,39062.7
3,0.00290133,-0.00223371,39062.7,0,39062.7
3,0.00298667,-0.00231412,39062.7,0,39062.7
3,0.003072,-0.00239834,39062.7,0,39062.7
3,0.00315733,-0.00248665,39062.7,0,39062.7
3,0.00324267,-0.00257926,39062.7,0,39062.7
3,0.003328,-0.0026764,39062.7,0,39062.7
3,0.00341333,-0.00277842,39062.7,0,39062.7
3,0.00349867,-0.00288558,39062.7,0,39062.7
3,0.003584,-0.00299817,39062.7,0,39062.7
3,0.00366933,-0.00311663,39062.7,0,39062.7
3,0.00375467,-0.00324127,39062.7,0,39062.7
3,0.00384,-0.00337247,39062.7,0,39062.7
3,0.00392533,-0.00351069,39062.7,0,39062.7
3,0.00401067,-0.00365645,39062.7,0,39062.7
3,0.004096,-0.00381025,39062.7,0,39062.7
3,0.00418133,-0.00397254,39062.7,0,39062.7
3,0.00426667,-0.00414399,39062.7,0,39062.7
3,0.004352,-0.00432528,39062.7,0,39062.7
3,0.00443733,-0.00451704,39062.8,0,39062.8
3,0.00452267,-0.00472002,39062.8,0,39062.8
3,0.004608,-0.00493502,39062.8,0,39062.8
3,0.00469333,-0.00516308,39062.8,0,39062.8
3,0.00477867,-0.00540503,39062.8,0,39062.8
3,0.004864,-0.00566198,39062.8,0,39062.8
3,0.00494933,-0.00593512,39062.8,0,39062.8
3,0.00503467,-0.00622571,39062.8,0,39062.8
3,0.00512,-0.00653504,39062.8,0,39062.8
3,0.00520533,-0.00686482,39062.8,0,39062.8
3,0.00529067,-0.00721658,39062.9,0,39062.9
3,0.005376,-0.00759212,39062.9,0,39062.9
3,0.00546133,-0.00799369,39062.9,0,39062.9
3,0.00554667,-0.00842329,39062.9,0,39062.9
3,0.005632,-0.00888357,39062.9,0,39062.9
3,0.00571733,-0.00937703,39062.9,0,39062.9
3,0.00580267,-0.009907,39062.9,0,39062.9
3,0.005888,-0.0104766,39063,0,39063
3,0.00597333,-0.0110897,39063,0,39063
3,0.00605867,-0.0117504,39063,0,39063
3,0.006144,-0.0124634,39063,0,39063
3,0.00622933,-0.013234,39063,0,39063
3,0.00631467,-0.0140681,39063.1,0,39063.1
3,0.0064,-0.0149722,39063.1,0,39063.1
3,0.00648533,-0.0159537,39063.1,0,39063.1
3,0.00657067,-0.0170215,39063.1,0,39063.1
3,0.006656,-0.0181849,39063.2,0,39063.2
3,0.00674133,-0.0194549,39063.2,0,39063.2
3,0.00682667,-0.0208443,39063.2,0,39063.2
3,0.006912,-0.0223677,39063.3,0,39063.3
3,0.00699733,-0.0240416,39063.3,0,39063.3
3,0.00708267,-0.0258858,39063.4,0,39063.4
3,0.007168,-0.0279231,39063.4,0,39063.4
3,0.00725333,-0.0301801,39063.5,0,39063.5
3,0.00733867,-0.032689,39063.5,0,39063.5
3,0.007424,-0.0354876,39063.6,0,39063.6
3,0.00750933,-0.0386215,39063.6,0,39063.6
3,0.00759467,-0.0421465,39063.7,0,39063.7
3,0.00768,-0.0461302,39063.8,0,39063.8
3,0.00776533,-0.0506574,39063.9,0,39063.9
3,0.00785067,-0.0558335,39063.9,0,39063.9
3,0.007936,-0.0617934,39064,0,39064
3,0.00802133,-0.0687096,39064.2,0,39064.2
3,0.00810667,-0.0768081,39064.3,0,39064.3
3,0.008192,-0.0863882,39064.4,0,39064.4
3,0.00827733,-0.0978533,39064.6,0,39064.6
3,0.00836267,-0.111755,39064.8,0,39064.8
3,0.008448,-0.128862,39065,0,39065
3,0.00853333,-0.150269,39065.2,0,39065.2
3,0.00861867,-0.177561,39065.5,0,39065.5
3,0.008704,-0.213116,39065.8,0,39065.8
3,0.00878933,-0.260666,39066.2,0,39066.2
3,0.00887467,-0.326578,39066.7,0,39066.7
3,0.00896,-0.423355,39067.3,0,39067.3
3,0.00904533,-0.580848,39068.1,0,39068.1
3,0.00913067,-0.887688,39069.3,0,39069.3
3,0.009216,-1.68869,39071,0,39071
3,0.00930133,-5.16307,39075.1,0,39075.1
3,0.00938667,-19.7004,39053.8,0,39053.8
3,0.009472,-3.4607,39062.8,0,39062.8
3,0.00955733,-1.86543,39066.5,0,39066.5
3,0.00964267,-1.19941,39069.2,0,39069.2
3,0.009728,1.17214,39070.7,0,39070.7
3,0.00981333,2.20493,39063.4,0,39063.4
3,0.00989867,-2.08158,39062.9,0,39062.9
3,0.009984,-9.88173,39063.6,0,39063.6
3,0.0100693,-13.3484,39055.1,0,39055.1
3,0.0101547,-5.65021,39056.9,0,39056.9
3,0.01024,0.573469,39066.3,0,39066.3
3,0.0103253,-1.64416,39050.5,0,39050.5
3,0.0104107,-1.2691,39055,0,39055
3,0.010496,-0.60892,39056.4,0,39056.4
3,0.0105813,-0.367232,39057.1,0,39057.1
3,0.0106667,-0.0712298,39057.6,0,39057.6
3,0.010752,0.393936,39057.4,0,39057.4
3,0.0108373,0.937058,39056.4,0,39056.4
3,0.0109227,1.72122,39053.8,0,39053.8
3,0.011008,0.828644,39051.1,0,39051.1
3,0.0110933,-0.0302096,39050.6,0,39050.6
3,0.0111787,-0.35967,39051.6,0,39051.6
3,0.011264,2.55076,39050,0,39050
3,0.0113493,-0.173326,39047.4,0,39047.4
3,0.0114347,-1.19247,39048,0,39048
3,0.01152,-4.51037,39055.2,0,39055.2
3,0.0116053,-0.979741,39058.5,0,39058.5
3,0.0116907,-2.2689,39059.2,0,39059.2
3,0.011776,-9.39256,39060.2,0,39060.2
3,0.0118613,-14.2514,39052.6,0,39052.6
3,0.0119467,-4.80404,39053.9,0,39053.9
3,0.012032,-0.4325,39055.6,0,39055.6
3,0.0121173,1.36495,39054.3,0,39054.3
3,0.0122027,3.58747,39051.5,0,39051.5
3,0.012288,11.8893,39048.4,0,39048.4
3,0.0123733,12.7945,39086.6,0,39086.6
3,0.0124587,3.90304,39079.5,0,39079.5
3,0.012544,2.31162,39075.7,0,39075.7
3,0.0126293,1.57903,39072.5,0,39072.5
3,0.0127147,1.12714,39070.3,0,39070.3
4,0,-0.00127021,39062.6,0,39062.6
4,8.53333e-05,-0.00130662,39062.6,0,39062.6
4,0.000170667,-0.0013444,39062.6,0,39062.6
4,0.000256,-0.00138363,39062.6,0,39062.6
4,0.000341333,-0.00142436,39062.6,0,39062.6
4,0.000426667,-0.00146667,39062.6,0,39062.6
4,0.000512,-0.00151063,39062.6,0,39062.6
4,0.000597333,-0.00155632,39062.6,0,39062.6
4,0.000682667,-0.0016038,39062.6,0,39062.6
4,0.000768,-0.00165317,39062.6,0,39062.6
4,0.000853333,-0.00170453,39062.6,0,39062.6
4,0.000938667,-0.001758,39062.6,0,39062.6
4,0.001024,-0.0018137,39062.6,0,39062.6
4,0.00110933,-0.0018717,39062.6,0,39062.6
4,0.00119467,-0.00193213,39062.6,0,39062.6
4,0.00128,-0.00199511,39062.7,0,39062.7
4,0.00136533,-0.00206078,39062.7,0,39062.7
4,0.00145067,-0.0021293,39062.7,0,39062.7
4,0.001536,-0.00220078,39062.7,0,39062.7
4,0.00162133,-0.0022754,39062.7,0,39062.7
4,0.00170667,-0.00235337,39062.7,0,39062.7
4,0.001792,-0.0024348,39062.7,0,39062.7
4,0.00187733,-0.00251994,39062.7,0,39062.7
4,0.00196267,-0.00260898,39062.7,0,39062.7
4,0.002048,-0.00270216,39062.7,0,39062.7
4,0.00213333,-0.00279964,39062.7,0,39062.7
4,0.00221867,-0.0029017,39062.7,0,39062.7
4,0.002304,-0.00300872,39062.7,0,39062.7
4,0.00238933,-0.0031209,39062.7,0,39062.7
4,0.00247467,-0.00323849,39062.7,0,39062.7
4,0.00256,-0.00336189,39062.7,0,39062.7
4,0.00264533,-0.00349148,39062.7,0,39062.7
4,0.00273067,-0.00362754,39062.7,0,39062.7
4,0.002816,-0.00377062,39062.7,0,39062.7
4,0.00290133,-0.00392108,39062.7,0,39062.7
4,0.00298667,-0.00407932,39062.8,0,39062.8
4,0.003072,-0.00424594,39062.8,0,39062.8
4,0.00315733,-0.00442143,39062.8,0,39062.8
4,0.00324267,-0.00460641,39062.8,0,39062.8
4,0.003328,-0.00480151,39062.8,0,39062.8
4,0.00341333,-0.00500738,39062.8,0,39062.8
4,0.00349867,-0.00522478,39062.8,0,39062.8
4,0.003584,-0.00545465,39062.8,0,39062.8
4,0.00366933,-0.00569764,39062.8,0,39062.8
4,0.00375467,-0.0059548,39062.8,0,39062.8
4,0.00384,-0.00622703,39062.8,0,39062.8
4,0.00392533,-0.00651563,39062.8,0,39062.8
4,0.00401067,-0.00682156,39062.9,0,39062.9
4,0.004096,-0.00714635,39062.9,0,39062.9
4,0.00418133,-0.00749129,39062.9,0,39062.9
4,0.00426667,-0.00785801,39062.9,0,39062.9
4,0.004352,-0.00824804,39062.9,0,39062.9
4,0.00443733,-0.00866353,39062.9,0,39062.9
4,0.00452267,-0.00910614,39062.9,0,39062.9
4,0.004608,-0.00957839,39063,0,39063
4,0.00469333,-0.0100826,39063,0,39063
4,0.00477867,-0.0106214,39063,0,39063
4,0.004864,-0.0111979,39063,0,39063
4,0.00494933,-0.0118151,39063,0,39063
4,0.00503467,-0.0124767,39063,0,39063
4,0.00512,-0.0131868,39063.1,0,39063.1
4,0.00520533,-0.0139495,39063.1,0,39063.1
4,0.00529067,-0.0147699,39063.1,0,39063.1
4,0.005376,-0.0156532,39063.1,0,39063.1
4,0.00546133,-0.0166054,39063.2,0,39063.2
4,0.00554667,-0.0176334,39063.2,0,39063.2
4,0.005632,-0.0187445,39063.2,0,39063.2
4,0.00571733,-0.0199469,39063.3,0,39063.3
4,0.00580267,-0.0212501,39063.3,0,39063.3
4,0.005888,-0.0226646,39063.3,0,39063.3
4,0.00597333,-0.0242021,39063.4,0,39063.4
4,0.00605867,-0.0258756,39063.4,0,39063.4
4,0.006144,-0.0277004,39063.5,0,39063.5
4,0.00622933,-0.029693,39063.5,0,39063.5
4,0.00631467,-0.0318723,39063.6,0,39063.6
4,0.0064,-0.0342598,39063.6,0,39063.6
4,0.00648533,-0.0368792,39063.7,0,39063.7
4,0.00657067,-0.0397572,39063.7,0,39063.7
4,0.006656,-0.0429236,39063.8,0,39063.8
4,0.00674133,-0.0464105,39063.9,0,39063.9
4,0.00682667,-0.0502521,39064,0,39064
4,0.006912,-0.054484,39064.1,0,39064.1
4,0.00699733,-0.0591382,39064.2,0,39064.2
4,0.00708267,-0.0642398,39064.3,0,39064.3
4,0.007168,-0.0697965,39064.4,0,39064.4
4,0.00725333,-0.0757821,39064.5,0,39064.5
4,0.00733867,-0.0821116,39064.6,0,39064.6
4,0.007424,-0.0886024,39064.8,0,39064.8
4,0.00750933,-0.0949274,39064.9,0,39064.9
4,0.00759467,-0.100577,39065.1,0,39065.1
4,0.00768,-0.104884,39065.3,0,39065.3
4,0.00776533,-0.107217,39065.5,0,39065.5
4,0.00785067,-0.107454,39065.7,0,39065.7
4,0.007936,-0.106601,39065.8,0,39065.8
4,0.00802133,-0.106824,39066,0,39066
4,0.00810667,-0.109992,39066.2,0,39066.2
4,0.008192,-0.115423,39066.4,0,39066.4
4,0.00827733,-0.11965,39066.6,0,39066.6
4,0.00836267,-0.119397,39066.8,0,39066.8
4,0.008448,-0.115384,39067,0,39067
4,0.00853333,-0.114412,39067.2,0,39067.2
4,0.00861867,-0.128577,39067.4,0,39067.4
4,0.008704,-0.16868,39067.6,0,39067.6
4,0.00878933,-0.231466,39068,0,39068
4,0.00887467,-0.280241,39068.4,0,39068.4
4,0.00896,-0.0720798,39069.1,0,39069.1
4,0.00904533,2.6251,39068.4,0,39068.4
4,0.00913067,1.16847,39061.5,0,39061.5
4,0.009216,-0.23412,39062,0,39062
4,0.00930133,-0.187753,39062.5,0,39062.5
4,0.00938667,0.00599987,39062.7,0,39062.7
4,0.009472,-0.0158813,39062.5,0,39062.5
4,0.00955733,-0.424045,39062.9,0,39062.9
4,0.00964267,0.850459,39065.7,0,39065.7
4,0.009728,1.62444,39049.6,0,39049.6
4,0.00981333,-1.13511,39053.4,0,39053.4
4,0.00989867,-1.56765,39055.9,0,39055.9
4,0.009984,2.25907,39060.6,0,39060.6
4,0.0100693,-1.30377,39050.1,0,39050.1
4,0.0101547,-1.18847,39054.8,0,39054.8
4,0.01024,1.17065,39054.9,0,39054.9
4,0.0103253,1.25402,39051.5,0,39051.5
4,0.0104107,0.534213,39050.5,0,39050.5
4,0.010496,0.312997,39049.4,0,39049.4
4,0.0105813,-0.294877,39049.7,0,39049.7
4,0.0106667,0.018963,39050.2,0,39050.2
4,0.010752,0.810699,39049.6,0,39049.6
4,0.0108373,1.16166,39047.5,0,39047.5
4,0.0109227,0.787659,39045.8,0,39045.8
4,0.011008,0.408343,39044.3,0,39044.3
4,0.0110933,-1.9096,39046.4,0,39046.4
4,0.0111787,-0.650043,39047.4,0,39047.4
4,0.011264,-1.70189,39049.6,0,39049.6
4,0.0113493,-1.96026,39055.4,0,39055.4
4,0.0114347,-0.074572,39054.8,0,39054.8
4,0.01152,-2.69326,39057.7,0,39057.7
4,0.0116053,-0.488754,39061.1,0,39061.1
4,0.0116907,0.165912,39060.7,0,39060.7
4,0.011776,0.00668216,39060.4,0,39060.4
4,0.0118613,-0.435257,39060.7,0,39060.7
4,0.0119467,-0.521471,39062,0,39062
4,0.012032,0.738077,39062,0,39062
4,0.0121173,1.60083,39059.7,0,39059.7
4,0.0122027,1.33592,39056.5,0,39056.5
4,0.012288,-0.474227,39052,0,39052
4,0.0123733,-3.89331,39094.3,0,39094.3
4,0.0124587,2.44789,39080.8,0,39080.8
4,0.012544,1.89403,39076.8,0,39076.8
4,0.0126293,1.43852,39074,0,39074
4,0.0127147,1.09069,39071.9,0,39071.9
5,0,-0.00227265,39062.7,0,39062.7
5,8.53333e-05,-0.00234518,39062.7,0,39062.7
5,0.000170667,-0.00242076,39062.7,0,39062.7
5,0.000256,-0.00249948,39062.7,0,39062.7
5,0.000341333,-0.00258151,39062.7,0,39062.7
5,0.000426667,-0.00266704,39062.7,0,39062.7
5,0.000512,-0.00275626,39062.7,0,39062.7
5,0.000597333,-0.00284935,39062.7,0,39062.7
5,0.000682667,-0.00294657,39062.7,0,39062.7
5,0.000768,-0.00304809,39062.7,0,39062.7
5,0.000853333,-0.00315415,39062.7,0,39062.7
5,0.000938667,-0.00326498,39062.7,0,39062.7
5,0.001024,-0.00338083,39062.7,0,39062.7
5,0.00110933,-0.00350207,39062.7,0,39062.7
5,0.00119467,-0.003629,39062.7,0,39062.7
5,0.00128,-0.00376187,39062.8,0,39062.8
5,0.00136533,-0.00390107,39062.8,0,39062.8
5,0.00145067,-0.00404693,39062.8,0,39062.8
5,0.001536,-0.00419991,39062.8,0,39062.8
5,0.00162133,-0.00436046,39062.8,0,39062.8
5,0.00170667,-0.00452892,39062.8,0,39062.8
5,0.001792,-0.00470595,39062.8,0,39062.8
5,0.00187733,-0.0048919,39062.8,0,39062.8
5,0.00196267,-0.00508729,39062.8,0,39062.8
5,0.002048,-0.00529291,39062.8,0,39062.8
5,0.00213333,-0.00550929,39062.8,0,39062.8
5,0.00221867,-0.00573728,39062.8,0,39062.8
5,0.002304,-0.00597752,39062.8,0,39062.8
5,0.00238933,-0.00623082,39062.9,0,39062.9
5,0.00247467,-0.00649799,39062.9,0,39062.9
5,0.00256,-0.00678018,39062.9,0,39062.9
5,0.00264533,-0.00707833,39062.9,0,39062.9
5,0.00273067,-0.00739343,39062.9,0,39062.9
5,0.002816,-0.00772677,39062.9,0,39062.9
5,0.00290133,-0.00807971,39062.9,0,39062.9
5,0.00298667,-0.00845372,39062.9,0,39062.9
5,0.003072,-0.00885022,39063,0,39063
5,0.00315733,-0.00927077,39063,0,39063
5,0.00324267,-0.00971753,39063,0,39063
5,0.003328,-0.0101923,39063,0,39063
5,0.00341333,-0.0106972,39063,0,39063
5,0.00349867,-0.0112347,39063,0,39063
5,0.003584,-0.0118075,39063.1,0,39063.1
5,0.00366933,-0.0124183,39063.1,0,39063.1
5,0.00375467,-0.0130704,39063.1,0,39063.1
5,0.00384,-0.0137669,39063.1,0,39063.1
5,0.00392533,-0.0145121,39063.2,0,39063.2
5,0.00401067,-0.0153099,39063.2,0,39063.2
5,0.004096,-0.0161648,39063.2,0,39063.2
5,0.00418133,-0.0170821,39063.2,0,39063.2
5,0.00426667,-0.0180674,39063.3,0,39063.3
5,0.004352,-0.0191267,39063.3,0,39063.3
5,0.00443733,-0.0202671,39063.3,0,39063.3
5,0.00452267,-0.0214962,39063.4,0,39063.4
5,0.004608,-0.0228225,39063.4,0,39063.4
5,0.00469333,-0.0242551,39063.4,0,39063.4
5,0.00477867,-0.0258046,39063.5,0,39063.5
5,0.004864,-0.0274823,39063.5,0,39063.5
5,0.00494933,-0.0293009,39063.6,0,39063.6
5,0.00503467,-0.0312742,39063.6,0,39063.6
5,0.00512,-0.033417,39063.7,0,39063.7
5,0.00520533,-0.0357455,39063.7,0,39063.7
5,0.00529067,-0.0382767,39063.8,0,39063.8
5,0.005376,-0.0410278,39063.9,0,39063.9
5,0.00546133,-0.044016,39063.9,0,39063.9
5,0.00554667,-0.0472572,39064,0,39064
5,0.005632,-0.0507626,39064.1,0,39064.1
5,0.00571733,-0.0545376,39064.2,0,39064.2
5,0.00580267,-0.0585764,39064.3,0,39064.3
5,0.005888,-0.0628548,39064.4,0,39064.4
5,0.00597333,-0.0673236,39064.5,0,39064.5
5,0.00605867,-0.071897,39064.6,0,39064.6
5,0.006144,-0.0764432,39064.8,0,39064.8
5,0.00622933,-0.0807766,39064.9,0,39064.9
5,0.00631467,-0.0846605,39065,0,39065
5,0.0064,-0.0878265,39065.2,0,39065.2
5,0.00648533,-0.0900217,39065.3,0,39065.3
5,0.00657067,-0.0910944,39065.5,0,39065.5
5,0.006656,-0.0911343,39065.6,0,39065.6
5,0.00674133,-0.0907104,39065.8,0,39065.8
5,0.00682667,-0.0912042,39066,0,39066
5,0.006912,-0.0950394,39066.1,0,39066.1
5,0.00699733,-0.105284,39066.3,0,39066.3
5,0.00708267,-0.124325,39066.5,0,39066.5
5,0.007168,-0.152458,39066.7,0,39066.7
5,0.00725333,-0.187797,39067,0,39067
5,0.00733867,-0.227571,39067.3,0,39067.3
5,0.007424,-0.269425,39067.8,0,39067.8
5,0.00750933,-0.311669,39068.3,0,39068.3
5,0.00759467,-0.352607,39068.8,0,39068.8
5,0.00768,-0.389715,39069.5,0,39069.5
5,0.00776533,-0.418184,39070.2,0,39070.2
5,0.00785067,-0.393229,39071,0,39071
5,0.007936,0.575859,39071.9,0,39071.9
5,0.00802133,3.54224,39065.2,0,39065.2
5,0.00810667,-0.206811,39064.1,0,39064.1
5,0.008192,-0.32067,39065,0,39065
5,0.00827733,-0.167141,39065.5,0,39065.5
5,0.00836267,-0.00395329,39065.6,0,39065.6
5,0.008448,0.220937,39065.5,0,39065.5
5,0.00853333,0.403149,39064.8,0,39064.8
5,0.00861867,0.350859,39064.1,0,39064.1
5,0.008704,0.490426,39063.6,0,39063.6
5,0.00878933,0.855169,39062.1,0,39062.1
5,0.00887467,-0.498974,39061.2,0,39061.2
5,0.00896,-3.57522,39063.4,0,39063.4
5,0.00904533,-29.4844,39055.5,0,39055.5
5,0.00913067,-2.92796,39048.1,0,39048.1
5,0.009216,-1.38717,39050.4,0,39050.4
5,0.00930133,-1.05131,39052.4,0,39052.4
5,0.00938667,-0.753369,39053.9,0,39053.9
5,0.009472,-1.10337,39055.1,0,39055.1
5,0.00955733,3.13173,39059.2,0,39059.2
5,0.00964267,-22.1947,39018.8,0,39018.8
5,0.009728,-3.15869,39033.6,0,39033.6
5,0.00981333,-3.1897,39038.3,0,39038.3
5,0.00989867,-1.84588,39043.1,0,39043.1
5,0.009984,-1.41281,39045.3,0,39045.3
5,0.0100693,-1.63209,39048,0,39048
5,0.0101547,-0.873674,39050.6,0,39050.6
5,0.01024,-0.219132,39051,0,39051
5,0.0103253,-1.02797,39051.8,0,39051.8
5,0.0104107,3.03241,39058.2,0,39058.2
5,0.010496,-1.5562,39041.9,0,39041.9
5,0.0105813,-1.98053,39047,0,39047
5,0.0106667,-0.99933,39050,0,39050
5,0.010752,0.689041,39050.3,0,39050.3
5,0.0108373,2.23536,39047.8,0,39047.8
5,0.0109227,5.11282,39037.4,0,39037.4
5,0.011008,4.17462,39059.3,0,39059.3
5,0.0110933,1.64377,39053.2,0,39053.2
5,0.0111787,1.10343,39051.2,0,39051.2
5,0.011264,2.9366,39047.5,0,39047.5
5,0.0113493,5.0436,39071.1,0,39071.1
5,0.0114347,2.16433,39058.2,0,39058.2
5,0.01152,-8.07414,39064.8,0,39064.8
5,0.0116053,0.966766,39069.7,0,39069.7
5,0.0116907,1.20419,39066.6,0,39066.6
5,0.011776,0.624635,39064.9,0,39064.9
5,0.0118613,-0.269389,39064.4,0,39064.4
5,0.0119467,-0.754347,39066,0,39066
5,0.012032,0.678235,39066.5,0,39066.5
5,0.0121173,2.10498,39064.1,0,39064.1
5,0.0122027,4.35093,39060,0,39060
5,0.012288,16.1115,39054,0,39054
5,0.0123733,26.0836,39086.9,0,39086.9
5,0.0124587,5.16889,39084.5,0,39084.5
5,0.012544,2.60588,39080.3,0,39080.3
5,0.0126293,1.78563,39076.9,0,39076.9
5,0.0127147,1.30914,39074.3,0,39074.3
6,0,-0.00436444,39062.8,0,39062.8
6,8.53333e-05,-0.00451814,39062.8,0,39062.8
6,0.000170667,-0.00467882,39062.8,0,39062.8
6,0.000256,-0.00484704,39062.8,0,39062.8
6,0.000341333,-0.00502306,39062.8,0,39062.8
6,0.000426667,-0.0052073,39062.8,0,39062.8
6,0.000512,-0.00540034,39062.9,0,39062.9
6,0.000597333,-0.00560262,39062.9,0,39062.9
6,0.000682667,-0.00581464,39062.9,0,39062.9
6,0.000768,-0.00603717,39062.9,0,39062.9
6,0.000853333,-0.0062707,39062.9,0,39062.9
6,0.000938667,-0.00651601,39062.9,0,39062.9
6,0.001024,-0.0067736,39062.9,0,39062.9
6,0.00110933,-0.00704452,39062.9,0,39062.9
6,0.00119467,-0.00732948,39062.9,0,39062.9
6,0.00128,-0.00762941,39063,0,39063
6,0.00136533,-0.00794543,39063,0,39063
6,0.00145067,-0.00827832,39063,0,39063
6,0.001536,-0.00862938,39063,0,39063
6,0.00162133,-0.00899989,39063,0,39063
6,0.00170667,-0.00939124,39063,0,39063
6,0.001792,-0.00980462,39063,0,39063
6,0.00187733,-0.0102419,39063.1,0,39063.1
6,0.00196267,-0.0107045,39063.1,0,39063.1
6,0.002048,-0.0111944,39063.1,0,39063.1
6,0.00213333,-0.0117138,39063.1,0,39063.1
6,0.00221867,-0.0122648,39063.1,0,39063.1
6,0.002304,-0.0128496,39063.2,0,39063.2
6,0.00238933,-0.0134712,39063.2,0,39063.2
6,0.00247467,-0.0141323,39063.2,0,39063.2
6,0.00256,-0.0148361,39063.2,0,39063.2
6,0.00264533,-0.0155863,39063.3,0,39063.3
6,0.00273067,-0.0163866,39063.3,0,39063.3
6,0.002816,-0.0172409,39063.3,0,39063.3
6,0.00290133,-0.0181543,39063.3,0,39063.3
6,0.00298667,-0.0191321,39063.4,0,39063.4
6,0.003072,-0.0201795,39063.4,0,39063.4
6,0.00315733,-0.021303,39063.4,0,39063.4
6,0.00324267,-0.0225096,39063.5,0,39063.5
6,0.003328,-0.0238071,39063.5,0,39063.5
6,0.00341333,-0.0252035,39063.6,0,39063.6
6,0.00349867,-0.0267082,39063.6,0,39063.6
6,0.003584,-0.0283312,39063.6,0,39063.6
6,0.00366933,-0.0300831,39063.7,0,39063.7
6,0.00375467,-0.0319744,39063.8,0,39063.8
6,0.00384,-0.0340168,39063.8,0,39063.8
6,0.00392533,-0.0362204,39063.9,0,39063.9
6,0.00401067,-0.0385934,39063.9,0,39063.9
6,0.004096,-0.0411395,39064,0,39064
6,0.00418133,-0.0438551,39064.1,0,39064.1
6,0.00426667,-0.046723,39064.1,0,39064.1
6,0.004352,-0.0497037,39064.2,0,39064.2
6,0.00443733,-0.052723,39064.3,0,39064.3
6,0.00452267,-0.0556553,39064.4,0,39064.4
6,0.004608,-0.0583036,39064.5,0,39064.5
6,0.00469333,-0.0603853,39064.6,0,39064.6
6,0.00477867,-0.0615424,39064.7,0,39064.7
6,0.004864,-0.0614147,39064.8,0,39064.8
6,0.00494933,-0.0598235,39064.9,0,39064.9
6,0.00503467,-0.0570768,39065,0,39065
6,0.00512,-0.0542544,39065.1,0,39065.1
6,0.00520533,-0.0531182,39065.2,0,39065.2
6,0.00529067,-0.055371,39065.3,0,39065.3
6,0.005376,-0.0616532,39065.4,0,39065.4
6,0.00546133,-0.0712301,39065.5,0,39065.5
6,0.00554667,-0.0827348,39065.6,0,39065.6
6,0.005632,-0.0952616,39065.8,0,39065.8
6,0.00571733,-0.109033,39066,0,39066
6,0.00580267,-0.125421,39066.2,0,39066.2
6,0.005888,-0.146305,39066.4,0,39066.4
6,0.00597333,-0.172946,39066.7,0,39066.7
6,0.00605867,-0.205204,39067,0,39067
6,0.006144,-0.242019,39067.4,0,39067.4
6,0.00622933,-0.282835,39067.8,0,39067.8
6,0.00631467,-0.328718,39068.3,0,39068.3
6,0.0064,-0.382433,39068.9,0,39068.9
6,0.00648533,-0.447387,39069.6,0,39069.6
6,0.00657067,-0.523302,39070.5,0,39070.5
6,0.006656,-0.585618,39071.4,0,39071.4
6,0.00674133,-0.501304,39072.5,0,39072.5
6,0.00682667,0.147769,39073.1,0,39073.1
6,0.006912,1.04714,39071.6,0,39071.6
6,0.00699733,0.00922431,39070.2,0,39070.2
6,0.00708267,-0.880009,39071.4,0,39071.4
6,0.007168,-0.284345,39073.4,0,39073.4
6,0.00725333,3.05136,39070.5,0,39070.5
6,0.00733867,1.74231,39066,0,39066
6,0.007424,0.665611,39063.7,0,39063.7
6,0.00750933,-0.434928,39063.8,0,39063.8
6,0.00759467,-0.890925,39065,0,39065
6,0.00768,-1.59631,39066.8,0,39066.8
6,0.00776533,-4.02058,39070.7,0,39070.7
6,0.00785067,-38.7519,39053.4,0,39053.4
6,0.007936,-2.02535,39058.2,0,39058.2
6,0.00802133,0.984146,39057.5,0,39057.5
6,0.00810667,1.02747,39055.4,0,39055.4
6,0.008192,0.72263,39053.6,0,39053.6
6,0.00827733,0.188882,39053.1,0,39053.1
6,0.00836267,0.955714,39053.1,0,39053.1
6,0.008448,4.22151,39048,0,39048
6,0.00853333,2.11143,39040.3,0,39040.3
6,0.00861867,2.85461,39065.5,0,39065.5
6,0.008704,-5.69687,39041.5,0,39041.5
6,0.00878933,5.40317,39032.5,0,39032.5
6,0.00887467,11.9689,39053.5,0,39053.5
6,0.00896,3.25128,39041.5,0,39041.5
6,0.00904533,0.922243,39038.5,0,39038.5
6,0.00913067,0.00218149,39038.3,0,39038.3
6,0.009216,0.129965,39038.3,0,39038.3
6,0.00930133,2.85508,39027.9,0,39027.9
6,0.00938667,-14.574,39055.5,0,39055.5
6,0.009472,-6.31316,39040,0,39040
6,0.00955733,-2.27279,39044.2,0,39044.2
6,0.00964267,0.0127722,39045.5,0,39045.5
6,0.009728,0.149499,39044.4,0,39044.4
6,0.00981333,-1.04036,39045.3,0,39045.3
6,0.00989867,-0.751118,39047.3,0,39047.3
6,0.009984,-0.595221,39048.1,0,39048.1
6,0.0100693,-0.910526,39049.4,0,39049.4
6,0.0101547,-0.622558,39051.1,0,39051.1
6,0.01024,-0.100313,39051.5,0,39051.5
6,0.0103253,-0.157695,39051.5,0,39051.5
6,0.0104107,-0.422264,39052,0,39052
6,0.010496,-0.756853,39053,0,39053
6,0.0105813,-1.30176,39054.6,0,39054.6
6,0.0106667,-1.03606,39057.7,0,39057.7
6,0.010752,0.950213,39057.6,0,39057.6
6,0.0108373,1.92493,39054.7,0,39054.7
6,0.0109227,0.361828,39048.8,0,39048.8
6,0.011008,0.240009,39062.6,0,39062.6
6,0.0110933,0.956128,39058.2,0,39058.2
6,0.0111787,0.241417,39056.4,0,39056.4
6,0.011264,-0.785929,39057,0,39057
6,0.0113493,-3.92948,39069.2,0,39069.2
6,0.0114347,1.36484,39063.6,0,39063.6
6,0.01152,-6.01821,39068.7,0,39068.7
6,0.0116053,0.639263,39073.2,0,39073.2
6,0.0116907,1.14874,39070.4,0,39070.4
6,0.011776,0.68994,39068.7,0,39068.7
6,0.0118613,-0.0256606,39068.1,0,39068.1
6,0.0119467,-0.347455,39069,0,39069
6,0.012032,0.970927,39068.7,0,39068.7
6,0.0121173,1.96798,39066,0,39066
6,0.0122027,2.8835,39062.2,0,39062.2
6,0.012288,8.98738,39053.7,0,39053.7
6,0.0123733,18.3251,39103.9,0,39104
6,0.0124587,3.7813,39085.8,0,39085.8
6,0.012544,2.3381,39081.4,0,39081.4
6,0.0126293,1.72575,39078.1,0,39078.1
6,0.0127147,1.30334,39075.6,0,39075.6
7,0,-0.00859446,39063,0,39063
7,8.53333e-05,-0.00892856,39063,0,39063
7,0.000170667,-0.00927939,39063.1,0,39063.1
7,0.000256,-0.00964805,39063.1,0,39063.1
7,0.000341333,-0.0100358,39063.1,0,39063.1
7,0.000426667,-0.0104437,39063.1,0,39063.1
7,0.000512,-0.010873,39063.1,0,39063.1
7,0.000597333,-0.0113252,39063.2,0,39063.2
7,0.000682667,-0.0118019,39063.2,0,39063.2
7,0.000768,-0.0123046,39063.2,0,39063.2
7,0.000853333,-0.012835,39063.2,0,39063.2
7,0.000938667,-0.0133951,39063.2,0,39063.2
7,0.001024,-0.0139874,39063.3,0,39063.3
7,0.00110933,-0.0146136,39063.3,0,39063.3
7,0.00119467,-0.0152762,39063.3,0,39063.3
7,0.00128,-0.0159784,39063.3,0,39063.3
7,0.00136533,-0.0167226,39063.4,0,39063.4
7,0.00145067,-0.017512,39063.4,0,39063.4
7,0.001536,-0.0183504,39063.4,0,39063.4
7,0.00162133,-0.0192413,39063.5,0,39063.5
7,0.00170667,-0.020189,39063.5,0,39063.5
7,0.001792,-0.0211982,39063.5,0,39063.5
7,0.00187733,-0.0222734,39063.6,0,39063.6
7,0.00196267,-0.0234206,39063.6,0,39063.6
7,0.002048,-0.0246454,39063.6,0,39063.6
7,0.00213333,-0.0259545,39063.7,0,39063.7
7,0.00221867,-0.0273553,39063.7,0,39063.7
7,0.002304,-0.028855,39063.8,0,39063.8
7,0.00238933,-0.0304628,39063.8,0,39063.8
7,0.00247467,-0.0321875,39063.9,0,39063.9
7,0.00256,-0.0340391,39063.9,0,39063.9
7,0.00264533,-0.0360285,39064,0,39064
7,0.00273067,-0.038166,39064.1,0,39064.1
7,0.002816,-0.0404635,39064.1,0,39064.1
7,0.00290133,-0.0429312,39064.2,0,39064.2
7,0.00298667,-0.0455796,39064.3,0,39064.3
7,0.003072,-0.0484164,39064.4,0,39064.4
7,0.00315733,-0.0514453,39064.4,0,39064.4
7,0.00324267,-0.0546649,39064.5,0,39064.5
7,0.003328,-0.0580639,39064.6,0,39064.6
7,0.00341333,-0.0616189,39064.7,0,39064.7
7,0.00349867,-0.0652909,39064.8,0,39064.8
7,0.003584,-0.0690214,39065,0,39065
7,0.00366933,-0.0727367,39065.1,0,39065.1
7,0.00375467,-0.076359,39065.2,0,39065.2
7,0.00384,-0.0798327,39065.3,0,39065.3
7,0.00392533,-0.0831734,39065.5,0,39065.5
7,0.00401067,-0.0865186,39065.6,0,39065.6
7,0.004096,-0.0901589,39065.8,0,39065.8
7,0.00418133,-0.0944701,39065.9,0,39065.9
7,0.00426667,-0.0996926,39066.1,0,39066.1
7,0.004352,-0.105583,39066.3,0,39066.3
7,0.00443733,-0.111116,39066.5,0,39066.5
7,0.00452267,-0.114559,39066.6,0,39066.6
7,0.004608,-0.11429,39066.8,0,39066.8
7,0.00469333,-0.110539,39067,0,39067
7,0.00477867,-0.107339,39067.2,0,39067.2
7,0.004864,-0.112376,39067.4,0,39067.4
7,0.00494933,-0.133121,39067.6,0,39067.6
7,0.00503467,-0.172525,39067.9,0,39067.9
7,0.00512,-0.228189,39068.2,0,39068.2
7,0.00520533,-0.292591,39068.6,0,39068.6
7,0.00529067,-0.352602,39069.2,0,39069.2
7,0.005376,-0.396316,39069.8,0,39069.8
7,0.00546133,-0.457418,39070.5,0,39070.5
7,0.00554667,-0.723812,39071.4,0,39071.4
7,0.005632,-1.63326,39072.9,0,39072.9
7,0.00571733,-4.70323,39075.6,0,39075.6
7,0.00580267,-13.5481,39075.2,0,39075.2
7,0.005888,-9.88103,39067.4,0,39067.4
7,0.00597333,-3.41709,39070.1,0,39070.1
7,0.00605867,-1.5069,39073.4,0,39073.4
7,0.006144,1.49443,39073.6,0,39073.6
7,0.00622933,-1.41418,39071.7,0,39071.7
7,0.00631467,-3.47349,39075.9,0,39075.9
7,0.0064,-15.1147,39085.5,0,39085.5
7,0.00648533,-4.75331,39061.5,0,39061.5
7,0.00657067,-0.971843,39065,0,39065
7,0.006656,-2.1763,39065.1,0,39065.1
7,0.00674133,0.453313,39068.2,0,39068.2
7,0.00682667,-2.04881,39068,0,39068
7,0.006912,-7.5292,39084.9,0,39084.9
7,0.00699733,-15.719,39053.7,0,39053.7
7,0.00708267,-10.2539,39049.8,0,39049.8
7,0.007168,0.221948,39050.2,0,39050.2
7,0.00725333,5.74682,39049,0,39049
7,0.00733867,11.6387,39059.4,0,39059.4
7,0.007424,1.04201,39068.4,0,39068.4
7,0.00750933,-5.68284,39080.3,0,39080.3
7,0.00759467,3.34439,39008.7,0,39008.7
7,0.00768,16.3516,39039.9,0,39039.9
7,0.00776533,8.57513,39045.5,0,39045.5
7,0.00785067,-0.265867,39048.8,0,39048.8
7,0.007936,-0.548468,39050.8,0,39050.8
7,0.00802133,-0.356608,39051.7,0,39051.7
7,0.00810667,1.9086,39051.4,0,39051.4
7,0.008192,3.45106,39046.8,0,39046.8
7,0.00827733,0.669935,39040.7,0,39040.7
7,0.00836267,5.03329,39023.1,0,39023.1
7,0.008448,5.5522,39037.6,0,39037.6
7,0.00853333,1.93361,39036.3,0,39036.3
7,0.00861867,1.49307,39034.6,0,39034.6
7,0.008704,2.8136,39030.6,0,39030.6
7,0.00878933,-0.141804,39026,0,39026
7,0.00887467,-3.13778,39034.4,0,39034.4
7,0.00896,-1.73994,39036,0,39036
7,0.00904533,-0.743801,39039,0,39039
7,0.00913067,-0.0972309,39039.2,0,39039.2
7,0.009216,-0.190674,39039.2,0,39039.2
7,0.00930133,-2.4574,39039.9,0,39039.9
7,0.00938667,-0.981945,39046.4,0,39046.4
7,0.009472,-0.0733056,39045.7,0,39045.7
7,0.00955733,-0.859739,39046.5,0,39046.5
7,0.00964267,-0.628457,39048.2,0,39048.2
7,0.009728,-0.177218,39048.8,0,39048.8
7,0.00981333,-0.251723,39048.9,0,39048.9
7,0.00989867,-0.768348,39049.7,0,39049.7
7,0.009984,-1.19401,39051.4,0,39051.4
7,0.0100693,-1.48216,39053.8,0,39053.8
7,0.0101547,-1.06081,39056.4,0,39056.4
7,0.01024,-0.269414,39057.4,0,39057.4
7,0.0103253,-0.0680207,39057.4,0,39057.4
7,0.0104107,-0.247915,39057.6,0,39057.6
7,0.010496,-0.370043,39058.2,0,39058.2
7,0.0105813,-1.20904,39058.5,0,39058.5
7,0.0106667,-2.49638,39065.3,0,39065.3
7,0.010752,1.29363,39064.6,0,39064.6
7,0.0108373,1.6369,39061.4,0,39061.4
7,0.0109227,0.835784,39059,0,39059
7,0.011008,0.662453,39057.8,0,39057.8
7,0.0110933,-4.71128,39062.4,0,39062.4
7,0.0111787,-0.205301,39061.5,0,39061.5
7,0.011264,-2.18445,39067.6,0,39067.6
7,0.0113493,0.597061,39068.5,0,39068.5
7,0.0114347,1.51315,39064.6,0,39064.6
7,0.01152,-10.16,39076.9,0,39076.9
7,0.0116053,1.01445,39075.9,0,39075.9
7,0.0116907,1.08992,39073.5,0,39073.5
7,0.011776,0.824439,39071.8,0,39071.8
7,0.0118613,0.322728,39070.6,0,39070.6
7,0.0119467,-0.270979,39071.1,0,39071.1
7,0.012032,1.12574,39070.8,0,39070.8
7,0.0121173,1.98837,39067.6,0,39067.6
7,0.0122027,0.745181,39063.8,0,39063.8
7,0.012288,-3.13542,39063.9,0,39063.9
7,0.0123733,-8.42358,39086.1,0,39086.1
7,0.0124587,1.39111,39085.7,0,39085.7
7,0.012544,1.85609,39081.9,0,39081.9
7,0.0126293,1.56602,39078.9,0,39078.9
7,0.0127147,1.24653,39076.5,0,39076.5
8,0,-0.0176636,39063.5,0,39063.5
8,8.53333e-05,-0.0184289,39063.5,0,39063.5
8,0.000170667,-0.0192373,39063.6,0,39063.6
8,0.000256,-0.0200922,39063.6,0,39063.6
8,0.000341333,-0.0209971,39063.6,0,39063.6
8,0.000426667,-0.0219555,39063.7,0,39063.7
8,0.000512,-0.0229715,39063.7,0,39063.7
8,0.000597333,-0.0240498,39063.7,0,39063.7
8,0.000682667,-0.0251949,39063.8,0,39063.8
8,0.000768,-0.0264122,39063.8,0,39063.8
8,0.000853333,-0.0277079,39063.9,0,39063.9
8,0.000938667,-0.0290883,39063.9,0,39063.9
8,0.001024,-0.030561,39064,0,39064
8,0.00110933,-0.0321337,39064,0,39064
8,0.00119467,-0.0338157,39064.1,0,39064.1
8,0.00128,-0.035617,39064.1,0,39064.1
8,0.00136533,-0.0375488,39064.2,0,39064.2
8,0.00145067,-0.0396242,39064.3,0,39064.3
8,0.001536,-0.0418575,39064.3,0,39064.3
8,0.00162133,-0.0442648,39064.4,0,39064.4
8,0.00170667,-0.0468656,39064.5,0,39064.5
8,0.001792,-0.0496808,39064.6,0,39064.6
8,0.00187733,-0.052736,39064.7,0,39064.7
8,0.00196267,-0.0560592,39064.7,0,39064.7
8,0.002048,-0.059685,39064.8,0,39064.8
8,0.00213333,-0.0636522,39064.9,0,39064.9
8,0.00221867,-0.0680082,39065.1,0,39065.1
8,0.002304,-0.072808,39065.2,0,39065.2
8,0.00238933,-0.0781175,39065.3,0,39065.3
8,0.00247467,-0.0840157,39065.4,0,39065.4
8,0.00256,-0.0905968,39065.6,0,39065.6
8,0.00264533,-0.0979717,39065.8,0,39065.8
8,0.00273067,-0.10627,39065.9,0,39065.9
8,0.002816,-0.115634,39066.1,0,39066.1
8,0.00290133,-0.126211,39066.3,0,39066.3
8,0.00298667,-0.138113,39066.6,0,39066.6
8,0.003072,-0.151337,39066.8,0,39066.8
8,0.00315733,-0.165599,39067.1,0,39067.1
8,0.00324267,-0.179997,39067.4,0,39067.4
8,0.003328,-0.192491,39067.7,0,39067.7
8,0.00341333,-0.199428,39068,0,39068
8,0.00349867,-0.196414,39068.4,0,39068.4
8,0.003584,-0.183289,39068.7,0,39068.7
8,0.00366933,-0.172089,39069,0,39069
8,0.00375467,-0.179418,39069.3,0,39069.3
8,0.00384,-0.192348,39069.6,0,39069.6
8,0.00392533,-0.159445,39069.9,0,39069.9
8,0.00401067,-0.0491682,39070.1,0,39070.1
8,0.004096,0.039102,39070.1,0,39070.1
8,0.00418133,-0.0583996,39070,0,39070
8,0.00426667,-0.280558,39070.3,0,39070.3
8,0.004352,-0.444594,39071,0,39071
8,0.00443733,-0.51586,39071.8,0,39071.8
8,0.00452267,-0.651883,39072.7,0,39072.7
8,0.004608,-1.0068,39074,0,39074
8,0.00469333,-1.85262,39076.2,0,39076.2
8,0.00477867,-4.11663,39081.9,0,39081.9
8,0.004864,-6.12983,39057.4,0,39057.4
8,0.00494933,-1.75534,39070.9,0,39070.9
8,0.00503467,-0.289455,39071.8,0,39071.8
8,0.00512,-1.34453,39072.5,0,39072.5
8,0.00520533,-2.0333,39075.9,0,39075.9
8,0.00529067,-2.03047,39079.5,0,39079.5
8,0.005376,-0.277541,39087.9,0,39087.9
8,0.00546133,0.0189441,39066.7,0,39066.7
8,0.00554667,3.46924,39065.3,0,39065.3
8,0.005632,1.11676,39057.1,0,39057.1
8,0.00571733,-4.65657,39061.3,0,39061.3
8,0.00580267,7.34716,39037.6,0,39037.6
8,0.005888,-18.3528,39057.8,0,39057.8
8,0.00597333,-5.05672,39053.4,0,39053.4
8,0.00605867,18.9727,39049.6,0,39049.6
8,0.006144,5.29193,39068.3,0,39068.3
8,0.00622933,2.00045,39064.1,0,39064.1
8,0.00631467,1.88137,39061.6,0,39061.6
8,0.0064,2.88746,39057.7,0,39057.7
8,0.00648533,4.14379,39051.9,0,39051.9
8,0.00657067,6.88667,39043.5,0,39043.5
8,0.006656,23.5665,39045.5,0,39045.5
8,0.00674133,3.96049,39063.6,0,39063.6
8,0.00682667,2.433,39058,0,39058
8,0.006912,0.0508545,39055.8,0,39055.8
8,0.00699733,-32.2747,39066.7,0,39066.7
8,0.00708267,-4.8428,39037.3,0,39037.3
8,0.007168,-2.40964,39044.2,0,39044.2
8,0.00725333,1.76532,39046.5,0,39046.5
8,0.00733867,26.6216,39042.2,0,39042.2
8,0.007424,-8.21846,39036.2,0,39036.2
8,0.00750933,-1.88728,39033.5,0,39033.5
8,0.00759467,-6.79865,39045.4,0,39045.4
8,0.00768,6.67162,39014.5,0,39014.5
8,0.00776533,2.98823,39036.8,0,39036.8
8,0.00785067,2.13977,39040.8,0,39040.8
8,0.007936,2.5155,39036.7,0,39036.7
8,0.00802133,3.50888,39031.9,0,39031.9
8,0.00810667,7.13707,39004.3,0,39004.3
8,0.008192,5.05605,39039.7,0,39039.7
8,0.00827733,8.58824,39031.9,0,39031.9
8,0.00836267,14.3095,39031.6,0,39031.6
8,0.008448,5.81005,39041,0,39041
8,0.00853333,1.11584,39041.6,0,39041.6
8,0.00861867,0.882041,39040.9,0,39040.9
8,0.008704,1.83744,39038.8,0,39038.8
8,0.00878933,1.29844,39033.7,0,39033.7
8,0.00887467,-1.89809,39040.6,0,39040.6
8,0.00896,-1.22972,39039.6,0,39039.6
8,0.00904533,-0.625485,39042.6,0,39042.6
8,0.00913067,-0.000973464,39042.6,0,39042.6
8,0.009216,-0.190457,39042.5,0,39042.5
8,0.00930133,-2.79438,39043.1,0,39043.1
8,0.00938667,-0.887232,39050.8,0,39050.8
8,0.009472,0.119499,39049.5,0,39049.5
8,0.00955733,-1.00955,39050.2,0,39050.2
8,0.00964267,-1.57052,39052.5,0,39052.5
8,0.009728,-1.2199,39055.7,0,39055.7
8,0.00981333,-0.565299,39056.7,0,39056.7
8,0.00989867,-0.630948,39057.7,0,39057.7
8,0.009984,-0.734739,39058.8,0,39058.8
8,0.0100693,-1.01119,39060.3,0,39060.3
8,0.0101547,-0.818347,39062.2,0,39062.2
8,0.01024,-0.148535,39063,0,39063
8,0.0103253,0.117059,39062.8,0,39062.8
8,0.0104107,-0.0626559,39062.6,0,39062.6
8,0.010496,-0.270473,39063,0,39063
8,0.0105813,-1.1011,39063,0,39063
8,0.0106667,-2.65486,39070.7,0,39070.7
8,0.010752,1.59775,39069.2,0,39069.2
8,0.0108373,1.82904,39065.6,0,39065.6
8,0.0109227,0.83682,39063,0,39063
8,0.011008,0.443565,39062.1,0,39062.1
8,0.0110933,-1.93577,39064.5,0,39064.5
8,0.0111787,0.90371,39061.9,0,39061.9
8,0.011264,-1.7668,39069.2,0,39069.2
8,0.0113493,-1.08362,39069.4,0,39069.4
8,0.0114347,1.71379,39068.1,0,39068.1
8,0.01152,-16.3273,39082.3,0,39082.3
8,0.0116053,1.66081,39079.9,0,39079.9
8,0.0116907,1.54779,39076.5,0,39076.5
8,0.011776,1.13637,39074.1,0,39074.1
8,0.0118613,0.439343,39072.5,0,39072.5
8,0.0119467,-0.631083,39073.3,0,39073.3
8,0.012032,1.21194,39073.3,0,39073.3
8,0.0121173,2.12073,39069.8,0,39069.8
8,0.0122027,1.24733,39065.9,0,39065.9
8,0.012288,-2.50914,39063.8,0,39063.8
8,0.0123733,-9.16587,39088.8,0,39088.8
8,0.0124587,1.45216,39087.5,0,39087.5
8,0.012544,1.9117,39083.7,0,39083.7
8,0.0126293,1.66649,39080.5,0,39080.5
8,0.0127147,1.33256,39078,0,39078
9,0,-0.0367196,39064.4,0,39064.4
9,8.53333e-05,-0.0384537,39064.4,0,39064.4
9,0.000170667,-0.0402932,39064.5,0,39064.5
9,0.000256,-0.0422459,39064.6,0,39064.6
9,0.000341333,-0.0443199,39064.6,0,39064.6
9,0.000426667,-0.0465254,39064.7,0,39064.7
9,0.000512,-0.0488714,39064.8,0,39064.8
9,0.000597333,-0.0513694,39064.9,0,39064.9
9,0.000682667,-0.0540313,39065,0,39065
9,0.000768,-0.0568697,39065.1,0,39065.1
9,0.000853333,-0.0598992,39065.2,0,39065.2
9,0.000938667,-0.0631345,39065.3,0,39065.3
9,0.001024,-0.0665926,39065.4,0,39065.4
9,0.00110933,-0.0702913,39065.5,0,39065.5
9,0.00119467,-0.0742509,39065.6,0,39065.6
9,0.00128,-0.0784922,39065.8,0,39065.8
9,0.00136533,-0.0830388,39065.9,0,39065.9
9,0.00145067,-0.0879157,39066,0,39066
9,0.001536,-0.0931519,39066.2,0,39066.2
9,0.00162133,-0.0987784,39066.4,0,39066.4
9,0.00170667,-0.104831,39066.5,0,39066.5
9,0.001792,-0.111349,39066.7,0,39066.7
9,0.00187733,-0.118382,39066.9,0,39066.9
9,0.00196267,-0.125986,39067.1,0,39067.1
9,0.002048,-0.134229,39067.3,0,39067.3
9,0.00213333,-0.143198,39067.6,0,39067.6
9,0.00221867,-0.152994,39067.8,0,39067.8
9,0.002304,-0.163738,39068.1,0,39068.1
9,0.00238933,-0.175567,39068.4,0,39068.4
9,0.00247467,-0.188624,39068.7,0,39068.7
9,0.00256,-0.20304,39069,0,39069
9,0.00264533,-0.218913,39069.4,0,39069.4
9,0.00273067,-0.236262,39069.8,0,39069.8
9,0.002816,-0.254978,39070.2,0,39070.2
9,0.00290133,-0.27472,39070.6,0,39070.6
9,0.00298667,-0.294677,39071.1,0,39071.1
9,0.003072,-0.312923,39071.7,0,39071.7
9,0.00315733,-0.324839,39072.2,0,39072.2
9,0.00324267,-0.320156,39072.8,0,39072.8
9,0.003328,-0.281942,39073.3,0,39073.3
9,0.00341333,-0.204899,39073.7,0,39073.7
9,0.00349867,-0.144487,39074,0,39074
9,0.003584,-0.175889,39074.2,0,39074.2
9,0.00366933,-0.249525,39074.6,0,39074.6
9,0.00375467,-0.278598,39075.1,0,39075.1
9,0.00384,-0.226516,39075.6,0,39075.6
9,0.00392533,-0.0143038,39075.9,0,39075.9
9,0.00401067,0.605658,39075.6,0,39075.6
9,0.004096,1.44221,39073.6,0,39073.6
9,0.00418133,0.857112,39071,0,39071
9,0.00426667,-0.0190681,39070.5,0,39070.5
9,0.004352,-0.37536,39071,0,39071
9,0.00443733,-0.512393,39071.8,0,39071.8
9,0.00452267,-0.685719,39072.8,0,39072.8
9,0.004608,-1.01138,39074.2,0,39074.2
9,0.00469333,-0.946604,39076.2,0,39076.2
9,0.00477867,-0.671294,39077.4,0,39077.4
9,0.004864,-0.975412,39078.5,0,39078.5
9,0.00494933,-1.99646,39080.5,0,39080.5
9,0.00503467,-7.79572,39082.7,0,39082.7
9,0.00512,-6.03447,39061.5,0,39061.5
9,0.00520533,-0.968924,39053.1,0,39053.1
9,0.00529067,-0.582844,39055.2,0,39055.2
9,0.005376,-1.0511,39055.3,0,39055.3
9,0.00546133,-6.89983,39062.8,0,39062.8
9,0.00554667,-3.52551,39080.2,0,39080.2
9,0.005632,-1.56188,39051.5,0,39051.5
9,0.00571733,0.442336,39052.9,0,39052.9
9,0.00580267,0.433979,39052.1,0,39052.1
9,0.005888,6.17251,39043.7,0,39043.7
9,0.00597333,3.12635,39043,0,39043
9,0.00605867,16.522,39044.1,0,39044.1
9,0.006144,5.30435,39057.8,0,39057.8
9,0.00622933,-5.92176,39050.3,0,39050.3
9,0.00631467,-8.90618,39028,0,39028
9,0.0064,-3.452,39035,0,39035
9,0.00648533,3.05102,39036.3,0,39036.3
9,0.00657067,5.03462,39026.6,0,39026.6
9,0.006656,42.191,39019.2,0,39019.2
9,0.00674133,0.584781,39042.9,0,39042.9
9,0.00682667,1.22885,39008,0,39008
9,0.006912,-0.284771,39025.8,0,39025.8
9,0.00699733,0.0382192,39025.3,0,39025.3
9,0.00708267,2.1018,39024.9,0,39024.9
9,0.007168,-0.34327,39022.5,0,39022.5
9,0.00725333,5.77907,39023,0,39023
9,0.00733867,21.0955,39031.8,0,39031.8
9,0.007424,6.91876,39028.7,0,39028.7
9,0.00750933,2.54085,39022.4,0,39022.4
9,0.00759467,3.56572,39020.3,0,39020.3
9,0.00768,14.5223,39006.7,0,39006.7
9,0.00776533,16.2795,39049.1,0,39049.1
9,0.00785067,1.14031,39042.1,0,39042.1
9,0.007936,1.1004,39040.4,0,39040.4
9,0.00802133,1.31932,39038.6,0,39038.6
9,0.00810667,2.08443,39035.7,0,39035.7
9,0.008192,2.38419,39032,0,39032
9,0.00827733,4.87942,39028.3,0,39028.3
9,0.00836267,17.9851,39030.6,0,39030.6
9,0.008448,5.35767,39040.9,0,39040.9
9,0.00853333,0.577757,39039.1,0,39039.1
9,0.00861867,-3.71858,39044.8,0,39044.8
9,0.008704,0.78601,39045.6,0,39045.6
9,0.00878933,-0.107479,39043.3,0,39043.3
9,0.00887467,-2.85485,39048.5,0,39048.5
9,0.00896,-1.37575,39050.6,0,39050.6
9,0.00904533,-0.503572,39052.9,0,39052.9
9,0.00913067,0.149279,39052.7,0,39052.7
9,0.009216,-0.130051,39052.5,0,39052.5
9,0.00930133,-1.25741,39052.8,0,39052.8
9,0.00938667,-1.43689,39057.7,0,39057.7
9,0.009472,0.0601448,39057.5,0,39057.5
9,0.00955733,-1.03941,39058.1,0,39058.1
9,0.00964267,-1.45253,39060,0,39060
9,0.009728,-1.4125,39064.3,0,39064.3
9,0.00981333,-0.0686983,39064.5,0,39064.5
9,0.00989867,-0.313135,39064.7,0,39064.7
9,0.009984,-0.477855,39065.4,0,39065.4
9,0.0100693,-0.670729,39066.4,0,39066.4
9,0.0101547,-0.52824,39067.7,0,39067.7
9,0.01024,0.0599402,39068.1,0,39068.1
9,0.0103253,0.311591,39067.5,0,39067.5
9,0.0104107,0.0627684,39067.1,0,39067.1
9,0.010496,-0.107745,39067.3,0,39067.3
9,0.0105813,0.11754,39066.8,0,39066.8
9,0.0106667,-8.31707,39074,0,39074
9,0.010752,2.2991,39074.7,0,39074.7
9,0.0108373,2.37614,39069.6,0,39069.6
9,0.0109227,0.768757,39066.4,0,39066.4
9,0.011008,0.347369,39066.4,0,39066.4
9,0.0110933,-1.31455,39068.2,0,39068.2
9,0.0111787,2.80968,39063.1,0,39063.1
9,0.011264,0.188872,39076.6,0,39076.6
9,0.0113493,-1.22288,39072.7,0,39072.7
9,0.0114347,3.07505,39071.4,0,39071.4
9,0.01152,-17.1153,39053.1,0,39053.1
9,0.0116053,2.79911,39084,0,39084
9,0.0116907,2.041,39079.5,0,39079.5
9,0.011776,1.53738,39076.5,0,39076.5
9,0.0118613,0.852088,39074.1,0,39074.1
9,0.0119467,-1.31395,39074.9,0,39074.9
9,0.012032,1.21527,39075.7,0,39075.7
9,0.0121173,2.07996,39072.1,0,39072.1
9,0.0122027,0.69271,39068.4,0,39068.4
9,0.012288,-2.68219,39069.7,0,39069.7
9,0.0123733,-7.34103,39079.2,0,39079.2
9,0.0124587,-0.340581,39088.5,0,39088.5
9,0.012544,1.74213,39085.3,0,39085.3
9,0.0126293,1.70581,39082,0,39082
9,0.0127147,1.38284,39079.3,0,39079.3
10,0,-0.0798928,39066.1,0,39066.1
10,8.53333e-05,-0.0842776,39066.3,0,39066.3
10,0.000170667,-0.0890081,39066.4,0,39066.4
10,0.000256,-0.094127,39066.6,0,39066.6
10,0.000341333,-0.0996846,39066.7,0,39066.7
10,0.000426667,-0.105743,39066.9,0,39066.9
10,0.000512,-0.112379,39067.1,0,39067.1
10,0.000597333,-0.119687,39067.3,0,39067.3
10,0.000682667,-0.127787,39067.5,0,39067.5
10,0.000768,-0.136837,39067.7,0,39067.7
10,0.000853333,-0.147045,39068,0,39068
10,0.000938667,-0.158692,39068.2,0,39068.2
10,0.001024,-0.172169,39068.5,0,39068.5
10,0.00110933,-0.188031,39068.8,0,39068.8
10,0.00119467,-0.207086,39069.2,0,39069.2
10,0.00128,-0.230518,39069.5,0,39069.5
10,0.00136533,-0.260047,39069.9,0,39069.9
10,0.00145067,-0.297982,39070.4,0,39070.4
10,0.001536,-0.346411,39071,0,39071
10,0.00162133,-0.402237,39071.6,0,39071.6
10,0.00170667,-0.434529,39072.3,0,39072.3
10,0.001792,-0.306536,39073.1,0,39073.1
10,0.00187733,0.217454,39073.3,0,39073.3
10,0.00196267,0.334465,39072.4,0,39072.4
10,0.002048,0.158269,39072.2,0,39072.2
10,0.00213333,0.339679,39071.6,0,39071.6
10,0.00221867,-0.0999666,39071.3,0,39071.3
10,0.002304,-0.325192,39071.8,0,39071.8
10,0.00238933,-0.392875,39072.5,0,39072.5
10,0.00247467,-0.418065,39073.2,0,39073.2
10,0.00256,-0.419126,39073.9,0,39073.9
10,0.00264533,-0.416915,39074.6,0,39074.6
10,0.00273067,-0.421312,39075.3,0,39075.3
10,0.002816,-0.429376,39076.1,0,39076.1
10,0.00290133,-0.438211,39076.8,0,39076.8
10,0.00298667,-0.450458,39077.5,0,39077.5
10,0.003072,-0.465319,39078.3,0,39078.3
10,0.00315733,-0.464393,39079.1,0,39079.1
10,0.00324267,-0.38448,39079.9,0,39079.9
10,0.003328,-0.0852298,39080.4,0,39080.4
10,0.00341333,0.403825,39080.1,0,39080.1
10,0.00349867,0.304611,39079.2,0,39079.2
10,0.003584,-0.372027,39079.1,0,39079.1
10,0.00366933,-0.886543,39080.5,0,39080.5
10,0.00375467,0.0882187,39082,0,39082
10,0.00384,0.497979,39079.9,0,39079.9
10,0.00392533,-0.152694,39080.3,0,39080.3
10,0.00401067,-0.342016,39080.4,0,39080.4
10,0.004096,-1.06756,39081.7,0,39081.7
10,0.00418133,-0.753083,39083.9,0,39083.9
10,0.00426667,0.225269,39083.5,0,39083.5
10,0.004352,-1.61912,39085.1,0,39085.1
10,0.00443733,11.9121,39082.8,0,39082.8
10,0.00452267,-16.019,39072.9,0,39072.9
10,0.004608,-21.6646,39058.7,0,39058.7
10,0.00469333,2.38585,39042.3,0,39042.3
10,0.00477867,19.2398,39036.5,0,39036.5
10,0.004864,13.3719,39038.5,0,39038.5
10,0.00494933,16.471,39030.5,0,39030.5
10,0.00503467,35.1981,39035.9,0,39036
10,0.00512,15.3324,39034.8,0,39034.8
10,0.00520533,7.97356,39025.4,0,39025.4
10,0.00529067,3.7798,39051.3,0,39051.3
10,0.005376,-6.15739,39050.2,0,39050.2
10,0.00546133,-14.0684,39044.9,0,39044.9
10,0.00554667,-4.80169,39038,0,39038
10,0.005632,-1.67374,39038.3,0,39038.3
10,0.00571733,5.38522,39034.8,0,39034.8
10,0.00580267,-2.63376,39036.9,0,39036.9
10,0.005888,16.4071,39032.5,0,39032.5
10,0.00597333,5.38978,39049,0,39049
10,0.00605867,11.8681,38999.2,0,38999.2
10,0.006144,7.16796,39015.7,0,39015.7
10,0.00622933,1.5116,39009.6,0,39009.6
10,0.00631467,-13.8722,39036.9,0,39036.9
10,0.0064,-5.30027,39007.8,0,39007.8
10,0.00648533,1.11859,39007.2,0,39007.2
10,0.00657067,6.36266,39003.2,0,39003.2
10,0.006656,19.4912,39003.9,0,39003.9
10,0.00674133,5.60384,39010.8,0,39010.8
10,0.00682667,0.605955,39008.6,0,39008.6
10,0.006912,-3.39771,39014.7,0,39014.7
10,0.00699733,-5.3862,38997.4,0,38997.4
10,0.00708267,-3.64654,39007.3,0,39007.3
10,0.007168,-4.84507,39015.1,0,39015.1
10,0.00725333,3.35918,39020.3,0,39020.3
10,0.00733867,23.3088,39034.2,0,39034.2
10,0.007424,2.60976,39032.9,0,39032.9
10,0.00750933,0.143799,39032.8,0,39032.8
10,0.00759467,2.25633,39032.3,0,39032.3
10,0.00768,5.53022,39020.3,0,39020.3
10,0.00776533,2.60724,39063.2,0,39063.2
10,0.00785067,1.49122,39051.8,0,39051.8
10,0.007936,3.67622,39045.7,0,39045.7
10,0.00802133,1.86301,39041.1,0,39041.1
10,0.00810667,-2.4763,39038.6,0,39038.6
10,0.008192,0.898421,39045.2,0,39045.2
10,0.00827733,3.57135,39041.4,0,39041.4
10,0.00836267,25.3652,39038.4,0,39038.4
10,0.008448,3.76218,39055.2,0,39055.2
10,0.00853333,0.150089,39053.3,0,39053.3
10,0.00861867,-2.38793,39057.2,0,39057.2
10,0.008704,0.518283,39058.2,0,39058.2
10,0.00878933,-0.105613,39056.5,0,39056.5
10,0.00887467,-1.60214,39059.4,0,39059.4
10,0.00896,-0.557219,39060.7,0,39060.7
10,0.00904533,-0.452521,39061.8,0,39061.8
10,0.00913067,0.00650949,39062,0,39062
10,0.009216,-0.39833,39062.1,0,39062.1
10,0.00930133,-0.788214,39063,0,39063
10,0.00938667,-0.498588,39065.1,0,39065.1
10,0.009472,0.282382,39064.4,0,39064.4
10,0.00955733,-1.68676,39065.1,0,39065.1
10,0.00964267,-1.08988,39066.8,0,39066.8
10,0.009728,-1.39831,39074.4,0,39074.4
10,0.00981333,0.880619,39072.1,0,39072.1
10,0.00989867,0.257664,39070.9,0,39070.9
10,0.009984,-0.186906,39070.9,0,39070.9
10,0.0100693,-0.609047,39071.7,0,39071.7
10,0.0101547,-0.363811,39072.9,0,39072.9
10,0.01024,0.448281,39072.8,0,39072.8
10,0.0103253,0.745915,39071.5,0,39071.5
10,0.0104107,0.339269,39070.3,0,39070.3
10,0.010496,-0.190214,39070.6,0,39070.6
10,0.0105813,1.29509,39070.2,0,39070.2
10,0.0106667,-15.366,39100.1,0,39100.1
10,0.010752,4.06818,39080.1,0,39080.1
10,0.0108373,3.23087,39073.3,0,39073.3
10,0.0109227,0.500844,39069,0,39069
10,0.011008,0.0190963,39071.4,0,39071.4
10,0.0110933,0.375107,39071.5,0,39071.5
10,0.0111787,7.61728,39064.5,0,39064.5
10,0.011264,10.6594,39083.8,0,39083.8
10,0.0113493,0.18882,39076.4,0,39076.4
10,0.0114347,5.33786,39073.7,0,39073.7
10,0.01152,26.6528,39077.4,0,39077.4
10,0.0116053,4.40037,39087.3,0,39087.3
10,0.0116907,2.61613,39082.5,0,39082.5
10,0.011776,2.05639,39078.7,0,39078.7
10,0.0118613,1.54142,39075.2,0,39075.2
10,0.0119467,-4.07798,39076.4,0,39076.4
10,0.012032,1.80322,39079,0,39079
10,0.0121173,2.37374,39074.3,0,39074.3
10,0.0122027,0.841673,39070.4,0,39070.4
10,0.012288,-2.20143,39071.2,0,39071.2
10,0.0123733,-6.53232,39081.1,0,39081.1
10,0.0124587,-0.860313,39089.2,0,39089.2
10,0.012544,1.6539,39086.7,0,39086.7
10,0.0126293,1.73338,39083.4,0,39083.4
10,0.0127147,1.41386,39080.6,0,39080.6
11,0,-0.182133,39069.8,0,39069.8
11,8.53333e-05,-0.192644,39070.2,0,39070.2
11,0.000170667,-0.20331,39070.5,0,39070.5
11,0.000256,-0.213522,39070.8,0,39070.8
11,0.000341333,-0.222138,39071.2,0,39071.2
11,0.000426667,-0.227185,39071.6,0,39071.6
11,0.000512,-0.225651,39072,0,39072
11,0.000597333,-0.213811,39072.4,0,39072.4
11,0.000682667,-0.18899,39072.7,0,39072.7
11,0.000768,-0.153104,39073,0,39073
11,0.000853333,-0.115298,39073.2,0,39073.2
11,0.000938667,-0.0884157,39073.4,0,39073.4
11,0.001024,-0.0785813,39073.5,0,39073.5
11,0.00110933,-0.0753177,39073.7,0,39073.7
11,0.00119467,-0.0533946,39073.8,0,39073.8
11,0.00128,0.0147123,39073.9,0,39073.9
11,0.00136533,0.145522,39073.7,0,39073.7
11,0.00145067,0.246941,39073.3,0,39073.3
11,0.001536,-0.980557,39072.6,0,39072.6
11,0.00162133,-2.74653,39079.4,0,39079.4
11,0.00170667,-0.322485,39080.2,0,39080.2
11,0.001792,-0.781087,39080.8,0,39080.8
11,0.00187733,-1.21694,39082.5,0,39082.5
11,0.00196267,-2.34448,39085,0,39085
11,0.002048,-9.77551,39094.7,0,39094.7
11,0.00213333,-5.90414,39072,0,39072
11,0.00221867,-1.97783,39078,0,39078
11,0.002304,-1.00286,39080.1,0,39080.1
11,0.00238933,-0.724135,39081.4,0,39081.4
11,0.00247467,-0.713049,39082.6,0,39082.6
11,0.00256,-0.12177,39083.7,0,39083.7
11,0.00264533,0.707316,39082.7,0,39082.7
11,0.00273067,0.0411557,39081.9,0,39081.9
11,0.002816,-0.322756,39082.3,0,39082.3
11,0.00290133,-0.569689,39083,0,39083
11,0.00298667,-0.868863,39084.2,0,39084.2
11,0.003072,-1.27353,39085.9,0,39085.9
11,0.00315733,-2.17524,39088.4,0,39088.4
11,0.00324267,-5.48699,39091.8,0,39091.8
11,0.003328,-14.3153,39090.8,0,39090.8
11,0.00341333,-7.44083,39083.5,0,39083.5
11,0.00349867,1.89557,39083.4,0,39083.4
11,0.003584,6.56249,39083.4,0,39083.4
11,0.00366933,-2.9314,39060.1,0,39060.1
11,0.00375467,-3.50806,39065.3,0,39065.3
11,0.00384,-11.8849,39067.2,0,39067.2
11,0.00392533,-6.21433,39049.9,0,39049.9
11,0.00401067,7.73489,39052.9,0,39052.9
11,0.004096,11.4819,39064.7,0,39064.7
11,0.00418133,7.45401,39063.2,0,39063.2
11,0.00426667,8.30439,39049.5,0,39049.5
11,0.004352,5.55842,39039.5,0,39039.5
11,0.00443733,4.42151,39029.6,0,39029.6
11,0.00452267,1.53778,39023.4,0,39023.4
11,0.004608,-4.42157,39036.8,0,39036.8
11,0.00469333,4.59498,39035.7,0,39035.7
11,0.00477867,16.8402,39023,0,39023.1
11,0.004864,-4.81909,39008.6,0,39008.6
11,0.00494933,1.51074,39003.4,0,39003.4
11,0.00503467,43.2491,39021.1,0,39021.1
11,0.00512,15.6635,39012,0,39012
11,0.00520533,7.85601,38996.5,0,38996.5
11,0.00529067,4.5954,39017.2,0,39017.2
11,0.005376,0.414905,39012.1,0,39012.1
11,0.00546133,-0.302069,39012.6,0,39012.6
11,0.00554667,1.35205,39013.9,0,39013.9
11,0.005632,4.96711,39001.3,0,39001.3
11,0.00571733,1.35834,38996.5,0,38996.5
11,0.00580267,-11.9145,38992.6,0,38992.6
11,0.005888,-7.2688,38981.7,0,38981.7
11,0.00597333,2.54045,38979.4,0,38979.4
11,0.00605867,12.1019,38982.4,0,38982.4
11,0.006144,6.80758,38995,0,38995
11,0.00622933,11.7187,38991.2,0,38991.2
11,0.00631467,15.3583,39012.6,0,39012.6
11,0.0064,5.12625,39003.6,0,39003.6
11,0.00648533,4.03591,38998.3,0,38998.3
11,0.00657067,6.55473,38989.8,0,38989.8
11,0.006656,-4.66972,38942.8,0,38942.8
11,0.00674133,-17.0062,39024.3,0,39024.3
11,0.00682667,5.83739,39023.2,0,39023.2
11,0.006912,2.39971,39014.8,0,39014.8
11,0.00699733,-0.837552,39014.7,0,39014.7
11,0.00708267,-3.52636,39017.3,0,39017.3
11,0.007168,-4.78192,39028,0,39028
11,0.00725333,0.486426,39032.2,0,39032.2
11,0.00733867,4.15054,39024,0,39024
11,0.007424,2.84379,39046.4,0,39046.4
11,0.00750933,0.105316,39042.4,0,39042.4
11,0.00759467,2.255,39042.5,0,39042.5
11,0.00768,11.0304,39030.8,0,39030.8
11,0.00776533,15.0409,39076.5,0,39076.5
11,0.00785067,2.57452,39061,0,39061
11,0.007936,2.0876,39058.3,0,39058.3
11,0.00802133,2.27594,39054.2,0,39054.2
11,0.00810667,-4.07968,39048.1,0,39048.1
11,0.008192,2.23,39061,0,39061
11,0.00827733,5.16415,39055.2,0,39055.2
11,0.00836267,19.555,39056,0,39056.1
11,0.008448,5.08321,39067.2,0,39067.2
11,0.00853333,0.716407,39065.2,0,39065.2
11,0.00861867,-2.51555,39069.2,0,39069.2
11,0.008704,1.23869,39069.1,0,39069.1
11,0.00878933,0.44033,39066.1,0,39066.1
11,0.00887467,-1.78244,39069.2,0,39069.2
11,0.00896,-0.767895,39070.4,0,39070.4
11,0.00904533,-0.182224,39071.9,0,39071.9
11,0.00913067,0.524588,39071.1,0,39071.1
11,0.009216,0.165021,39070.3,0,39070.3
11,0.00930133,-0.72058,39070.3,0,39070.3
11,0.00938667,-0.651071,39073.3,0,39073.3
11,0.009472,0.498719,39072.3,0,39072.3
11,0.00955733,-0.777118,39072.3,0,39072.3
11,0.00964267,-0.780632,39073.2,0,39073.2
11,0.009728,-1.77019,39078.4,0,39078.4
11,0.00981333,0.527322,39077.6,0,39077.6
11,0.00989867,0.17562,39076.8,0,39076.8
11,0.009984,-0.0691356,39076.8,0,39076.8
11,0.0100693,-0.28928,39077.1,0,39077.1
11,0.0101547,-0.203405,39077.8,0,39077.8
11,0.01024,0.370113,39077.7,0,39077.7
11,0.0103253,0.665732,39076.6,0,39076.6
11,0.0104107,0.375461,39075.5,0,39075.5
11,0.010496,0.0314007,39075.4,0,39075.4
11,0.0105813,0.707756,39074.6,0,39074.6
11,0.0106667,-14.1049,39084.6,0,39084.6
11,0.010752,3.05587,39082.8,0,39082.8
11,0.0108373,2.83358,39076.7,0,39076.7
11,0.0109227,0.830105,39072.9,0,39072.9
11,0.011008,0.41321,39073.4,0,39073.4
11,0.0110933,-0.825471,39074.6,0,39074.6
11,0.0111787,4.66115,39068.2,0,39068.2
11,0.011264,3.63124,39084.9,0,39084.9
11,0.0113493,-1.70118,39075.7,0,39075.7
11,0.0114347,3.78221,39077.8,0,39077.8
11,0.01152,30.0134,39058.2,0,39058.2
11,0.0116053,3.47491,39089.6,0,39089.6
11,0.0116907,2.40372,39084.8,0,39084.8
11,0.011776,1.87251,39081.2,0,39081.2
11,0.0118613,1.15377,39078.1,0,39078.1
11,0.0119467,-1.79306,39078.9,0,39078.9
11,0.012032,1.42971,39080.1,0,39080.1
11,0.0121173,2.27082,39076,0,39076
11,0.0122027,0.890153,39072,0,39072
11,0.012288,-2.3519,39072.9,0,39072.9
11,0.0123733,-6.81431,39083.4,0,39083.4
11,0.0124587,-0.475142,39091.2,0,39091.2
11,0.012544,1.71128,39088.3,0,39088.3
11,0.0126293,1.74005,39085,0,39085
11,0.0127147,1.43206,39082.3,0,39082.3
12,0,-0.365189,39076.8,0,39076.8
12,8.53333e-05,-0.390712,39077.4,0,39077.4
12,0.000170667,-0.419409,39078.1,0,39078.1
12,0.000256,-0.448482,39078.9,0,39078.9
12,0.000341333,-0.464505,39079.7,0,39079.7
12,0.000426667,-0.420722,39080.5,0,39080.5
12,0.000512,-0.213658,39081.1,0,39081.1
12,0.000597333,0.057082,39081.1,0,39081.1
12,0.000682667,-0.185747,39081,0,39081
12,0.000768,-0.537512,39081.7,0,39081.7
12,0.000853333,-0.627684,39082.8,0,39082.8
12,0.000938667,-0.559941,39083.9,0,39083.9
12,0.001024,-0.405078,39084.7,0,39084.7
12,0.00110933,-0.220772,39085.3,0,39085.3
12,0.00119467,-0.083384,39085.5,0,39085.5
12,0.00128,-0.0490764,39085.5,0,39085.5
12,0.00136533,-0.197823,39085.7,0,39085.7
12,0.00145067,-0.336884,39086.1,0,39086.1
12,0.001536,-1.42779,39086.8,0,39086.8
12,0.00162133,-2.38026,39092,0,39092
12,0.00170667,-0.618244,39093.9,0,39093.9
12,0.001792,-0.141259,39094.6,0,39094.6
12,0.00187733,0.665728,39093.7,0,39093.7
12,0.00196267,-0.394379,39093.4,0,39093.4
12,0.002048,0.39022,39094.6,0,39094.6
12,0.00213333,2.66291,39090.7,0,39090.7
12,0.00221867,-0.432845,39088.1,0,39088.1
12,0.002304,-2.22549,39090.9,0,39090.9
12,0.00238933,-2.74397,39096.3,0,39096.3
12,0.00247467,-6.75648,39096.1,0,39096.1
12,0.00256,-5.67222,39062.4,0,39062.4
12,0.00264533,-13.1966,39073.1,0,39073.1
12,0.00273067,-18.6522,39068.4,0,39068.4
12,0.002816,-0.925779,39067.3,0,39067.3
12,0.00290133,2.84695,39065.1,0,39065.1
12,0.00298667,9.4233,39056.3,0,39056.3
12,0.003072,7.5934,39080.4,0,39080.4
12,0.00315733,-21.8836,39097.8,0,39097.8
12,0.00324267,-0.266659,39070.2,0,39070.2
12,0.003328,-2.33698,39068.2,0,39068.2
12,0.00341333,-5.61494,39080.2,0,39080.2
12,0.00349867,-1.85958,39031.7,0,39031.7
12,0.003584,11.7897,39028.5,0,39028.5
12,0.00366933,14.4639,39041.2,0,39041.2
12,0.00375467,-0.100808,39037.7,0,39037.7
12,0.00384,-4.61576,39011.8,0,39011.8
12,0.00392533,15.8221,38991.1,0,38991.2
12,0.00401067,7.60434,39034.1,0,39034.1
12,0.004096,6.24472,39040,0,39040
12,0.00418133,-2.91965,39014.5,0,39014.5
12,0.00426667,1.27225,39012.8,0,39012.8
12,0.004352,3.00224,39011.7,0,39011.7
12,0.00443733,21.617,38992.2,0,38992.2
12,0.00452267,18.9182,38957.7,0,38957.7
12,0.004608,4.35487,38988,0,38988
12,0.00469333,2.44377,38976,0,38976
12,0.00477867,21.2491,38978.7,0,38978.7
12,0.004864,11.1276,38988.4,0,38988.4
12,0.00494933,18.9213,38976.6,0,38976.6
12,0.00503467,33.6727,38980.8,0,38980.8
12,0.00512,16.4735,38981.5,0,38981.5
12,0.00520533,13.5443,38969,0,38969
12,0.00529067,10.0454,38986.9,0,38986.9
12,0.005376,4.72346,38980.4,0,38980.4
12,0.00546133,-10.3815,38972.6,0,38972.6
12,0.00554667,2.70462,38979.4,0,38979.4
12,0.005632,1.20273,38975.4,0,38975.4
12,0.00571733,-0.0341667,38974.4,0,38974.4
12,0.00580267,-1.28954,38975.5,0,38975.5
12,0.005888,-2.04657,38980.8,0,38980.8
12,0.00597333,4.54892,38980.7,0,38980.7
12,0.00605867,10.8908,38981.9,0,38981.9
12,0.006144,4.54536,39002.6,0,39002.6
12,0.00622933,8.98718,38998.2,0,38998.2
12,0.00631467,16.8821,39016.5,0,39016.5
12,0.0064,0.498213,39009.9,0,39009.9
12,0.00648533,-0.269007,39009.7,0,39009.7
12,0.00657067,-8.09557,38991.4,0,38991.4
12,0.006656,10.5044,38953.2,0,38953.2
12,0.00674133,-14.914,39026.3,0,39026.3
12,0.00682667,5.07304,39030.9,0,39030.9
12,0.006912,1.32907,39025.5,0,39025.5
12,0.00699733,-0.510675,39025.9,0,39025.9
12,0.00708267,-2.28592,39026.9,0,39026.9
12,0.007168,-6.37769,39036.6,0,39036.6
12,0.00725333,5.37672,39044.2,0,39044.2
12,0.00733867,23.6029,39044.1,0,39044.1
12,0.007424,7.47555,39068,0,39068
12,0.00750933,1.93478,39059.3,0,39059.3
12,0.00759467,2.44027,39057.7,0,39057.7
12,0.00768,8.53568,39046.5,0,39046.5
12,0.00776533,10.5862,39093.7,0,39093.7
12,0.00785067,1.86961,39078.8,0,39078.8
12,0.007936,2.15299,39076.1,0,39076.1
12,0.00802133,2.34172,39071.8,0,39071.8
12,0.00810667,-3.07969,39067.6,0,39067.6
12,0.008192,2.00764,39076,0,39076
12,0.00827733,5.0402,39070,0,39070
12,0.00836267,22.8533,39068.4,0,39068.4
12,0.008448,4.99164,39080.6,0,39080.6
12,0.00853333,0.874054,39077.9,0,39077.9
12,0.00861867,-1.16243,39079.8,0,39079.8
12,0.008704,0.985909,39079.7,0,39079.7
12,0.00878933,0.44829,39077.4,0,39077.4
12,0.00887467,-0.736338,39078.7,0,39078.7
12,0.00896,-0.0755181,39079.1,0,39079.1
12,0.00904533,-0.0619286,39079.4,0,39079.4
12,0.00913067,0.322936,39078.9,0,39078.9
12,0.009216,-0.303423,39078.7,0,39078.7
12,0.00930133,-0.507357,39079.6,0,39079.6
12,0.00938667,0.0231233,39080.7,0,39080.7
12,0.009472,0.81237,39079.2,0,39079.2
12,0.00955733,-0.756051,39078.7,0,39078.7
12,0.00964267,-0.498174,39079.5,0,39079.5
12,0.009728,-1.72837,39085.7,0,39085.7
12,0.00981333,1.15702,39083.5,0,39083.5
12,0.00989867,0.47422,39081.8,0,39081.8
12,0.009984,-0.00612836,39081.5,0,39081.5
12,0.0100693,-0.451466,39081.9,0,39081.9
12,0.0101547,-0.277196,39083,0,39083
12,0.01024,0.571285,39082.8,0,39082.8
12,0.0103253,0.930715,39081.2,0,39081.2
12,0.0104107,0.563899,39079.6,0,39079.6
12,0.010496,0.263341,39079.5,0,39079.5
12,0.0105813,2.00864,39078.1,0,39078.1
12,0.0106667,28.666,39107.2,0,39107.2
12,0.010752,4.49355,39088.4,0,39088.4
12,0.0108373,3.52171,39081.3,0,39081.3
12,0.0109227,1.43796,39076.1,0,39076.1
12,0.011008,0.691971,39076.2,0,39076.2
12,0.0110933,-1.72661,39078.3,0,39078.3
12,0.0111787,6.88479,39072,0,39072
12,0.011264,11.1018,39092.2,0,39092.2
12,0.0113493,-1.07261,39079.7,0,39079.7
12,0.0114347,5.95354,39081.2,0,39081.2
12,0.01152,23.7701,39080.9,0,39080.9
12,0.0116053,4.58311,39091.2,0,39091.2
12,0.0116907,2.50006,39087.4,0,39087.4
12,0.011776,2.04224,39083.7,0,39083.7
12,0.0118613,1.42551,39080.2,0,39080.2
12,0.0119467,-2.85191,39081.2,0,39081.2
12,0.012032,1.75846,39083,0,39083
12,0.0121173,2.60193,39078.2,0,39078.2
12,0.0122027,0.953681,39073.4,0,39073.4
12,0.012288,-2.7439,39075.5,0,39075.5
12,0.0123733,-5.49022,39087.1,0,39087.2
12,0.0124587,-0.408311,39092.4,0,39092.4
12,0.012544,1.66361,39089.9,0,39089.9
12,0.0126293,1.72677,39086.6,0,39086.6
12,0.0127147,1.43592,39083.9,0,39083.9
13,0,-0.623866,39090.9,0,39090.9
13,8.53333e-05,-0.683253,39092,0,39092
13,0.000170667,-0.80741,39093.3,0,39093.3
13,0.000256,-1.06176,39094.8,0,39094.8
13,0.000341333,-1.48754,39097,0,39097
13,0.000426667,-0.397649,39101.3,0,39101.3
13,0.000512,1.24299,39089.2,0,39089.2
13,0.000597333,-1.78405,39094,0,39094
13,0.000682667,-1.80674,39097.2,0,39097.2
13,0.000768,-1.91968,39100.3,0,39100.3
13,0.000853333,-2.0463,39103.7,0,39103.7
13,0.000938667,-2.08932,39107.4,0,39107.4
13,0.001024,-0.241774,39112.8,0,39112.8
13,0.00110933,2.44139,39097.3,0,39097.3
13,0.00119467,-10.3843,39094,0,39094
13,0.00128,-12.3165,39081.5,0,39081.5
13,0.00136533,-4.25966,39089.1,0,39089.1
13,0.00145067,-1.02289,39092.5,0,39092.5
13,0.001536,-0.885898,39092.9,0,39092.9
13,0.00162133,-1.35637,39095.2,0,39095.2
13,0.00170667,-1.32416,39097.3,0,39097.3
13,0.001792,-1.7493,39100.7,0,39100.7
13,0.00187733,32.1973,39093.5,0,39093.5
13,0.00196267,2.86755,39082,0,39082
13,0.002048,4.00507,39075.2,0,39075.2
13,0.00213333,-0.903191,39071.2,0,39071.2
13,0.00221867,-1.39251,39078.8,0,39078.8
13,0.002304,4.34616,39086.4,0,39086.4
13,0.00238933,42.0935,39105.3,0,39105.3
13,0.00247467,5.65332,39023.8,0,39023.8
13,0.00256,10.4707,39044,0,39044
13,0.00264533,15.7161,39056.1,0,39056.1
13,0.00273067,4.13745,39046.2,0,39046.2
13,0.002816,12.2646,39034.3,0,39034.3
13,0.00290133,0.927916,39017.5,0,39017.5
13,0.00298667,-47.1013,39008.2,0,39008.3
13,0.003072,10.6409,39053.2,0,39053.2
13,0.00315733,8.99511,39008.2,0,39008.2
13,0.00324267,-0.154705,39011.8,0,39011.8
13,0.003328,2.78206,39002.6,0,39002.6
13,0.00341333,-1.65177,39002.9,0,39002.9
13,0.00349867,-6.5095,39007.8,0,39007.8
13,0.003584,-13.1036,39015.3,0,39015.3
13,0.00366933,-25.1119,38965.7,0,38965.7
13,0.00375467,-17.6564,39007.8,0,39007.8
13,0.00384,-5.66712,38974.3,0,38974.3
13,0.00392533,2.42927,38975.3,0,38975.3
13,0.00401067,9.46782,38978.8,0,38978.8
13,0.004096,13.1641,38985.7,0,38985.7
13,0.00418133,-4.09962,38980.8,0,38980.8
13,0.00426667,-20.931,38982.6,0,38982.6
13,0.004352,-31.1139,38964.8,0,38964.8
13,0.00443733,-25.5541,38896.2,0,38896.2
13,0.00452267,-10.9781,38913.3,0,38913.3
13,0.004608,-13.9862,38945.8,0,38945.8
13,0.00469333,0.447537,38952.4,0,38952.4
13,0.00477867,19.4945,38949.4,0,38949.4
13,0.004864,12.7577,38961.2,0,38961.2
13,0.00494933,16.6842,38948.7,0,38948.7
13,0.00503467,30.7375,38914.3,0,38914.3
13,0.00512,24.6692,38932.4,0,38932.4
13,0.00520533,-19.7174,38913.5,0,38913.5
13,0.00529067,7.55066,38965.1,0,38965.1
13,0.005376,1.13992,38957.7,0,38957.7
13,0.00546133,-12.9687,38960.7,0,38960.7
13,0.00554667,2.96022,38967,0,38967
13,0.005632,-3.35296,38962.9,0,38962.9
13,0.00571733,-3.34894,38976.4,0,38976.4
13,0.00580267,-2.64879,38979.6,0,38979.6
13,0.005888,-1.47318,38986,0,38986
13,0.00597333,8.08208,38979.1,0,38979.1
13,0.00605867,15.1168,38999,0,38999
13,0.006144,7.33501,39010.3,0,39010.3
13,0.00622933,10.6927,39005.8,0,39005.8
13,0.00631467,20.3789,39050.8,0,39050.8
13,0.0064,-2.87663,39019,0,39019
13,0.00648533,1.65055,39019.4,0,39019.4
13,0.00657067,6.33954,39013.2,0,39013.2
13,0.006656,25.1584,38957.2,0,38957.2
13,0.00674133,-8.50944,39038.4,0,39038.4
13,0.00682667,5.76353,39057.1,0,39057.1
13,0.006912,3.06071,39049,0,39049
13,0.00699733,-0.164924,39046.5,0,39046.5
13,0.00708267,-3.29319,39049.5,0,39049.5
13,0.007168,-2.82137,39058.7,0,39058.7
13,0.00725333,7.13136,39059,0,39059
13,0.00733867,46.5262,39063.5,0,39063.5
13,0.007424,9.43908,39082.1,0,39082.1
13,0.00750933,1.89172,39078,0,39078
13,0.00759467,2.28053,39076.8,0,39076.8
13,0.00768,6.56141,39065.2,0,39065.2
13,0.00776533,5.92753,39109.2,0,39109.2
13,0.00785067,1.69544,39095,0,39095
13,0.007936,2.42809,39092,0,39092
13,0.00802133,2.6269,39087.1,0,39087.1
13,0.00810667,-2.41505,39082.7,0,39082.7
13,0.008192,2.04437,39090.2,0,39090.2
13,0.00827733,5.12558,39084,0,39084
13,0.00836267,24.1357,39081.2,0,39081.2
13,0.008448,5.35208,39093.4,0,39093.4
13,0.00853333,1.26035,39089.6,0,39089.6
13,0.00861867,-1.59835,39091.9,0,39091.9
13,0.008704,1.43107,39091.5,0,39091.5
13,0.00878933,1.02381,39088.3,0,39088.3
13,0.00887467,-0.737039,39088.7,0,39088.7
13,0.00896,0.0941721,39089.3,0,39089.3
13,0.00904533,0.249854,39089.1,0,39089.1
13,0.00913067,0.672248,39088.1,0,39088.1
13,0.009216,0.227887,39087.1,0,39087.1
13,0.00930133,-0.287594,39087.1,0,39087.1
13,0.00938667,0.0245716,39088.4,0,39088.4
13,0.009472,0.903147,39086.7,0,39086.7
13,0.00955733,-0.755528,39086,0,39086
13,0.00964267,-0.241338,39086.8,0,39086.8
13,0.009728,-1.64745,39093.3,0,39093.3
13,0.00981333,1.4538,39090.3,0,39090.3
13,0.00989867,0.757282,39088.2,0,39088.2
13,0.009984,0.23432,39087.4,0,39087.4
13,0.0100693,-0.324329,39087.5,0,39087.5
13,0.0101547,-0.228283,39088.5,0,39088.5
13,0.01024,0.693316,39088.1,0,39088.1
13,0.0103253,1.07675,39086.3,0,39086.3
13,0.0104107,0.715914,39084.5,0,39084.5
13,0.010496,0.338693,39083.9,0,39083.9
13,0.0105813,1.5201,39082.6,0,39082.6
13,0.0106667,-15.0619,39111.9,0,39111.9
13,0.010752,4.17392,39092,0,39092
13,0.0108373,3.46158,39084.8,0,39084.8
13,0.0109227,0.791466,39080,0,39080
13,0.011008,0.301278,39081.8,0,39081.8
13,0.0110933,-0.115267,39082.1,0,39082.1
13,0.0111787,6.39096,39075.4,0,39075.4
13,0.011264,9.5463,39096.3,0,39096.3
13,0.0113493,0.095403,39083.8,0,39083.8
13,0.0114347,4.942,39083.2,0,39083.2
13,0.01152,25.1882,39079.7,0,39079.7
13,0.0116053,4.81033,39095.8,0,39095.8
13,0.0116907,2.85429,39090.7,0,39090.7
13,0.011776,2.26114,39086.5,0,39086.5
13,0.0118613,1.72854,39082.7,0,39082.7
13,0.0119467,-3.37581,39082.6,0,39082.6
13,0.012032,1.78477,39085.8,0,39085.8
13,0.0121173,2.58905,39080.9,0,39080.9
13,0.0122027,1.19115,39076.3,0,39076.3
13,0.012288,-2.42063,39077.1,0,39077.1
13,0.0123733,-6.49444,39087.6,0,39087.6
13,0.0124587,-0.64972,39095.3,0,39095.3
13,0.012544,1.76596,39092.5,0,39092.5
13,0.0126293,1.83753,39089,0,39089
13,0.0127147,1.51802,39086.1,0,39086.1
14,0,12.0652,39127.6,0,39127.6
14,8.53333e-05,-13.3379,39112.8,0,39112.8
14,0.000170667,-10.7246,39100.6,0,39100.6
14,0.000256,-5.76092,39086.1,0,39086.1
14,0.000341333,-4.10584,39098.3,0,39098.3
14,0.000426667,-2.29546,39101.9,0,39101.9
14,0.000512,-2.26745,39107.2,0,39107.2
14,0.000597333,-1.00984,39109.4,0,39109.4
14,0.000682667,-0.626864,39110.6,0,39110.6
14,0.000768,-1.15392,39111.6,0,39111.6
14,0.000853333,-2.50087,39114.6,0,39114.6
14,0.000938667,-4.17128,39120,0,39120
14,0.001024,-18.4548,39131.4,0,39131.4
14,0.00110933,0.417126,39104.3,0,39104.3
14,0.00119467,0.345213,39103.1,0,39103.1
14,0.00128,0.868477,39065,0,39065
14,0.00136533,3.77577,39104.2,0,39104.2
14,0.00145067,-2.64772,39078.2,0,39078.2
14,0.001536,-73.1179,39139.7,0,39139.8
14,0.00162133,-20.6036,39045.8,0,39045.8
14,0.00170667,-7.07133,39061.1,0,39061.1
14,0.001792,-23.1351,39020.4,0,39020.4
14,0.00187733,-19.6987,39027.5,0,39027.5
14,0.00196267,-94.4123,38993.2,0,38993.3
14,0.002048,-0.538477,38994.1,0,38994.1
14,0.00213333,9.364,39016.7,0,39016.7
14,0.00221867,2.58936,38992.9,0,38992.9
14,0.002304,-14.1505,38977.2,0,38977.2
14,0.00238933,-46.5324,38969.7,0,38969.7
14,0.00247467,-98.0489,38909.5,0,38909.7
14,0.00256,8.01988,38955.7,0,38955.7
14,0.00264533,20.2933,38965.1,0,38965.1
14,0.00273067,14.3817,38990.7,0,38990.7
14,0.002816,8.59648,38988.6,0,38988.6
14,0.00290133,-3.99067,38952.2,0,38952.2
14,0.00298667,-17.7767,38977.2,0,38977.2
14,0.003072,-17.52,39007.8,0,39007.8
14,0.00315733,3.88836,38950.4,0,38950.4
14,0.00324267,-17.7295,38952.8,0,38952.8
14,0.003328,-8.66518,38953.1,0,38953.1
14,0.00341333,6.39554,38928.6,0,38928.6
14,0.00349867,13.4412,38933.6,0,38933.6
14,0.003584,4.86878,38931.2,0,38931.2
14,0.00366933,-1.11987,38924.9,0,38924.9
14,0.00375467,-13.008,38923.2,0,38923.2
14,0.00384,-14.4387,38918.2,0,38918.2
14,0.00392533,-4.31744,38877.6,0,38877.6
14,0.00401067,6.1916,38882.5,0,38882.5
14,0.004096,9.11,38903.4,0,38903.4
14,0.00418133,-1.94444,38892.3,0,38892.3
14,0.00426667,-40.7236,38943.6,0,38943.6
14,0.004352,-12.7285,38887.5,0,38887.5
14,0.00443733,-0.0603843,38891.4,0,38891.4
14,0.00452267,10.0083,38882,0,38882
14,0.004608,-5.45842,38913.7,0,38913.7
14,0.00469333,1.45733,38929.6,0,38929.6
14,0.00477867,15.6255,38927.8,0,38927.8
14,0.004864,8.15169,38936.1,0,38936.1
14,0.00494933,8.34017,38935.6,0,38935.6
14,0.00503467,15.6217,38936.2,0,38936.2
14,0.00512,5.93451,38943.4,0,38943.4
14,0.00520533,14.7568,38947.1,0,38947.1
14,0.00529067,-11.0887,39005.4,0,39005.4
14,0.005376,1.08516,38966.7,0,38966.7
14,0.00546133,-42.7853,38935.7,0,38935.7
14,0.00554667,-1.44203,38976.8,0,38976.8
14,0.005632,49.3705,38967.4,0,38967.4
14,0.00571733,5.87754,39009,0,39009
14,0.00580267,-0.880432,39006.9,0,39006.9
14,0.005888,-4.94059,39016.2,0,39016.2
14,0.00597333,3.73733,39018.7,0,39018.7
14,0.00605867,12.129,39018.4,0,39018.4
14,0.006144,2.17627,39032.1,0,39032.1
14,0.00622933,8.20017,39036.7,0,39036.7
14,0.00631467,10.0359,39098.4,0,39098.4
14,0.0064,2.51909,39059.4,0,39059.4
14,0.00648533,4.82864,39055.1,0,39055.1
14,0.00657067,11.1466,39045.5,0,39045.5
14,0.006656,38.5689,39009.8,0,39009.9
14,0.00674133,-2.17842,39065.4,0,39065.4
14,0.00682667,8.53076,39082.1,0,39082.1
14,0.006912,3.05883,39072.6,0,39072.6
14,0.00699733,-0.0592049,39071.4,0,39071.4
14,0.00708267,-1.63054,39072.3,0,39072.3
14,0.007168,-7.28687,39079.5,0,39079.5
14,0.00725333,5.75236,39091.3,0,39091.3
14,0.00733867,51.8173,39091.3,0,39091.4
14,0.007424,10.5428,39108.9,0,39108.9
14,0.00750933,3.23778,39101.6,0,39101.6
14,0.00759467,2.52533,39098.7,0,39098.7
14,0.00768,3.11732,39088.9,0,39088.9
14,0.00776533,-1.84137,39124.7,0,39124.7
14,0.00785067,1.08478,39114.1,0,39114.1
14,0.007936,2.66716,39110.9,0,39110.9
14,0.00802133,2.89521,39105.5,0,39105.5
14,0.00810667,0.452758,39100.5,0,39100.5
14,0.008192,1.07298,39105.2,0,39105.2
14,0.00827733,4.59536,39099.3,0,39099.3
14,0.00836267,18.065,39088.1,0,39088.1
14,0.008448,6.03134,39107.6,0,39107.6
14,0.00853333,1.32338,39103.5,0,39103.5
14,0.00861867,-0.273034,39103.9,0,39103.9
14,0.008704,1.35355,39103,0,39103
14,0.00878933,1.19594,39100.1,0,39100.1
14,0.00887467,0.141383,39099.2,0,39099.2
14,0.00896,0.0938399,39099,0,39099
14,0.00904533,0.172772,39099.3,0,39099.3
14,0.00913067,0.980115,39098,0,39098
14,0.009216,0.143643,39096.5,0,39096.5
14,0.00930133,0.0557012,39097,0,39097
14,0.00938667,0.695494,39096.5,0,39096.5
14,0.009472,1.08989,39094.5,0,39094.5
14,0.00955733,-0.522861,39093.1,0,39093.1
14,0.00964267,0.473565,39094,0,39094
14,0.009728,-2.764,39102.9,0,39102.9
14,0.00981333,1.86572,39098,0,39098
14,0.00989867,0.888875,39095.5,0,39095.5
14,0.009984,0.454973,39094.6,0,39094.6
14,0.0100693,0.188161,39094,0,39094
14,0.0101547,0.275069,39093.9,0,39093.9
14,0.01024,0.942144,39092.9,0,39092.9
14,0.0103253,1.21698,39090.8,0,39090.8
14,0.0104107,0.661275,39088.8,0,39088.8
14,0.010496,0.214433,39089,0,39089
14,0.0105813,2.98083,39087.7,0,39087.7
14,0.0106667,35.9944,39102.9,0,39102.9
14,0.010752,5.69421,39098.5,0,39098.5
14,0.0108373,4.06365,39090.6,0,39090.6
14,0.0109227,1.52968,39084.5,0,39084.5
14,0.011008,0.737942,39085.8,0,39085.8
14,0.0110933,-0.225193,39086.2,0,39086.2
14,0.0111787,8.90662,39079.9,0,39079.9
14,0.011264,16.294,39095.5,0,39095.6
14,0.0113493,-1.56583,39086.1,0,39086.1
14,0.0114347,6.07016,39089.3,0,39089.3
14,0.01152,16.9253,39084.3,0,39084.3
14,0.0116053,7.1163,39098.1,0,39098.1
14,0.0116907,3.11534,39094.3,0,39094.3
14,0.011776,2.45515,39090,0,39090
14,0.0118613,2.14324,39085.7,0,39085.7
14,0.0119467,-5.74067,39084.7,0,39084.7
14,0.012032,2.26645,39089.9,0,39089.9
14,0.0121173,2.82615,39084.4,0,39084.4
14,0.0122027,1.63149,39079.1,0,39079.1
14,0.012288,-3.79232,39081.1,0,39081.1
14,0.0123733,-4.49408,39092.2,0,39092.2
14,0.0124587,-0.365717,39096.1,0,39096.1
14,0.012544,1.50219,39094,0,39094
14,0.0126293,1.68415,39090.9,0,39090.9
14,0.0127147,1.4547,39088.2,0,39088.2
15,0,24.5986,39149,0,39149
15,8.53333e-05,-18.324,39091.2,0,39091.2
15,0.000170667,-16.8585,39114.1,0,39114.1
15,0.000256,-11.5184,39103.3,0,39103.3
15,0.000341333,4.15642,39115.3,0,39115.3
15,0.000426667,-1.22266,39108.5,0,39108.5
15,0.000512,2.47128,39109.7,0,39109.7
15,0.000597333,12.4578,39092.1,0,39092.1
15,0.000682667,16.8602,39062.5,0,39062.5
15,0.000768,-2.1334,39049.4,0,39049.4
15,0.000853333,-22.2472,39071.3,0,39071.3
15,0.000938667,-19.1032,39036.9,0,39037
15,0.001024,11.5934,39040.5,0,39040.5
15,0.00110933,0.322495,39039.8,0,39039.8
15,0.00119467,13.0617,39042.5,0,39042.5
15,0.00128,-43.9977,38999.6,0,38999.6
15,0.00136533,-30.2563,39001.1,0,39001.2
15,0.00145067,-19.1489,38991.7,0,38991.7
15,0.001536,22.3201,38993.5,0,38993.5
15,0.00162133,31.8018,38939.9,0,38939.9
15,0.00170667,-3.62178,38958,0,38958
15,0.001792,-11.6969,38964.4,0,38964.4
15,0.00187733,-21.0575,38969.7,0,38969.8
15,0.00196267,-9.00092,38936.8,0,38936.8
15,0.002048,18.2021,38922.3,0,38922.3
15,0.00213333,42.7951,38891.5,0,38891.5
15,0.00221867,5.7574,38927.5,0,38927.5
15,0.002304,-6.3619,38921.7,0,38921.7
15,0.00238933,9.28271,38881.3,0,38881.3
15,0.00247467,6.50904,38860.7,0,38860.7
15,0.00256,16.1359,38887.3,0,38887.3
15,0.00264533,22.5542,38905.8,0,38905.8
15,0.00273067,-13.4511,38916.7,0,38916.7
15,0.002816,-13.6643,38872.3,0,38872.3
15,0.00290133,6.07337,38855,0,38855
15,0.00298667,-7.30338,38867.3,0,38867.3
15,0.003072,-25.6585,38886,0,38886
15,0.00315733,-3.40451,38847.1,0,38847.1
15,0.00324267,1.37757,38851.4,0,38851.4
15,0.003328,12.2252,38875.8,0,38875.8
15,0.00341333,121.371,38822.8,0,38823
15,0.00349867,-1.04696,38841.7,0,38841.7
15,0.003584,11.9499,38855.8,0,38855.8
15,0.00366933,32.1776,38842.5,0,38842.5
15,0.00375467,11.0603,38853.9,0,38853.9
15,0.00384,34.6509,38812.3,0,38812.3
15,0.00392533,11.7013,38867.7,0,38867.7
15,0.00401067,14.6449,38890.1,0,38890.1
15,0.004096,18.8735,38878.5,0,38878.5
15,0.00418133,18.669,38896.1,0,38896.1
15,0.00426667,2.6247,38898.4,0,38898.4
15,0.004352,-20.0663,38904.3,0,38904.3
15,0.00443733,-37.952,38846,0,38846.1
15,0.00452267,-11.1578,38905,0,38905
15,0.004608,-29.378,38910,0,38910.1
15,0.00469333,-16.6057,38902.5,0,38902.5
15,0.00477867,10.2913,38938.5,0,38938.5
15,0.004864,1.0392,38941.9,0,38941.9
15,0.00494933,12.062,38931.3,0,38931.3
15,0.00503467,42.2333,38952.7,0,38952.7
15,0.00512,20.4712,38967.5,0,38967.5
15,0.00520533,-0.603242,38994.9,0,38994.9
15,0.00529067,18.823,39012.7,0,39012.7
15,0.005376,6.6305,39007.5,0,39007.5
15,0.00546133,-36.0408,38990.6,0,38990.7
15,0.00554667,13.5467,39023.3,0,39023.3
15,0.005632,16.4333,39017.2,0,39017.2
15,0.00571733,5.49439,39062.5,0,39062.5
15,0.00580267,2.50302,39049.6,0,39049.6
15,0.005888,-2.88619,39050.4,0,39050.4
15,0.00597333,10.8412,39049.3,0,39049.3
15,0.00605867,18.9718,39065.9,0,39065.9
15,0.006144,6.44093,39067.1,0,39067.1
15,0.00622933,10.5682,39076.3,0,39076.3
15,0.00631467,-0.725761,39129.6,0,39129.6
15,0.0064,4.32741,39094.2,0,39094.2
15,0.00648533,5.01465,39086.9,0,39086.9
15,0.00657067,9.69286,39078.2,0,39078.2
15,0.006656,17.1305,39044.8,0,39044.8
15,0.00674133,8.76084,39121.3,0,39121.3
15,0.00682667,6.25911,39111.1,0,39111.1
15,0.006912,3.1713,39103.3,0,39103.3
15,0.00699733,0.969086,39100.4,0,39100.4
15,0.00708267,-0.274203,39099.3,0,39099.3
15,0.007168,-7.92869,39104,0,39104
15,0.00725333,7.22106,39118.3,0,39118.3
15,0.00733867,48.5452,39117.4,0,39117.4
15,0.007424,11.8697,39131.1,0,39131.1
15,0.00750933,3.70533,39123.5,0,39123.5
15,0.00759467,3.17524,39119.5,0,39119.5
15,0.00768,3.98402,39109.7,0,39109.7
15,0.00776533,-3.70183,39146.6,0,39146.6
15,0.00785067,1.8072,39132.1,0,39132.1
15,0.007936,2.90117,39128.5,0,39128.5
15,0.00802133,3.29894,39122.6,0,39122.6
15,0.00810667,0.882612,39116.8,0,39116.8
15,0.008192,1.51103,39121,0,39121
15,0.00827733,5.02395,39114.3,0,39114.3
15,0.00836267,18.4348,39102.5,0,39102.5
15,0.008448,6.19028,39121.5,0,39121.5
15,0.00853333,1.6742,39117.2,0,39117.2
15,0.00861867,0.348183,39116.3,0,39116.3
15,0.008704,1.52359,39115.1,0,39115.1
15,0.00878933,1.5851,39111.7,0,39111.7
15,0.00887467,0.641272,39109.9,0,39109.9
15,0.00896,0.306074,39109.1,0,39109.1
15,0.00904533,0.140832,39109.3,0,39109.3
15,0.00913067,1.04834,39108,0,39108
15,0.009216,0.142021,39106.3,0,39106.3
15,0.00930133,0.117374,39107,0,39107
15,0.00938667,0.916597,39106.2,0,39106.2
15,0.009472,1.45193,39103.7,0,39103.7
15,0.00955733,-0.034035,39101.7,0,39101.7
15,0.00964267,0.438092,39101.8,0,39101.8
15,0.009728,-2.38007,39109.1,0,39109.1
15,0.00981333,1.82612,39105,0,39105
15,0.00989867,0.872555,39102.5,0,39102.5
15,0.009984,0.478668,39101.7,0,39101.7
15,0.0100693,0.515116,39100.8,0,39100.8
15,0.0101547,0.421254,39100.1,0,39100.1
15,0.01024,0.860751,39099.2,0,39099.2
15,0.0103253,1.30497,39097.1,0,39097.1
15,0.0104107,0.806945,39094.8,0,39094.8
15,0.010496,0.294864,39095.1,0,39095.1
15,0.0105813,3.62567,39093.5,0,39093.5
15,0.0106667,28.7269,39105.2,0,39105.2
15,0.010752,6.28634,39104.1,0,39104.1
15,0.0108373,4.42047,39095.8,0,39095.8
15,0.0109227,1.72037,39088.8,0,39088.8
15,0.011008,1.08734,39091,0,39091
15,0.0110933,-1.53183,39091.7,0,39091.7
15,0.0111787,8.01046,39085.4,0,39085.4
15,0.011264,20.7286,39102.4,0,39102.4
15,0.0113493,-0.292094,39083,0,39083
15,0.0114347,8.15319,39094.5,0,39094.5
15,0.01152,14.3707,39090.4,0,39090.4
15,0.0116053,7.25789,39101.5,0,39101.5
15,0.0116907,3.66327,39099.8,0,39099.8
15,0.011776,2.77543,39094.9,0,39094.9
15,0.0118613,2.27494,39090.4,0,39090.4
15,0.0119467,-2.90146,39087.6,0,39087.6
15,0.012032,1.86741,39093.4,0,39093.4
15,0.0121173,2.95751,39087.8,0,39087.8
15,0.0122027,1.95077,39081.9,0,39081.9
15,0.012288,-4.05676,39084.7,0,39084.7
15,0.0123733,-4.07576,39097.2,0,39097.2
15,0.0124587,0.063421,39099,0,39099
15,0.012544,1.53822,39096.7,0,39096.7
15,0.0126293,1.67585,39093.7,0,39093.7
15,0.0127147,1.46058,39090.9,0,39090.9
16,0,182.758,39138.1,0,39138.5
16,8.53333e-05,-3.31866,38980.9,0,38980.9
16,0.000170667,23.7734,38989.1,0,38989.1
16,0.000256,6.56619,39000.6,0,39000.6
16,0.000341333,-7.34241,38977.7,0,38977.7
16,0.000426667,-17.4951,38960.2,0,38960.3
16,0.000512,-40.7876,38952.8,0,38952.8
16,0.000597333,-15.222,38944.5,0,38944.5
16,0.000682667,0.115883,38962.4,0,38962.4
16,0.000768,-12.4788,38972.6,0,38972.6
16,0.000853333,-79.9128,38966.9,0,38967
16,0.000938667,-14.3892,38920.2,0,38920.2
16,0.001024,17.7825,38952.8,0,38952.8
16,0.00110933,3.10737,38928.8,0,38928.8
16,0.00119467,-24.7331,38923.8,0,38923.8
16,0.00128,-21.163,38932.8,0,38932.8
16,0.00136533,-1.39287,38905.2,0,38905.2
16,0.00145067,-5.48681,38883.5,0,38883.5
16,0.001536,0.235205,38856.8,0,38856.8
16,0.00162133,21.2027,38842.1,0,38842.1
16,0.00170667,2.1245,38822.6,0,38822.6
16,0.001792,-4.38232,38831.7,0,38831.7
16,0.00187733,15.3821,38836.9,0,38836.9
16,0.00196267,-6.95319,38842.8,0,38842.8
16,0.002048,-2.14391,38771,0,38771
16,0.00213333,-10.7773,38778.8,0,38778.8
16,0.00221867,20.467,38808,0,38808
16,0.002304,11.6428,38743.8,0,38743.8
16,0.00238933,-17.3572,38741.9,0,38741.9
16,0.00247467,-10.2022,38743.8,0,38743.8
16,0.00256,-22.7931,38785.2,0,38785.2
16,0.00264533,-9.39526,38718,0,38718
16,0.00273067,30.9561,38746.4,0,38746.4
16,0.002816,35.3619,38841.9,0,38841.9
16,0.00290133,15.6823,38793.1,0,38793.1
16,0.00298667,22.6406,38769.4,0,38769.4
16,0.003072,61.2466,38774.6,0,38774.7
16,0.00315733,14.9124,38841,0,38841
16,0.00324267,14.4426,38814.9,0,38814.9
16,0.003328,8.56784,38763.1,0,38763.1
16,0.00341333,-28.4975,38828.6,0,38828.6
16,0.00349867,1.24163,38781.4,0,38781.4
16,0.003584,0.840766,38790.3,0,38790.3
16,0.00366933,5.32739,38789.3,0,38789.3
16,0.00375467,16.4227,38844.6,0,38844.6
16,0.00384,10.6592,38835.9,0,38835.9
16,0.00392533,24.2251,38843.9,0,38843.9
16,0.00401067,36.3503,38878.4,0,38878.4
16,0.004096,21.7384,38908.8,0,38908.8
16,0.00418133,18.8142,38917.7,0,38917.7
16,0.00426667,11.4216,38947.8,0,38947.8
16,0.004352,-14.6021,38930.6,0,38930.6
16,0.00443733,4.72858,38950.2,0,38950.2
16,0.00452267,8.17883,38947.7,0,38947.7
16,0.004608,-3.36858,38979.6,0,38979.6
16,0.00469333,-21.3601,38968.2,0,38968.2
16,0.00477867,-4.60884,38987.9,0,38987.9
16,0.004864,5.67967,38981.9,0,38981.9
16,0.00494933,21.3229,38978,0,38978
16,0.00503467,44.903,38994.2,0,38994.3
16,0.00512,23.3312,39002,0,39002
16,0.00520533,25.9823,39053.9,0,39053.9
16,0.00529067,22.0209,39073.6,0,39073.6
16,0.005376,5.46391,39047.8,0,39047.8
16,0.00546133,-31.2783,39037.6,0,39037.6
16,0.00554667,12.2234,39065.7,0,39065.7
16,0.005632,25.8147,39062.5,0,39062.5
16,0.00571733,11.8047,39108.3,0,39108.3
16,0.00580267,2.2377,39093.9,0,39093.9
16,0.005888,-3.90567,39094.8,0,39094.8
16,0.00597333,13.7895,39095.3,0,39095.3
16,0.00605867,22.4494,39107.4,0,39107.4
16,0.006144,16.6209,39096.7,0,39096.7
16,0.00622933,11.5548,39120.7,0,39120.7
16,0.00631467,-34.1261,39136.5,0,39136.5
16,0.0064,3.67,39130.8,0,39130.8
16,0.00648533,4.94859,39124.2,0,39124.2
16,0.00657067,9.45185,39115,0,39115
16,0.006656,4.5339,39094.6,0,39094.6
16,0.00674133,7.0493,39152.1,0,39152.1
16,0.00682667,6.22442,39143,0,39143
16,0.006912,3.57906,39134.8,0,39134.8
16,0.00699733,1.85286,39130.8,0,39130.8
16,0.00708267,1.43272,39127.7,0,39127.7
16,0.007168,-8.51744,39126.2,0,39126.2
16,0.00725333,2.93028,39150.9,0,39150.9
16,0.00733867,21.4709,39134.7,0,39134.7
16,0.007424,3.06252,39156.5,0,39156.5
16,0.00750933,4.19259,39147.9,0,39147.9
16,0.00759467,4.17597,39141.7,0,39141.7
16,0.00768,4.94149,39130.2,0,39130.2
16,0.00776533,-2.61562,39167,0,39167
16,0.00785067,2.55051,39150.6,0,39150.6
16,0.007936,3.25962,39146.1,0,39146.1
16,0.00802133,3.60987,39139.7,0,39139.7
16,0.00810667,1.20128,39133.3,0,39133.3
16,0.008192,1.80581,39137,0,39137
16,0.00827733,5.25944,39129.8,0,39129.8
16,0.00836267,18.4178,39115.9,0,39115.9
16,0.008448,6.04235,39135.5,0,39135.5
16,0.00853333,1.67842,39131.5,0,39131.5
16,0.00861867,0.955717,39129.9,0,39129.9
16,0.008704,1.79683,39127.8,0,39127.8
16,0.00878933,1.82625,39124.2,0,39124.2
16,0.00887467,1.05497,39121.7,0,39121.7
16,0.00896,0.504617,39120.3,0,39120.3
16,0.00904533,0.202101,39120.4,0,39120.4
16,0.00913067,1.26031,39118.9,0,39118.9
16,0.009216,0.483612,39116.6,0,39116.6
16,0.00930133,0.174872,39117.2,0,39117.2
16,0.00938667,1.16397,39115.9,0,39115.9
16,0.009472,1.52886,39113.2,0,39113.2
16,0.00955733,0.250663,39111.1,0,39111.1
16,0.00964267,0.451308,39110.9,0,39110.9
16,0.009728,-2.1221,39115.4,0,39115.4
16,0.00981333,1.73423,39112.8,0,39112.8
16,0.00989867,0.840208,39110.2,0,39110.2
16,0.009984,0.499359,39109.5,0,39109.5
16,0.0100693,0.574824,39108.4,0,39108.4
16,0.0101547,0.363548,39107.8,0,39107.8
16,0.01024,0.904902,39107,0,39107
16,0.0103253,1.55583,39104.7,0,39104.7
16,0.0104107,1.07931,39101.7,0,39101.7
16,0.010496,0.479393,39102,0,39102
16,0.0105813,4.46188,39099.7,0,39099.7
16,0.0106667,24.0656,39109.7,0,39109.7
16,0.010752,6.79561,39110.1,0,39110.1
16,0.0108373,4.77169,39101.5,0,39101.5
16,0.0109227,2.04388,39093.4,0,39093.4
16,0.011008,1.70825,39097.3,0,39097.3
16,0.0110933,-3.65306,39098.6,0,39098.6
16,0.0111787,8.20925,39091.4,0,39091.4
16,0.011264,21.0237,39109.2,0,39109.3
16,0.0113493,6.57104,39078.7,0,39078.7
16,0.0114347,9.91993,39099.5,0,39099.5
16,0.01152,14.5289,39094.2,0,39094.2
16,0.0116053,6.74023,39106.5,0,39106.5
16,0.0116907,3.85994,39104.8,0,39104.8
16,0.011776,2.91194,39099.5,0,39099.5
16,0.0118613,2.24619,39094.9,0,39094.9
16,0.0119467,-2.33406,39092.6,0,39092.6
16,0.012032,1.75879,39097.2,0,39097.2
16,0.0121173,3.03371,39091.8,0,39091.8
16,0.0122027,2.39388,39085.3,0,39085.3
16,0.012288,-3.5031,39090.7,0,39090.7
16,0.0123733,-7.32583,39102.3,0,39102.3
16,0.0124587,0.62607,39102.6,0,39102.6
16,0.012544,1.63425,39099.9,0,39099.9
16,0.0126293,1.68215,39096.8,0,39096.8
16,0.0127147,1.47348,39094.1,0,39094.1
17,0,215.176,39091.6,0,39092.2
17,8.53333e-05,-21.675,38737.5,0,38737.5
17,0.000170667,-107.638,38766.7,0,38766.8
17,0.000256,-41.6992,38805.3,0,38805.3
17,0.000341333,-39.5642,38777.9,0,38777.9
17,0.000426667,-85.9332,38667.5,0,38667.6
17,0.000512,-30.9177,38662.2,0,38662.2
17,0.000597333,-7.75018,38725.7,0,38725.7
17,0.000682667,-7.01966,38712.7,0,38712.7
17,0.000768,-38.4433,38724,0,38724
17,0.000853333,-18.5085,38740,0,38740.1
17,0.000938667,-11.2178,38703.3,0,38703.3
17,0.001024,-14.4274,38761.3,0,38761.3
17,0.00110933,11.5469,38623.1,0,38623.1
17,0.00119467,-12.4942,38702.3,0,38702.3
17,0.00128,-70.178,38735.4,0,38735.5
17,0.00136533,-7.12511,38660.2,0,38660.2
17,0.00145067,4.04731,38650.5,0,38650.5
17,0.001536,14.603,38648.3,0,38648.3
17,0.00162133,-6.20298,38650.6,0,38650.6
17,0.00170667,-21.7777,38584.1,0,38584.1
17,0.001792,25.4354,38639.7,0,38639.7
17,0.00187733,29.4977,38620.8,0,38620.8
17,0.00196267,-3.95707,38625.8,0,38625.8
17,0.002048,-25.4928,38664.5,0,38664.5
17,0.00213333,15.179,38587.2,0,38587.2
17,0.00221867,27.0174,38552.5,0,38552.5
17,0.002304,4.81107,38586.5,0,38586.5
17,0.00238933,83.2222,38645.8,0,38645.9
17,0.00247467,1.58053,38646.9,0,38646.9
17,0.00256,4.31002,38657.1,0,38657.1
17,0.00264533,24.3645,38671,0,38671
17,0.00273067,30.8915,38693.3,0,38693.3
17,0.002816,-7.34786,38847.1,0,38847.1
17,0.00290133,21.5516,38710.4,0,38710.4
17,0.00298667,-4.64549,38697.3,0,38697.3
17,0.003072,24.4545,38933.3,0,38933.3
17,0.00315733,18.4727,38775.8,0,38775.8
17,0.00324267,11.1272,38775.6,0,38775.6
17,0.003328,33.3635,38808.2,0,38808.2
17,0.00341333,19.1327,38774.9,0,38774.9
17,0.00349867,40.4252,38815.2,0,38815.2
17,0.003584,-8.68245,38861.4,0,38861.4
17,0.00366933,10.0635,38823.3,0,38823.3
17,0.00375467,27.0764,38888,0,38888
17,0.00384,42.4382,38872,0,38872
17,0.00392533,21.2146,38883,0,38883
17,0.00401067,40.9485,38927.9,0,38927.9
17,0.004096,15.9829,38948.2,0,38948.2
17,0.00418133,17.3385,38969.2,0,38969.2
17,0.00426667,11.3118,39000.9,0,39000.9
17,0.004352,-14.3713,38983.7,0,38983.7
17,0.00443733,5.74324,39001.3,0,39001.3
17,0.00452267,11.3113,38995.2,0,38995.2
17,0.004608,-6.56363,39019.4,0,39019.4
17,0.00469333,-3.4926,39032.4,0,39032.4
17,0.00477867,17.4736,39051.6,0,39051.6
17,0.004864,15.4606,39057.3,0,39057.3
17,0.00494933,25.3869,39048.3,0,39048.3
17,0.00503467,46.8728,39059.8,0,39059.9
17,0.00512,29.8499,39065,0,39065
17,0.00520533,29.8119,39105.8,0,39105.8
17,0.00529067,25.799,39130.9,0,39130.9
17,0.005376,7.97641,39120.7,0,39120.7
17,0.00546133,-25.6964,39099.4,0,39099.4
17,0.00554667,14.9731,39126.8,0,39126.8
17,0.005632,23.2109,39119,0,39119
17,0.00571733,8.84488,39160.2,0,39160.2
17,0.00580267,3.88536,39143.3,0,39143.3
17,0.005888,-1.78107,39141.8,0,39141.8
17,0.00597333,12.3513,39140.2,0,39140.2
17,0.00605867,22.8159,39153.7,0,39153.8
17,0.006144,14.2536,39151.4,0,39151.4
17,0.00622933,11.575,39163,0,39163.1
17,0.00631467,-26.62,39207.6,0,39207.6
17,0.0064,4.98757,39171.8,0,39171.8
17,0.00648533,5.91774,39163.4,0,39163.4
17,0.00657067,9.06519,39151.8,0,39151.8
17,0.006656,9.50089,39124,0,39124
17,0.00674133,12.8421,39181.5,0,39181.5
17,0.00682667,8.39639,39174.9,0,39174.9
17,0.006912,4.76926,39164.6,0,39164.6
17,0.00699733,2.24978,39159.3,0,39159.3
17,0.00708267,1.07546,39156.4,0,39156.4
17,0.007168,-5.11924,39156.5,0,39156.5
17,0.00725333,2.59925,39170.5,0,39170.5
17,0.00733867,20.867,39158.7,0,39158.7
17,0.007424,2.81157,39183.4,0,39183.4
17,0.00750933,5.68108,39170.3,0,39170.3
17,0.00759467,4.87606,39162.3,0,39162.3
17,0.00768,5.85019,39150.4,0,39150.4
17,0.00776533,-2.84353,39190.9,0,39190.9
17,0.00785067,3.06192,39170.2,0,39170.2
17,0.007936,3.72236,39164.9,0,39164.9
17,0.00802133,4.08369,39157.7,0,39157.7
17,0.00810667,1.60096,39150.3,0,39150.3
17,0.008192,2.24405,39154,0,39154
17,0.00827733,5.8194,39145.9,0,39145.9
17,0.00836267,19.3314,39133.7,0,39133.7
17,0.008448,7.02693,39150.5,0,39150.5
17,0.00853333,2.15834,39145.6,0,39145.6
17,0.00861867,1.02889,39143.7,0,39143.7
17,0.008704,2.0588,39141.3,0,39141.3
17,0.00878933,2.07753,39137.2,0,39137.2
17,0.00887467,1.16239,39134.4,0,39134.4
17,0.00896,0.748506,39132.8,0,39132.8
17,0.00904533,0.534805,39132.3,0,39132.3
17,0.00913067,1.45337,39130.4,0,39130.4
17,0.009216,0.75196,39127.8,0,39127.8
17,0.00930133,0.379874,39127.8,0,39127.8
17,0.00938667,1.22839,39126.4,0,39126.4
17,0.009472,1.75848,39123.5,0,39123.5
17,0.00955733,0.426265,39120.9,0,39120.9
17,0.00964267,0.668846,39120.4,0,39120.4
17,0.009728,-2.10359,39124.9,0,39124.9
17,0.00981333,1.96602,39121.9,0,39121.9
17,0.00989867,1.06593,39118.9,0,39118.9
17,0.009984,0.663097,39117.8,0,39117.8
17,0.0100693,0.693966,39116.6,0,39116.6
17,0.0101547,0.507826,39115.7,0,39115.7
17,0.01024,0.993427,39114.7,0,39114.7
17,0.0103253,1.55964,39112.3,0,39112.3
17,0.0104107,1.1257,39109.4,0,39109.4
17,0.010496,0.682973,39109.1,0,39109.1
17,0.0105813,4.19146,39106.7,0,39106.7
17,0.0106667,28.0679,39117.5,0,39117.5
17,0.010752,6.43366,39116.6,0,39116.6
17,0.0108373,4.62205,39108.1,0,39108.1
17,0.0109227,1.968,39100.6,0,39100.6
17,0.011008,1.76231,39102.8,0,39102.8
17,0.0110933,-3.88001,39100.7,0,39100.7
17,0.0111787,8.06092,39097.1,0,39097.1
17,0.011264,20.4414,39115.3,0,39115.3
17,0.0113493,0.921176,39089.8,0,39089.8
17,0.0114347,8.82349,39104.9,0,39104.9
17,0.01152,14.5676,39100.2,0,39100.2
17,0.0116053,7.28421,39111.4,0,39111.4
17,0.0116907,3.82718,39109.4,0,39109.4
17,0.011776,2.89885,39104.3,0,39104.3
17,0.0118613,2.29139,39099.6,0,39099.6
17,0.0119467,-2.32224,39097.2,0,39097.2
17,0.012032,1.82582,39101.7,0,39101.7
17,0.0121173,3.05469,39096.2,0,39096.2
17,0.0122027,2.25325,39090,0,39090
17,0.012288,-3.15231,39093.8,0,39093.8
17,0.0123733,-7.15402,39105,0,39105
17,0.0124587,0.411139,39107,0,39107
17,0.012544,1.71408,39104.2,0,39104.2
17,0.0126293,1.78531,39100.9,0,39100.9
17,0.0127147,1.55995,39098,0,39098
18,0,476.724,38941,0,38944
18,8.53333e-05,-13.4735,38357.1,0,38357.1
18,0.000170667,0.494967,38342.3,0,38342.3
18,0.000256,-25.25,38332.9,0,38332.9
18,0.000341333,11.2559,38381,0,38381
18,0.000426667,-20.6466,38361.9,0,38361.9
18,0.000512,-30.2717,38343.6,0,38343.6
18,0.000597333,-6.78761,38405.3,0,38405.3
18,0.000682667,-113.217,38300.3,0,38300.4
18,0.000768,-54.2186,38363.9,0,38364
18,0.000853333,-13.9818,38354.9,0,38354.9
18,0.000938667,-33.2675,38525,0,38525
18,0.001024,64.2682,38515.3,0,38515.4
18,0.00110933,26.0645,38445.1,0,38445.1
18,0.00119467,10.721,38397.3,0,38397.3
18,0.00128,-22.5278,38355.5,0,38355.5
18,0.00136533,-5.7594,38384.2,0,38384.2
18,0.00145067,-6.19204,38379.3,0,38379.3
18,0.001536,21.8255,38412.6,0,38412.6
18,0.00162133,41.6763,38429.6,0,38429.6
18,0.00170667,4.40826,38431.7,0,38431.7
18,0.001792,-27.0303,38396.6,0,38396.6
18,0.00187733,-30.8774,38483.6,0,38483.6
18,0.00196267,-4.50956,38443.9,0,38443.9
18,0.002048,-17.1415,38483.3,0,38483.4
18,0.00213333,22.7512,38501,0,38501
18,0.00221867,-16.4476,38463.6,0,38463.6
18,0.002304,40.9907,38512.5,0,38512.5
18,0.00238933,137.891,38601.5,0,38601.8
18,0.00247467,13.7982,38587,0,38587
18,0.00256,2.35045,38599.4,0,38599.4
18,0.00264533,57.5288,38640.2,0,38640.2
18,0.00273067,47.7281,38678.1,0,38678.1
18,0.002816,-8.54213,38776.1,0,38776.1
18,0.00290133,36.6818,38717.3,0,38717.3
18,0.00298667,42.8525,38763.4,0,38763.4
18,0.003072,-1.686,38834.1,0,38834.1
18,0.00315733,-6.33149,38905.6,0,38905.6
18,0.00324267,10.6859,38814.8,0,38814.8
18,0.003328,16.544,38833.1,0,38833.1
18,0.00341333,17.881,38832.7,0,38832.7
18,0.00349867,49.5356,38872.9,0,38872.9
18,0.003584,7.16111,38904.2,0,38904.2
18,0.00366933,24.163,38912.4,0,38912.4
18,0.00375467,-5.57542,38881.2,0,38881.2
18,0.00384,46.7898,38904.8,0,38904.8
18,0.00392533,43.2396,38986.5,0,38986.5
18,0.00401067,0.0657827,39029.4,0,39029.4
18,0.004096,38.8403,39063.9,0,39064
18,0.00418133,22.0569,39049.3,0,39049.3
18,0.00426667,11.8152,39070.9,0,39070.9
18,0.004352,-16.594,39058,0,39058
18,0.00443733,6.70005,39083.8,0,39083.8
18,0.00452267,13.0961,39070.9,0,39070.9
18,0.004608,-6.49468,39095.7,0,39095.7
18,0.00469333,-0.140208,39111.7,0,39111.7
18,0.00477867,20.0024,39122.1,0,39122.1
18,0.004864,14.7976,39128.9,0,39128.9
18,0.00494933,26.7351,39119,0,39119
18,0.00503467,41.9316,39130.6,0,39130.6
18,0.00512,34.1788,39130.5,0,39130.5
18,0.00520533,31.9369,39169.6,0,39169.6
18,0.00529067,27.5811,39195.2,0,39195.2
18,0.005376,9.90197,39179.4,0,39179.4
18,0.00546133,-8.93029,39166,0,39166
18,0.00554667,13.6357,39178.9,0,39178.9
18,0.005632,21.3347,39172.4,0,39172.4
18,0.00571733,5.68997,39206.8,0,39206.8
18,0.00580267,3.31193,39192.6,0,39192.6
18,0.005888,0.572072,39190.6,0,39190.6
18,0.00597333,12.4826,39186.3,0,39186.3
18,0.00605867,29.9917,39194.7,0,39194.8
18,0.006144,15.8658,39192.4,0,39192.4
18,0.00622933,13.7433,39199.8,0,39199.8
18,0.00631467,61.1067,39244.1,0,39244.2
18,0.0064,7.18758,39206.8,0,39206.8
18,0.00648533,6.47785,39196.9,0,39196.9
18,0.00657067,9.0533,39185,0,39185
18,0.006656,6.14916,39162,0,39162
18,0.00674133,13.478,39211.1,0,39211.1
18,0.00682667,8.4951,39203.6,0,39203.6
18,0.006912,5.23543,39193,0,39193
18,0.00699733,2.96122,39186.5,0,39186.5
18,0.00708267,1.57604,39182.4,0,39182.4
18,0.007168,-3.59808,39182.5,0,39182.5
18,0.00725333,3.18267,39192.2,0,39192.2
18,0.00733867,20.1886,39183,0,39183
18,0.007424,4.14998,39202.1,0,39202.1
18,0.00750933,5.53792,39191.9,0,39191.9
18,0.00759467,5.61785,39183.5,0,39183.5
18,0.00768,8.85739,39170,0,39170
18,0.00776533,10.7355,39219.9,0,39219.9
18,0.00785067,4.60884,39189.8,0,39189.8
18,0.007936,4.36289,39183.1,0,39183.1
18,0.00802133,4.66609,39175,0,39175
18,0.00810667,2.17062,39165.8,0,39165.8
18,0.008192,2.99205,39172,0,39172
18,0.00827733,6.72479,39162.2,0,39162.2
18,0.00836267,19.3862,39153.4,0,39153.4
18,0.008448,8.43849,39165.4,0,39165.4
18,0.00853333,2.79317,39160.1,0,39160.1
18,0.00861867,1.2492,39157.5,0,39157.5
18,0.008704,2.27334,39155,0,39155
18,0.00878933,2.33617,39150.4,0,39150.4
18,0.00887467,1.28954,39147.3,0,39147.3
18,0.00896,1.21006,39145.4,0,39145.4
18,0.00904533,0.821166,39143.8,0,39143.8
18,0.00913067,1.41732,39142,0,39142
18,0.009216,1.00987,39139.3,0,39139.3
18,0.00930133,0.612826,39138.5,0,39138.5
18,0.00938667,1.19705,39137.2,0,39137.2
18,0.009472,1.8063,39134.2,0,39134.2
18,0.00955733,0.699153,39131.5,0,39131.5
18,0.00964267,0.761263,39130.7,0,39130.7
18,0.009728,-1.5719,39132.8,0,39132.8
18,0.00981333,1.84925,39131,0,39131
18,0.00989867,1.18451,39127.9,0,39127.9
18,0.009984,0.787877,39126.6,0,39126.6
18,0.0100693,0.814737,39125.1,0,39125.1
18,0.0101547,0.606336,39124,0,39124
18,0.01024,1.07097,39122.9,0,39122.9
18,0.0103253,1.64376,39120.4,0,39120.4
18,0.0104107,1.42776,39117.3,0,39117.3
18,0.010496,0.696145,39116.1,0,39116.1
18,0.0105813,3.17568,39113.9,0,39113.9
18,0.0106667,50.7728,39122.8,0,39122.8
18,0.010752,5.78044,39123.2,0,39123.2
18,0.0108373,4.44727,39114.8,0,39114.8
18,0.0109227,2.32116,39107.7,0,39107.7
18,0.011008,1.70039,39108.1,0,39108.1
18,0.0110933,-6.49306,39106.7,0,39106.7
18,0.0111787,6.93607,39103.8,0,39103.8
18,0.011264,12.6084,39127.5,0,39127.5
18,0.0113493,0.159518,39100.6,0,39100.6
18,0.0114347,6.86253,39111.2,0,39111.2
18,0.01152,16.2672,39102.5,0,39102.5
18,0.0116053,7.52955,39117.7,0,39117.7
18,0.0116907,3.38915,39114.1,0,39114.1
18,0.011776,2.69927,39109.3,0,39109.3
18,0.0118613,2.08404,39104.9,0,39104.9
18,0.0119467,-1.42847,39103,0,39103
18,0.012032,1.68321,39105.8,0,39105.8
18,0.0121173,3.10609,39100.6,0,39100.6
18,0.0122027,2.53276,39094,0,39094
18,0.012288,-3.04098,39097.9,0,39097.9
18,0.0123733,-8.26544,39110.8,0,39110.8
18,0.0124587,0.585512,39112.1,0,39112.1
18,0.012544,1.9109,39108.9,0,39108.9
18,0.0126293,1.91432,39105.4,0,39105.4
18,0.0127147,1.65154,39102.3,0,39102.3
19,0,840.068,38716.7,0,38725.9
19,8.53333e-05,25.5733,37670.1,0,37670.1
19,0.000170667,-70.3874,37666.8,0,37666.9
19,0.000256,-11.5553,37787.1,0,37787.2
19,0.000341333,-18.1203,37799.2,0,37799.2
19,0.000426667,-7.14016,37810.9,0,37810.9
19,0.000512,-16.4747,37876.4,0,37876.4
19,0.000597333,-6.43501,37863.5,0,37863.5
19,0.000682667,13.7815,37866.9,0,37866.9
19,0.000768,17.801,37962.4,0,37962.4
19,0.000853333,-3.02115,37929,0,37929
19,0.000938667,-18.0601,38010.9,0,38010.9
19,0.001024,1.2293,38089.2,0,38089.2
19,0.00110933,5.37664,38003.6,0,38003.6
19,0.00119467,-5.87784,38024.3,0,38024.3
19,0.00128,4.52049,38098.7,0,38098.7
19,0.00136533,6.68777,38090.6,0,38090.6
19,0.00145067,-4.97272,38229.8,0,38229.8
19,0.001536,21.2451,38158.5,0,38158.5
19,0.00162133,66.9205,38235.9,0,38236
19,0.00170667,38.286,38217,0,38217
19,0.001792,-44.2265,38450.2,0,38450.2
19,0.00187733,-12.6654,38372.7,0,38372.7
19,0.00196267,20.8903,38385.5,0,38385.5
19,0.002048,18.1298,38381,0,38381
19,0.00213333,28.5111,38464.1,0,38464.1
19,0.00221867,51.7479,38292.5,0,38292.6
19,0.002304,59.2952,38491.3,0,38491.3
19,0.00238933,30.7201,38583.6,0,38583.6
19,0.00247467,13.5201,38575.9,0,38575.9
19,0.00256,26.202,38590,0,38590
19,0.00264533,107.809,38705.4,0,38705.6
19,0.00273067,51.8359,38728.6,0,38728.6
19,0.002816,26.6603,38741.1,0,38741.2
19,0.00290133,26.2617,38788.6,0,38788.6
19,0.00298667,-0.151653,38770.2,0,38770.2
19,0.003072,-0.982961,38862.4,0,38862.4
19,0.00315733,-14.2622,38914.9,0,38914.9
19,0.00324267,-0.378744,38873.5,0,38873.5
19,0.003328,12.0284,38923.9,0,38923.9
19,0.00341333,20.7096,38917.2,0,38917.2
19,0.00349867,-0.13059,38925.4,0,38925.4
19,0.003584,-14.1747,38993.5,0,38993.5
19,0.00366933,45.1279,38986.3,0,38986.3
19,0.00375467,36.2978,39041,0,39041
19,0.00384,38.3242,39002.9,0,39002.9
19,0.00392533,45.3136,39067.9,0,39067.9
19,0.00401067,30.3278,39095,0,39095
19,0.004096,50.809,39139.4,0,39139.4
19,0.00418133,28.4732,39136.8,0,39136.8
19,0.00426667,10.4831,39150.1,0,39150.1
19,0.004352,-7.8075,39140.9,0,39140.9
19,0.00443733,6.54257,39151.9,0,39151.9
19,0.00452267,17.3626,39134,0,39134
19,0.004608,9.79316,39179.2,0,39179.2
19,0.00469333,0.262371,39176.5,0,39176.5
19,0.00477867,18.881,39179.2,0,39179.2
19,0.004864,11.5128,39193.9,0,39193.9
19,0.00494933,23.7532,39182.6,0,39182.6
19,0.00503467,41.6971,39189,0,39189.1
19,0.00512,42.3651,39193.9,0,39193.9
19,0.00520533,43.4277,39221,0,39221.1
19,0.00529067,41.1088,39253.5,0,39253.5
19,0.005376,13.4122,39235.2,0,39235.2
19,0.00546133,-0.960842,39226,0,39226
19,0.00554667,12.4784,39227.1,0,39227.1
19,0.005632,18.2142,39226.3,0,39226.3
19,0.00571733,1.7281,39244.8,0,39244.8
19,0.00580267,-0.721652,39239.8,0,39239.8
19,0.005888,-4.07124,39209.6,0,39209.6
19,0.00597333,10.1221,39221.3,0,39221.3
19,0.00605867,29.5953,39232.7,0,39232.7
19,0.006144,14.2523,39232.7,0,39232.7
19,0.00622933,12.8154,39233.9,0,39233.9
19,0.00631467,23.8556,39227.5,0,39227.5
19,0.0064,5.42972,39242.4,0,39242.4
19,0.00648533,7.95145,39230.4,0,39230.4
19,0.00657067,9.70425,39215.8,0,39215.8
19,0.006656,5.74516,39192.2,0,39192.2
19,0.00674133,9.79962,39235.7,0,39235.7
19,0.00682667,8.59766,39231.2,0,39231.2
19,0.006912,5.59925,39218.6,0,39218.6
19,0.00699733,3.14873,39211.7,0,39211.7
19,0.00708267,1.59644,39207.5,0,39207.5
19,0.007168,-0.580328,39207.5,0,39207.5
19,0.00725333,3.93051,39211,0,39211
19,0.00733867,17.5836,39206.4,0,39206.4
19,0.007424,5.63601,39220.1,0,39220.1
19,0.00750933,6.13195,39211.8,0,39211.8
19,0.00759467,6.08579,39203.2,0,39203.2
19,0.00768,12.0392,39190.5,0,39190.5
19,0.00776533,41.9899,39234.6,0,39234.6
19,0.00785067,7.15798,39208.8,0,39208.8
19,0.007936,5.17429,39200.5,0,39200.5
19,0.00802133,5.48466,39191.5,0,39191.5
19,0.00810667,4.29019,39178.8,0,39178.8
19,0.008192,5.14225,39190.4,0,39190.4
19,0.00827733,8.31488,39178.2,0,39178.2
19,0.00836267,16.1532,39173.8,0,39173.8
19,0.008448,10.9473,39178.3,0,39178.3
19,0.00853333,3.96196,39174,0,39174
19,0.00861867,1.06527,39171.1,0,39171.1
19,0.008704,2.55647,39169,0,39169
19,0.00878933,2.77651,39163.5,0,39163.5
19,0.00887467,1.30194,39159.8,0,39159.8
19,0.00896,1.28997,39158.4,0,39158.4
19,0.00904533,1.44321,39155.9,0,39155.9
19,0.00913067,1.79352,39153.2,0,39153.2
19,0.009216,1.47774,39150,0,39150
19,0.00930133,0.839365,39148.1,0,39148.1
19,0.00938667,0.929374,39147.3,0,39147.3
19,0.009472,1.90621,39144.4,0,39144.4
19,0.00955733,0.97362,39141.4,0,39141.4
19,0.00964267,0.614205,39140.3,0,39140.3
19,0.009728,-0.75653,39141.5,0,39141.5
19,0.00981333,1.76456,39139.9,0,39139.9
19,0.00989867,1.33973,39136.7,0,39136.7
19,0.009984,0.886161,39135,0,39135
19,0.0100693,0.777276,39133.6,0,39133.6
19,0.0101547,0.667012,39132.5,0,39132.5
19,0.01024,1.27163,39131.1,0,39131.1
19,0.0103253,1.76158,39128.2,0,39128.2
19,0.0104107,1.33951,39125.2,0,39125.2
19,0.010496,0.829874,39123.8,0,39123.8
19,0.0105813,2.08106,39121.5,0,39121.5
19,0.0106667,-14.1841,39148.1,0,39148.2
19,0.010752,4.3735,39128.7,0,39128.7
19,0.0108373,4.12132,39120.6,0,39120.6
19,0.0109227,1.71412,39114.3,0,39114.3
19,0.011008,1.3857,39115,0,39115
19,0.0110933,-6.79703,39113.9,0,39113.9
19,0.0111787,5.22714,39111.5,0,39111.5
19,0.011264,-4.43431,39126.2,0,39126.2
19,0.0113493,-0.120692,39110.4,0,39110.4
19,0.0114347,4.69595,39116.2,0,39116.2
19,0.01152,16.0828,39103.2,0,39103.2
19,0.0116053,6.49637,39123.3,0,39123.3
19,0.0116907,2.92981,39117.9,0,39117.9
19,0.011776,2.37719,39113.6,0,39113.6
19,0.0118613,1.75541,39109.8,0,39109.8
19,0.0119467,-0.582252,39108.3,0,39108.3
19,0.012032,1.37972,39109.8,0,39109.8
19,0.0121173,2.9558,39105.2,0,39105.2
19,0.0122027,2.70704,39099,0,39099
19,0.012288,-2.60683,39099.1,0,39099.1
19,0.0123733,-9.78223,39114.3,0,39114.3
19,0.0124587,0.486684,39118.2,0,39118.2
19,0.012544,2.23904,39114.2,0,39114.2
19,0.0126293,2.14616,39110.1,0,39110.1
19,0.0127147,1.80506,39106.7,0,39106.7
20,0,1219.45,38420.8,0,38440.2
20,8.53333e-05,10.0395,36942.9,0,36942.9
20,0.000170667,-50.1467,37028,0,37028.1
20,0.000256,4.1896,37061.9,0,37061.9
20,0.000341333,-7.50216,37117.3,0,37117.3
20,0.000426667,-23.3516,37179.6,0,37179.6
20,0.000512,-68.9675,37293.5,0,37293.6
20,0.000597333,-48.0654,37270,0,37270.1
20,0.000682667,46.718,37330.1,0,37330.1
20,0.000768,167.486,37378.6,0,37379
20,0.000853333,-51.0905,37503.1,0,37503.1
20,0.000938667,104.866,37583.4,0,37583.6
20,0.001024,26.0182,37690.5,0,37690.5
20,0.00110933,17.3907,37750.5,0,37750.5
20,0.00119467,14.5307,37779.8,0,37779.8
20,0.00128,-37.711,37894.5,0,37894.5
20,0.00136533,-62.7251,37858.6,0,37858.7
20,0.00145067,26.8308,38044,0,38044
20,0.001536,13.3607,38002,0,38002
20,0.00162133,53.9978,38059.1,0,38059.2
20,0.00170667,14.119,38095.2,0,38095.2
20,0.001792,-38.5415,38204.7,0,38204.7
20,0.00187733,4.66295,38295.8,0,38295.8
20,0.00196267,62.8329,38254.9,0,38254.9
20,0.002048,17.6837,38346.1,0,38346.1
20,0.00213333,71.794,38366.2,0,38366.2
20,0.00221867,151.452,38399.1,0,38399.4
20,0.002304,206.445,38672.3,0,38672.8
20,0.00238933,15.0014,38557.1,0,38557.1
20,0.00247467,3.70826,38656.7,0,38656.7
20,0.00256,23.7246,38679.1,0,38679.1
20,0.00264533,3.21364,38746.5,0,38746.5
20,0.00273067,38.0972,38786.9,0,38786.9
20,0.002816,16.0542,38824.5,0,38824.5
20,0.00290133,11.3928,38867.9,0,38867.9
20,0.00298667,22.4343,38874.4,0,38874.4
20,0.003072,10.0212,38931.2,0,38931.2
20,0.00315733,-18.1355,38958.9,0,38958.9
20,0.00324267,1.41654,38976.6,0,38976.6
20,0.003328,15.0012,39046.2,0,39046.2
20,0.00341333,12.2484,39010.3,0,39010.3
20,0.00349867,23.5882,39003.7,0,39003.7
20,0.003584,15.7012,39088.2,0,39088.2
20,0.00366933,14.0234,39098.3,0,39098.3
20,0.00375467,7.84579,39149.1,0,39149.1
20,0.00384,35.737,39084.5,0,39084.5
20,0.00392533,36.6995,39145.8,0,39145.8
20,0.00401067,39.0686,39171.8,0,39171.8
20,0.004096,55.7706,39278.7,0,39278.8
20,0.00418133,46.9517,39178.7,0,39178.8
20,0.00426667,17.6862,39231.1,0,39231.1
20,0.004352,12.7591,39201.8,0,39201.8
20,0.00443733,15.5566,39237.3,0,39237.3
20,0.00452267,8.81923,39199.9,0,39199.9
20,0.004608,6.34458,39271.6,0,39271.6
20,0.00469333,7.76712,39246.2,0,39246.3
20,0.00477867,27.9517,39219.9,0,39219.9
20,0.004864,19.2171,39257.3,0,39257.4
20,0.00494933,23.5126,39237.4,0,39237.4
20,0.00503467,48.1574,39230.3,0,39230.4
20,0.00512,41.0717,39250.3,0,39250.3
20,0.00520533,37.2142,39262.4,0,39262.4
20,0.00529067,27.3377,39295.7,0,39295.7
20,0.005376,10.6647,39278.2,0,39278.2
20,0.00546133,2.43121,39267.5,0,39267.5
20,0.00554667,11.8105,39266.4,0,39266.4
20,0.005632,10.242,39268.6,0,39268.6
20,0.00571733,6.68849,39278.3,0,39278.3
20,0.00580267,4.68984,39267.5,0,39267.5
20,0.005888,2.53682,39263.3,0,39263.3
20,0.00597333,8.63643,39255.9,0,39255.9
20,0.00605867,18.6905,39271.4,0,39271.4
20,0.006144,14.9828,39271.7,0,39271.7
20,0.00622933,14.3818,39261.9,0,39261.9
20,0.00631467,16.1905,39255.9,0,39255.9
20,0.0064,6.13417,39278.8,0,39278.8
20,0.00648533,9.64906,39259,0,39259
20,0.00657067,9.92248,39242.2,0,39242.2
20,0.006656,-6.18953,39214.6,0,39214.6
20,0.00674133,-2.4619,39256.6,0,39256.6
20,0.00682667,6.98203,39252.1,0,39252.1
20,0.006912,5.12138,39239.8,0,39239.8
20,0.00699733,2.67344,39233.9,0,39233.9
20,0.00708267,1.32073,39229.6,0,39229.6
20,0.007168,-0.656929,39233,0,39233
20,0.00725333,5.5817,39230.6,0,39230.6
20,0.00733867,20.4173,39221.7,0,39221.7
20,0.007424,4.69389,39241.8,0,39241.8
20,0.00750933,6.74584,39227.9,0,39227.9
20,0.00759467,6.04239,39218.6,0,39218.6
20,0.00768,12.6009,39206.1,0,39206.1
20,0.00776533,41.4702,39247.1,0,39247.1
20,0.00785067,7.03945,39228.4,0,39228.4
20,0.007936,6.43729,39217.2,0,39217.2
20,0.00802133,6.35823,39206.5,0,39206.5
20,0.00810667,6.41367,39191.7,0,39191.7
20,0.008192,6.84721,39205.4,0,39205.4
20,0.00827733,8.30474,39191.7,0,39191.7
20,0.00836267,15.4998,39185.6,0,39185.6
20,0.008448,12.2546,39190.5,0,39190.5
20,0.00853333,4.87403,39185.9,0,39185.9
20,0.00861867,-0.285078,39182.3,0,39182.3
20,0.008704,3.3218,39181.9,0,39181.9
20,0.00878933,3.65042,39174.6,0,39174.6
20,0.00887467,0.849034,39169.7,0,39169.7
20,0.00896,1.094,39169.8,0,39169.8
20,0.00904533,1.27925,39168,0,39168
20,0.00913067,2.29809,39164.6,0,39164.6
20,0.009216,2.18197,39160.5,0,39160.5
20,0.00930133,1.62489,39157,0,39157
20,0.00938667,0.243733,39155.9,0,39155.9
20,0.009472,1.88865,39154.1,0,39154.1
20,0.00955733,1.40138,39150.6,0,39150.6
20,0.00964267,0.712098,39148.9,0,39148.9
20,0.009728,-0.2829,39149.5,0,39149.5
20,0.00981333,1.58672,39147.8,0,39147.8
20,0.00989867,1.23946,39145,0,39145
20,0.009984,1.01133,39143.3,0,39143.3
20,0.0100693,0.993742,39141.6,0,39141.6
20,0.0101547,0.869924,39140.1,0,39140.1
20,0.01024,1.22538,39138.5,0,39138.5
20,0.0103253,1.59996,39135.9,0,39135.9
20,0.0104107,1.3308,39133.1,0,39133.1
20,0.010496,0.975809,39131.4,0,39131.4
20,0.0105813,1.29655,39129.4,0,39129.4
20,0.0106667,-5.14662,39126.9,0,39126.9
20,0.010752,2.81449,39134.3,0,39134.3
20,0.0108373,3.43374,39127.2,0,39127.2
20,0.0109227,1.95306,39122.1,0,39122.1
20,0.011008,1.57295,39120.2,0,39120.2
20,0.0110933,-1.67703,39118.5,0,39118.5
20,0.0111787,3.40266,39116.9,0,39116.9
20,0.011264,-3.69253,39121.4,0,39121.4
20,0.0113493,0.471751,39115.1,0,39115.1
20,0.0114347,1.33708,39120.3,0,39120.3
20,0.01152,5.33559,39105.2,0,39105.2
20,0.0116053,3.91526,39129.8,0,39129.8
20,0.0116907,2.88796,39122.7,0,39122.7
20,0.011776,2.29676,39118.3,0,39118.3
20,0.0118613,1.64275,39114.7,0,39114.7
20,0.0119467,-0.144361,39113.3,0,39113.3
20,0.012032,1.26166,39113.8,0,39113.8
20,0.0121173,2.55637,39109.9,0,39109.9
20,0.0122027,2.14856,39104.8,0,39104.8
20,0.012288,-0.801647,39103.5,0,39103.5
20,0.0123733,-8.95695,39109.1,0,39109.1
20,0.0124587,-0.493472,39122.6,0,39122.6
20,0.012544,2.15082,39118.5,0,39118.5
20,0.0126293,2.21638,39114.4,0,39114.4
20,0.0127147,1.90248,39110.8,0,39110.8
21,0,1713.86,38096.1,0,38134.7
21,8.53333e-05,-85.3159,36079.2,0,36079.3
21,0.000170667,-39.1856,36219.3,0,36219.3
21,0.000256,-78.635,36349.4,0,36349.5
21,0.000341333,-65.7795,36454.4,0,36454.5
21,0.000426667,-124.184,36547.8,0,36548
21,0.000512,-63.8676,36698.9,0,36699
21,0.000597333,-72.1078,36803.6,0,36803.7
21,0.000682667,-147.402,36712.5,0,36712.8
21,0.000768,8.66398,36924.3,0,36924.3
21,0.000853333,123.135,37186.7,0,37186.9
21,0.000938667,-51.3329,37145.4,0,37145.4
21,0.001024,-59.0867,37510.9,0,37511
21,0.00110933,-51.6888,37436.4,0,37436.4
21,0.00119467,-48.2794,37538.3,0,37538.4
21,0.00128,-3.94122,37626.5,0,37626.5
21,0.00136533,-20.392,37689,0,37689
21,0.00145067,61.1371,37806.6,0,37806.6
21,0.001536,41.7773,37890.9,0,37890.9
21,0.00162133,66.1359,37954.3,0,37954.3
21,0.00170667,32.9543,38112.1,0,38112.1
21,0.001792,-9.71383,38173.9,0,38173.9
21,0.00187733,-69.2926,38249,0,38249.1
21,0.00196267,-11.9657,38303.1,0,38303.1
21,0.002048,90.8939,38330.4,0,38330.5
21,0.00213333,144.577,38286.6,0,38286.8
21,0.00221867,132.834,38642.5,0,38642.8
21,0.002304,89.845,38602.8,0,38602.9
21,0.00238933,44.5948,38602.9,0,38602.9
21,0.00247467,72.5576,38700.3,0,38700.4
21,0.00256,59.0818,38750.5,0,38750.5
21,0.00264533,-26.7925,38813.9,0,38813.9
21,0.00273067,28.8107,38876.3,0,38876.4
21,0.002816,59.2089,38937.2,0,38937.2
21,0.00290133,29.2094,38929.8,0,38929.8
21,0.00298667,68.0109,38947.8,0,38947.8
21,0.003072,18.7367,39009.9,0,39010
21,0.00315733,9.84199,39049.6,0,39049.6
21,0.00324267,-3.80037,39062.9,0,39062.9
21,0.003328,-22.6229,39115.9,0,39115.9
21,0.00341333,1.07902,39076,0,39076
21,0.00349867,19.2313,39153,0,39153
21,0.003584,10.8773,39153.9,0,39153.9
21,0.00366933,-2.09177,39153,0,39153
21,0.00375467,7.2866,39205.6,0,39205.6
21,0.00384,-18.5514,39191.6,0,39191.6
21,0.00392533,21.3734,39185.9,0,39186
21,0.00401067,33.2577,39233.8,0,39233.8
21,0.004096,-5.58106,39252,0,39252
21,0.00418133,-7.57803,39245.3,0,39245.3
21,0.00426667,16.6857,39286.9,0,39286.9
21,0.004352,14.9608,39254.2,0,39254.2
21,0.00443733,17.4239,39287.8,0,39287.8
21,0.00452267,0.319787,39275.2,0,39275.2
21,0.004608,-3.96234,39304,0,39304
21,0.00469333,2.67245,39299.6,0,39299.6
21,0.00477867,12.7312,39275.4,0,39275.4
21,0.004864,15.8588,39306.2,0,39306.2
21,0.00494933,23.0517,39280,0,39280
21,0.00503467,42.0267,39259.4,0,39259.4
21,0.00512,36.987,39292.3,0,39292.3
21,0.00520533,30.2213,39301.7,0,39301.7
21,0.00529067,37.9274,39328.3,0,39328.3
21,0.005376,9.73164,39307,0,39307
21,0.00546133,1.40223,39304.4,0,39304.4
21,0.00554667,10.5256,39301,0,39301
21,0.005632,19.5863,39308.1,0,39308.1
21,0.00571733,4.72353,39309.1,0,39309.1
21,0.00580267,5.50944,39298,0,39298
21,0.005888,2.35529,39292.2,0,39292.2
21,0.00597333,5.86524,39286.4,0,39286.4
21,0.00605867,7.66365,39287.6,0,39287.6
21,0.006144,15.5734,39299.4,0,39299.4
21,0.00622933,14.6378,39284.6,0,39284.6
21,0.00631467,20.2896,39276.4,0,39276.4
21,0.0064,23.7747,39307.9,0,39307.9
21,0.00648533,11.4715,39281.1,0,39281.1
21,0.00657067,12.9422,39262.8,0,39262.8
21,0.006656,22.8596,39237.5,0,39237.5
21,0.00674133,8.77392,39307.5,0,39307.5
21,0.00682667,10.5986,39271.4,0,39271.4
21,0.006912,5.98577,39257.3,0,39257.3
21,0.00699733,3.2267,39251.2,0,39251.2
21,0.00708267,3.26888,39244.4,0,39244.4
21,0.007168,-2.49954,39253.6,0,39253.6
21,0.00725333,8.36151,39244.7,0,39244.7
21,0.00733867,37.6424,39226.2,0,39226.2
21,0.007424,16.7258,39255.6,0,39255.6
21,0.00750933,6.78661,39241.5,0,39241.5
21,0.00759467,4.52106,39233.8,0,39233.8
21,0.00768,9.39379,39223.4,0,39223.4
21,0.00776533,30.9331,39308.5,0,39308.5
21,0.00785067,6.68666,39243.9,0,39243.9
21,0.007936,6.77686,39230.6,0,39230.6
21,0.00802133,6.35572,39219.6,0,39219.6
21,0.00810667,6.39548,39207.3,0,39207.3
21,0.008192,3.5336,39221.2,0,39221.2
21,0.00827733,7.89662,39203.5,0,39203.5
21,0.00836267,16.8285,39193.5,0,39193.5
21,0.008448,12.206,39202.9,0,39202.9
21,0.00853333,5.45163,39194.5,0,39194.5
21,0.00861867,-4.90974,39187.3,0,39187.3
21,0.008704,4.51224,39192.5,0,39192.5
21,0.00878933,4.53644,39183.3,0,39183.3
21,0.00887467,-0.280718,39176.3,0,39176.3
21,0.00896,1.59959,39179.6,0,39179.6
21,0.00904533,1.14588,39178.1,0,39178.1
21,0.00913067,2.82606,39173.9,0,39173.9
21,0.009216,2.78436,39168.8,0,39168.8
21,0.00930133,2.31229,39163.9,0,39163.9
21,0.00938667,-1.38409,39163.6,0,39163.6
21,0.009472,2.29769,39162.4,0,39162.4
21,0.00955733,1.54894,39158.2,0,39158.2
21,0.00964267,0.807314,39156.5,0,39156.5
21,0.009728,0.0359506,39156.6,0,39156.6
21,0.00981333,1.65169,39154.7,0,39154.7
21,0.00989867,1.35326,39151.8,0,39151.8
21,0.009984,1.16294,39149.8,0,39149.8
21,0.0100693,0.928665,39147.9,0,39147.9
21,0.0101547,0.886605,39146.6,0,39146.6
21,0.01024,1.4165,39144.8,0,39144.8
21,0.0103253,1.69991,39141.8,0,39141.8
21,0.0104107,1.37568,39139,0,39139
21,0.010496,1.04921,39137.1,0,39137.1
21,0.0105813,0.950748,39135.2,0,39135.2
21,0.0106667,-2.28224,39134.9,0,39134.9
21,0.010752,2.07069,39137.7,0,39137.7
21,0.0108373,3.29372,39131.7,0,39131.7
21,0.0109227,2.34657,39125.9,0,39125.9
21,0.011008,-0.35372,39125.2,0,39125.2
21,0.0110933,0.239846,39125.2,0,39125.2
21,0.0111787,2.80331,39122,0,39122
21,0.011264,-3.50451,39122.2,0,39122.2
21,0.0113493,0.510855,39122.1,0,39122.1
21,0.0114347,1.28138,39122.7,0,39122.7
21,0.01152,-1.01189,39114.5,0,39114.5
21,0.0116053,1.26256,39133.2,0,39133.2
21,0.0116907,2.71209,39126.4,0,39126.4
21,0.011776,2.23871,39122,0,39122
21,0.0118613,1.57988,39118.5,0,39118.5
21,0.0119467,0.0500734,39117,0,39117
21,0.012032,1.26539,39117.3,0,39117.3
21,0.0121173,2.58295,39113.4,0,39113.4
21,0.0122027,2.68304,39108.4,0,39108.4
21,0.012288,1.86493,39103.8,0,39103.8
21,0.0123733,-18.6888,39104.3,0,39104.3
21,0.0124587,1.42582,39130.1,0,39130.1
21,0.012544,2.87972,39123.2,0,39123.2
21,0.0126293,2.54508,39118.4,0,39118.4
21,0.0127147,2.07492,39114.4,0,39114.4
22,0,2225.22,37778.8,0,37844.3
22,8.53333e-05,-50.904,35243.4,0,35243.5
22,0.000170667,-57.6073,35433.6,0,35433.6
22,0.000256,-125.675,35778.7,0,35778.9
22,0.000341333,-52.1829,35812.7,0,35812.7
22,0.000426667,-1.38418,35994.8,0,35994.8
22,0.000512,-25.2592,36201.1,0,36201.1
22,0.000597333,-21.3595,36301.6,0,36301.6
22,0.000682667,-19.1068,36522.6,0,36522.6
22,0.000768,58.0461,36627.9,0,36627.9
22,0.000853333,228.735,36932.8,0,36933.6
22,0.000938667,57.3925,37071.6,0,37071.6
22,0.001024,-6.2495,37147.4,0,37147.4
22,0.00110933,-15.0425,37267.7,0,37267.7
22,0.00119467,-50.6633,37397.4,0,37397.4
22,0.00128,-42.6157,37584.3,0,37584.3
22,0.00136533,-36.7518,37702,0,37702
22,0.00145067,18.1214,37927.4,0,37927.4
22,0.001536,42.2436,37855.6,0,37855.6
22,0.00162133,39.0651,37885.3,0,37885.3
22,0.00170667,-6.46546,38061.4,0,38061.4
22,0.001792,-7.10174,38188.9,0,38188.9
22,0.00187733,19.2591,38380.1,0,38380.1
22,0.00196267,28.2924,38379.9,0,38379.9
22,0.002048,28.7754,38412.1,0,38412.1
22,0.00213333,-0.264409,38361.9,0,38361.9
22,0.00221867,-26.739,38550.5,0,38550.6
22,0.002304,211.88,38744.3,0,38744.9
22,0.00238933,75.3813,38619.7,0,38619.8
22,0.00247467,89.5511,38767.1,0,38767.2
22,0.00256,41.2142,38831.1,0,38831.1
22,0.00264533,33.7099,38901.2,0,38901.3
22,0.00273067,32.3387,38785.2,0,38785.2
22,0.002816,29.2117,38998.8,0,38998.8
22,0.00290133,44.0505,38999.5,0,38999.5
22,0.00298667,73.0405,39040.5,0,39040.6
22,0.003072,67.5094,39090,0,39090.1
22,0.00315733,34.041,39110.8,0,39110.9
22,0.00324267,-6.63287,39132.5,0,39132.5
22,0.003328,2.13774,39142.6,0,39142.6
22,0.00341333,30.5692,39138.9,0,39138.9
22,0.00349867,74.1548,39207.6,0,39207.7
22,0.003584,24.6016,39212.9,0,39212.9
22,0.00366933,-4.64634,39211.1,0,39211.1
22,0.00375467,13.8263,39239.9,0,39239.9
22,0.00384,-27.8823,39244,0,39244
22,0.00392533,5.38887,39252.1,0,39252.1
22,0.00401067,13.3453,39284.9,0,39284.9
22,0.004096,32.232,39298.8,0,39298.8
22,0.00418133,4.31241,39307.3,0,39307.3
22,0.00426667,27.939,39330.1,0,39330.1
22,0.004352,18.0902,39293.6,0,39293.6
22,0.00443733,16.3945,39346.8,0,39346.8
22,0.00452267,27.5632,39322,0,39322
22,0.004608,62.4892,39329.3,0,39329.4
22,0.00469333,6.91307,39344.5,0,39344.5
22,0.00477867,7.34256,39317.1,0,39317.1
22,0.004864,10.2843,39334.8,0,39334.8
22,0.00494933,15.5396,39309.3,0,39309.3
22,0.00503467,19.9998,39304.5,0,39304.5
22,0.00512,22.6595,39321.7,0,39321.7
22,0.00520533,4.88973,39281.2,0,39281.2
22,0.00529067,-16.5582,39367.6,0,39367.6
22,0.005376,11.861,39332.3,0,39332.3
22,0.00546133,6.62419,39335.5,0,39335.5
22,0.00554667,9.77155,39320.9,0,39320.9
22,0.005632,21.4613,39337.8,0,39337.8
22,0.00571733,5.5328,39329.6,0,39329.6
22,0.00580267,5.46667,39316.9,0,39316.9
22,0.005888,0.762322,39312.8,0,39312.8
22,0.00597333,5.11848,39309.2,0,39309.2
22,0.00605867,6.64494,39300.5,0,39300.5
22,0.006144,11.3263,39318.7,0,39318.7
22,0.00622933,14.3237,39299.5,0,39299.5
22,0.00631467,23.7433,39290.8,0,39290.8
22,0.0064,26.2088,39312.1,0,39312.1
22,0.00648533,12.6373,39298.2,0,39298.2
22,0.00657067,13.585,39279.1,0,39279.1
22,0.006656,19.6337,39256.4,0,39256.4
22,0.00674133,7.44719,39313.2,0,39313.2
22,0.00682667,11.6622,39285.3,0,39285.3
22,0.006912,6.81603,39270.2,0,39270.2
22,0.00699733,3.06881,39262.8,0,39262.8
22,0.00708267,5.21065,39256.5,0,39256.5
22,0.007168,6.32539,39283.1,0,39283.1
22,0.00725333,6.43437,39261.3,0,39261.3
22,0.00733867,13.9211,39236,0,39236
22,0.007424,-7.35337,39283.8,0,39283.8
22,0.00750933,7.27368,39254.9,0,39254.9
22,0.00759467,3.9117,39245.8,0,39245.8
22,0.00768,7.25434,39236.4,0,39236.4
22,0.00776533,-21.6833,39266.3,0,39266.3
22,0.00785067,5.19829,39254.4,0,39254.4
22,0.007936,6.80247,39240.1,0,39240.1
22,0.00802133,6.27467,39228.9,0,39228.9
22,0.00810667,5.298,39217.3,0,39217.3
22,0.008192,1.28774,39225.2,0,39225.2
22,0.00827733,7.08314,39211.8,0,39211.8
22,0.00836267,15.6656,39197.9,0,39197.9
22,0.008448,10.6112,39212.7,0,39212.7
22,0.00853333,6.44138,39201.8,0,39201.8
22,0.00861867,6.48549,39161.7,0,39161.7
22,0.008704,6.76957,39201.1,0,39201.1
22,0.00878933,5.88054,39190.1,0,39190.1
22,0.00887467,-0.220981,39174.9,0,39174.9
22,0.00896,3.59863,39186.8,0,39186.8
22,0.00904533,0.763479,39187.2,0,39187.2
22,0.00913067,3.47095,39181.1,0,39181.1
22,0.009216,3.3462,39175.2,0,39175.2
22,0.00930133,3.30893,39168.9,0,39168.9
22,0.00938667,-7.00434,39170.5,0,39170.5
22,0.009472,3.00836,39169.7,0,39169.7
22,0.00955733,2.07527,39164.8,0,39164.8
22,0.00964267,1.39011,39161.9,0,39161.9
22,0.009728,0.286951,39160.8,0,39160.8
22,0.00981333,1.28964,39159.5,0,39159.5
22,0.00989867,1.16894,39157.3,0,39157.3
22,0.009984,1.26757,39155.2,0,39155.2
22,0.0100693,1.03354,39153.1,0,39153.1
22,0.0101547,0.960059,39151.7,0,39151.7
22,0.01024,1.57865,39149.6,0,39149.6
22,0.0103253,1.84254,39146.4,0,39146.4
22,0.0104107,1.45282,39143.4,0,39143.4
22,0.010496,1.07333,39141.4,0,39141.4
22,0.0105813,0.681946,39139.7,0,39139.7
22,0.0106667,-0.847308,39139.8,0,39139.8
22,0.010752,1.76404,39140.4,0,39140.4
22,0.0108373,3.15413,39135.3,0,39135.3
22,0.0109227,2.75105,39129.1,0,39129.1
22,0.011008,-2.9006,39129.9,0,39129.9
22,0.0110933,1.75526,39129.6,0,39129.6
22,0.0111787,2.33823,39125.5,0,39125.5
22,0.011264,-1.43147,39124.5,0,39124.5
22,0.0113493,-1.88613,39125.4,0,39125.4
22,0.0114347,1.68625,39128.4,0,39128.4
22,0.01152,1.30021,39122.3,0,39122.3
22,0.0116053,-4.49573,39129.8,0,39129.8
22,0.0116907,1.90461,39129.7,0,39129.7
22,0.011776,2.15575,39125.3,0,39125.3
22,0.0118613,1.57154,39121.9,0,39121.9
22,0.0119467,0.253576,39120.3,0,39120.3
22,0.012032,1.16146,39120.3,0,39120.3
22,0.0121173,2.47806,39116.7,0,39116.7
22,0.0122027,2.77924,39111.9,0,39111.9
22,0.012288,3.04568,39106.7,0,39106.7
22,0.0123733,-23.8805,39076.4,0,39076.4
22,0.0124587,3.53529,39132.5,0,39132.5
22,0.012544,2.90889,39125.8,0,39125.8
22,0.0126293,2.57054,39121,0,39121
22,0.0127147,2.10681,39117.1,0,39117.1
23,0,2481.81,37502.1,0,37584.1
23,8.53333e-05,-80.1406,34675.5,0,34675.6
23,0.000170667,-114.113,34969.7,0,34969.9
23,0.000256,16.4608,35147,0,35147
23,0.000341333,11.9369,35468,0,35468
23,0.000426667,-39.6506,35482.1,0,35482.2
23,0.000512,-32.0395,35816.2,0,35816.2
23,0.000597333,-53.3761,35992.7,0,35992.7
23,0.000682667,-39.9005,36138.3,0,36138.4
23,0.000768,52.1828,36414.1,0,36414.1
23,0.000853333,100.014,36678.8,0,36678.9
23,0.000938667,67.0512,36838.4,0,36838.4
23,0.001024,40.1764,37008.3,0,37008.4
23,0.00110933,-13.6804,37190.1,0,37190.1
23,0.00119467,-101.502,37195,0,37195.1
23,0.00128,-31.2056,37493.7,0,37493.7
23,0.00136533,-23.0726,37707.2,0,37707.2
23,0.00145067,-94.3082,37664.1,0,37664.2
23,0.001536,-0.994406,37886.9,0,37886.9
23,0.00162133,195.644,38011.1,0,38011.6
23,0.00170667,0.980117,38099,0,38099
23,0.001792,23.2308,38191,0,38191
23,0.00187733,-3.88867,38254.3,0,38254.3
23,0.00196267,43.9079,38365.1,0,38365.1
23,0.002048,50.6651,38435.6,0,38435.6
23,0.00213333,74.8128,38463.5,0,38463.6
23,0.00221867,96.9156,38600.7,0,38600.9
23,0.002304,-4.85973,38599.6,0,38599.6
23,0.00238933,70.5451,38702.5,0,38702.5
23,0.00247467,71.3253,38806.8,0,38806.9
23,0.00256,61.6448,38886.4,0,38886.4
23,0.00264533,121.258,38910.8,0,38911
23,0.00273067,47.1871,38938.5,0,38938.5
23,0.002816,44.1003,39066.7,0,39066.8
23,0.00290133,40.9665,39056.9,0,39056.9
23,0.00298667,48.3967,39076.9,0,39077
23,0.003072,64.7644,39131.2,0,39131.3
23,0.00315733,29.1324,39160.6,0,39160.6
23,0.00324267,-7.14622,39180.4,0,39180.4
23,0.003328,0.453314,39189.5,0,39189.5
23,0.00341333,19.0063,39199,0,39199
23,0.00349867,33.6371,39192.4,0,39192.4
23,0.003584,26.3999,39256.7,0,39256.7
23,0.00366933,-2.27094,39256,0,39256
23,0.00375467,17.7875,39276.8,0,39276.8
23,0.00384,9.89419,39263.4,0,39263.4
23,0.00392533,100.354,39358.7,0,39358.8
23,0.00401067,19.1234,39314.5,0,39314.5
23,0.004096,44.2893,39328.5,0,39328.5
23,0.00418133,7.99077,39343.1,0,39343.1
23,0.00426667,26.8132,39359.9,0,39359.9
23,0.004352,15.8373,39326,0,39326
23,0.00443733,9.70622,39366.3,0,39366.3
23,0.00452267,27.8922,39347.4,0,39347.4
23,0.004608,26.759,39342.1,0,39342.1
23,0.00469333,-7.37243,39376,0,39376
23,0.00477867,5.77516,39347.7,0,39347.7
23,0.004864,8.439,39356.3,0,39356.3
23,0.00494933,13.6562,39331.8,0,39331.8
23,0.00503467,13.9413,39335.4,0,39335.4
23,0.00512,16.7827,39337.9,0,39337.9
23,0.00520533,22.018,39315.4,0,39315.5
23,0.00529067,-3.25919,39369.5,0,39369.5
23,0.005376,13.4302,39350,0,39350
23,0.00546133,10.1792,39355.7,0,39355.7
23,0.00554667,2.42132,39334.6,0,39334.6
23,0.005632,3.36101,39346.6,0,39346.6
23,0.00571733,3.94077,39345.7,0,39345.7
23,0.00580267,6.24094,39332.3,0,39332.3
23,0.005888,1.37934,39324.8,0,39324.8
23,0.00597333,4.33626,39323.9,0,39323.9
23,0.00605867,5.26984,39313.4,0,39313.4
23,0.006144,6.30359,39329.7,0,39329.7
23,0.00622933,13.8133,39310.3,0,39310.3
23,0.00631467,29.4646,39300.8,0,39300.8
23,0.0064,21.9999,39320.8,0,39320.8
23,0.00648533,13.3271,39309.3,0,39309.3
23,0.00657067,13.6444,39289.3,0,39289.3
23,0.006656,17.604,39267.8,0,39267.8
23,0.00674133,4.40524,39316,0,39316
23,0.00682667,11.4475,39295.7,0,39295.7
23,0.006912,6.88612,39280,0,39280
23,0.00699733,3.12842,39272.6,0,39272.6
23,0.00708267,7.17456,39266.1,0,39266.1
23,0.007168,19.216,39287.5,0,39287.5
23,0.00725333,7.08137,39269.5,0,39269.5
23,0.00733867,4.95276,39247.3,0,39247.3
23,0.007424,-8.54271,39283.6,0,39283.6
23,0.00750933,6.95222,39262,0,39262
23,0.00759467,2.65571,39253.3,0,39253.3
23,0.00768,7.56618,39246.9,0,39246.9
23,0.00776533,-6.41654,39212.7,0,39212.7
23,0.00785067,8.45042,39266.4,0,39266.4
23,0.007936,7.59914,39248.3,0,39248.3
23,0.00802133,6.54971,39236.3,0,39236.3
23,0.00810667,5.07397,39224.7,0,39224.7
23,0.008192,1.24669,39229.8,0,39229.8
23,0.00827733,6.76036,39217.9,0,39217.9
23,0.00836267,13.0725,39201.3,0,39201.3
23,0.008448,9.01032,39218.9,0,39218.9
23,0.00853333,6.81405,39207.3,0,39207.3
23,0.00861867,24.1452,39185.9,0,39185.9
23,0.008704,8.50022,39206.9,0,39206.9
23,0.00878933,6.81541,39194.9,0,39194.9
23,0.00887467,7.18754,39171.9,0,39171.9
23,0.00896,5.826,39191.3,0,39191.3
23,0.00904533,0.829603,39194.8,0,39194.8
23,0.00913067,3.97767,39186.1,0,39186.1
23,0.009216,3.70997,39179.7,0,39179.7
23,0.00930133,4.22455,39172.6,0,39172.6
23,0.00938667,-19.5143,39177.8,0,39177.8
23,0.009472,3.84338,39174.1,0,39174.1
23,0.00955733,2.13056,39168.6,0,39168.6
23,0.00964267,1.26995,39166.1,0,39166.1
23,0.009728,0.582225,39164.8,0,39164.8
23,0.00981333,1.29686,39163.1,0,39163.1
23,0.00989867,1.11996,39161.1,0,39161.1
23,0.009984,1.38585,39158.9,0,39158.9
23,0.0100693,1.13532,39156.6,0,39156.6
23,0.0101547,0.989237,39155.1,0,39155.1
23,0.01024,1.57344,39153,0,39153
23,0.0103253,1.84046,39149.8,0,39149.8
23,0.0104107,1.42245,39146.8,0,39146.8
23,0.010496,1.02289,39144.8,0,39144.8
23,0.0105813,0.602538,39143.3,0,39143.3
23,0.0106667,-0.278668,39143.2,0,39143.2
23,0.010752,1.73281,39143,0,39143
23,0.0108373,3.16675,39138.2,0,39138.2
23,0.0109227,3.86992,39131.9,0,39131.9
23,0.011008,-0.743896,39118.8,0,39118.8
23,0.0110933,3.13569,39135.7,0,39135.7
23,0.0111787,2.81358,39129,0,39129
23,0.011264,-0.0160825,39126.7,0,39126.7
23,0.0113493,-3.17187,39126,0,39126
23,0.0114347,2.28318,39131.3,0,39131.3
23,0.01152,1.68424,39124,0,39124
23,0.0116053,-5.28066,39132.8,0,39132.8
23,0.0116907,2.14547,39132.1,0,39132.1
23,0.011776,2.20588,39127.5,0,39127.5
23,0.0118613,1.54413,39124.1,0,39124.1
23,0.0119467,0.408362,39122.5,0,39122.5
23,0.012032,1.1971,39122.2,0,39122.2
23,0.0121173,2.46148,39118.7,0,39118.7
23,0.0122027,3.01915,39113.9,0,39113.9
23,0.012288,4.52727,39108.1,0,39108.1
23,0.0123733,32.1808,39048.3,0,39048.3
23,0.0124587,5.73537,39135.1,0,39135.1
23,0.012544,3.25561,39128.2,0,39128.2
23,0.0126293,2.70762,39123.1,0,39123.1
23,0.0127147,2.17507,39119,0,39119
24,0,2761.49,37255.3,0,37357.5
24,8.53333e-05,32.8766,34146.1,0,34146.1
24,0.000170667,-22.9129,34345.2,0,34345.3
24,0.000256,5.06155,34870.4,0,34870.4
24,0.000341333,-81.4602,35039.3,0,35039.4
24,0.000426667,-140.05,35208.2,0,35208.5
24,0.000512,-68.5771,35628.4,0,35628.5
24,0.000597333,-8.448,35803.7,0,35803.7
24,0.000682667,61.9306,36029.9,0,36029.9
24,0.000768,65.744,36248.5,0,36248.5
24,0.000853333,104.459,36497.2,0,36497.3
24,0.000938667,114.245,36835.2,0,36835.4
24,0.001024,17.1052,37002.4,0,37002.4
24,0.00110933,15.8757,37126.7,0,37126.7
24,0.00119467,26.5735,37245.8,0,37245.8
24,0.00128,0.564144,37523.9,0,37523.9
24,0.00136533,-69.0421,37775.8,0,37775.9
24,0.00145067,-91.6265,37690.6,0,37690.7
24,0.001536,71.0718,37896.8,0,37896.8
24,0.00162133,112.28,37972,0,37972.1
24,0.00170667,-7.18497,38092.1,0,38092.1
24,0.001792,10.9795,38221,0,38221
24,0.00187733,28.2795,38473.6,0,38473.6
24,0.00196267,49.949,38435.6,0,38435.6
24,0.002048,17.7306,38453.3,0,38453.3
24,0.00213333,30.3025,38479.1,0,38479.1
24,0.00221867,44.235,38570.2,0,38570.2
24,0.002304,20.7164,38642.8,0,38642.8
24,0.00238933,116.581,38789.1,0,38789.2
24,0.00247467,39.3899,38831.1,0,38831.2
24,0.00256,75.0084,38926.9,0,38927
24,0.00264533,6.87191,39088.6,0,39088.6
24,0.00273067,24.2095,38972.6,0,38972.6
24,0.002816,34.4273,39088.7,0,39088.7
24,0.00290133,33.6338,39079.6,0,39079.6
24,0.00298667,37.8219,39110.6,0,39110.6
24,0.003072,69.5142,39151.1,0,39151.1
24,0.00315733,30.5991,39183.3,0,39183.3
24,0.00324267,-7.26474,39186.2,0,39186.2
24,0.003328,-8.39517,39225,0,39225
24,0.00341333,16.8787,39221.3,0,39221.3
24,0.00349867,25.0889,39258.1,0,39258.1
24,0.003584,21.7876,39282.2,0,39282.2
24,0.00366933,0.488636,39279.4,0,39279.4
24,0.00375467,13.5419,39296.3,0,39296.3
24,0.00384,12.0889,39295.9,0,39295.9
24,0.00392533,59.1527,39316.5,0,39316.5
24,0.00401067,11.5571,39331.2,0,39331.2
24,0.004096,42.4827,39361.6,0,39361.7
24,0.00418133,9.4702,39357.2,0,39357.2
24,0.00426667,24.6802,39375.5,0,39375.5
24,0.004352,14.9585,39341.7,0,39341.7
24,0.00443733,-0.593129,39379.9,0,39379.9
24,0.00452267,31.6345,39359.1,0,39359.1
24,0.004608,22.0591,39352.5,0,39352.5
24,0.00469333,-32.3346,39354.1,0,39354.1
24,0.00477867,6.53325,39365.8,0,39365.8
24,0.004864,7.48325,39373,0,39373
24,0.00494933,12.5921,39347.3,0,39347.3
24,0.00503467,6.74832,39349.2,0,39349.2
24,0.00512,15.2148,39349.5,0,39349.5
24,0.00520533,21.7346,39330.5,0,39330.5
24,0.00529067,4.07154,39380.5,0,39380.5
24,0.005376,13.3173,39361.5,0,39361.5
24,0.00546133,13.2963,39369.5,0,39369.5
24,0.00554667,8.70019,39342.9,0,39342.9
24,0.005632,2.46476,39361.5,0,39361.5
24,0.00571733,4.26613,39357.4,0,39357.4
24,0.00580267,6.80644,39343.2,0,39343.2
24,0.005888,1.33489,39334.4,0,39334.4
24,0.00597333,4.61838,39334.5,0,39334.5
24,0.00605867,4.12354,39322.7,0,39322.7
24,0.006144,3.17641,39336.2,0,39336.2
24,0.00622933,13.1411,39318.9,0,39318.9
24,0.00631467,32.2579,39309.4,0,39309.4
24,0.0064,22.9078,39325.9,0,39325.9
24,0.00648533,13.6016,39315.3,0,39315.3
24,0.00657067,13.8803,39295.5,0,39295.5
24,0.006656,18.1987,39273.7,0,39273.7
24,0.00674133,2.92869,39311.6,0,39311.6
24,0.00682667,11.1135,39302.9,0,39302.9
24,0.006912,7.10035,39285.8,0,39285.8
24,0.00699733,2.78233,39278.1,0,39278.1
24,0.00708267,7.86308,39273.1,0,39273.1
24,0.007168,23.3242,39285.9,0,39285.9
24,0.00725333,7.54596,39276.1,0,39276.1
24,0.00733867,3.01462,39259,0,39259
24,0.007424,-10.0609,39284.3,0,39284.3
24,0.00750933,7.17476,39267,0,39267
24,0.00759467,0.935555,39257.9,0,39257.9
24,0.00768,7.06855,39253.8,0,39253.8
24,0.00776533,-8.96151,39233.1,0,39233.1
24,0.00785067,5.6583,39267.5,0,39267.5
24,0.007936,6.83108,39251.9,0,39251.9
24,0.00802133,6.19902,39240.6,0,39240.6
24,0.00810667,4.51644,39229.9,0,39229.9
24,0.008192,1.42413,39231.8,0,39231.8
24,0.00827733,6.05212,39222.1,0,39222.1
24,0.00836267,7.98098,39207.9,0,39207.9
24,0.008448,7.87653,39225.2,0,39225.2
24,0.00853333,7.25105,39211.2,0,39211.2
24,0.00861867,22.6785,39198,0,39198
24,0.008704,9.96583,39210.7,0,39210.7
24,0.00878933,7.38907,39198.8,0,39198.8
24,0.00887467,13.2003,39184.7,0,39184.7
24,0.00896,12.9815,39196.1,0,39196.2
24,0.00904533,2.67374,39202.5,0,39202.5
24,0.00913067,4.6459,39189.8,0,39189.8
24,0.009216,4.10097,39182.8,0,39182.8
24,0.00930133,5.1568,39175.1,0,39175.1
24,0.00938667,-13.1022,39199.5,0,39199.5
24,0.009472,4.62126,39177.1,0,39177.1
24,0.00955733,2.08587,39171.2,0,39171.2
24,0.00964267,1.20236,39169.2,0,39169.2
24,0.009728,0.839922,39167.6,0,39167.6
24,0.00981333,1.39935,39165.6,0,39165.6
24,0.00989867,1.13643,39163.5,0,39163.5
24,0.009984,1.48632,39161.2,0,39161.2
24,0.0100693,1.18958,39158.7,0,39158.7
24,0.0101547,0.994617,39157.2,0,39157.2
24,0.01024,1.58456,39155.1,0,39155.1
24,0.0103253,1.84156,39151.8,0,39151.8
24,0.0104107,1.37904,39148.9,0,39148.9
24,0.010496,1.00965,39147,0,39147
24,0.0105813,0.596258,39145.5,0,39145.5
24,0.0106667,0.0419997,39145.3,0,39145.3
24,0.010752,1.75361,39144.5,0,39144.5
24,0.0108373,3.19912,39139.9,0,39139.9
24,0.0109227,4.31873,39133.5,0,39133.5
24,0.011008,6.26193,39114.9,0,39114.9
24,0.0110933,4.88977,39138.4,0,39138.4
24,0.0111787,3.16274,39130.6,0,39130.6
24,0.011264,0.903344,39127.5,0,39127.5
24,0.0113493,-3.70655,39123.2,0,39123.2
24,0.0114347,2.98186,39133.2,0,39133.2
24,0.01152,2.21242,39124.4,0,39124.4
24,0.0116053,-6.8761,39135.9,0,39135.9
24,0.0116907,2.48178,39134.2,0,39134.2
24,0.011776,2.31997,39129.2,0,39129.2
24,0.0118613,1.57023,39125.7,0,39125.7
24,0.0119467,0.49482,39124.1,0,39124.1
24,0.012032,1.20998,39123.5,0,39123.5
24,0.0121173,2.43316,39120.2,0,39120.2
24,0.0122027,3.16876,39115.4,0,39115.4
24,0.012288,5.54084,39109.3,0,39109.3
24,0.0123733,52.0147,39078.3,0,39078.3
24,0.0124587,7.21893,39136,0,39136
24,0.012544,3.26012,39129.7,0,39129.7
24,0.0126293,2.77337,39124.6,0,39124.6
24,0.0127147,2.22931,39120.3,0,39120.3
25,0,2879.4,37106.2,0,37217.7
25,8.53333e-05,-26.3035,33823.3,0,33823.3
25,0.000170667,-27.0919,34225.4,0,34225.4
25,0.000256,81.3788,34408.4,0,34408.5
25,0.000341333,84.4488,34789.6,0,34789.7
25,0.000426667,20.3077,34986.2,0,34986.2
25,0.000512,-28.6246,35507.6,0,35507.6
25,0.000597333,-83.0262,35661.8,0,35661.9
25,0.000682667,91.731,35996.1,0,35996.2
25,0.000768,23.7579,36120.5,0,36120.5
25,0.000853333,573.571,36814.1,0,36818.6
25,0.000938667,165.676,36790.1,0,36790.5
25,0.001024,102.736,36857.4,0,36857.6
25,0.00110933,22.1516,37126.1,0,37126.1
25,0.00119467,-3.07922,37194.5,0,37194.5
25,0.00128,-1.64404,37518.5,0,37518.5
25,0.00136533,-73.0221,37734.5,0,37734.5
25,0.00145067,-21.7698,37738.9,0,37738.9
25,0.001536,53.4269,37883.8,0,37883.8
25,0.00162133,119.494,37952.9,0,37953.1
25,0.00170667,9.29771,38128.2,0,38128.2
25,0.001792,-32.0915,38242.9,0,38242.9
25,0.00187733,67.9248,38521.8,0,38521.9
25,0.00196267,28.4641,38457.2,0,38457.3
25,0.002048,33.5094,38458.2,0,38458.2
25,0.00213333,54.2634,38539.3,0,38539.3
25,0.00221867,38.4466,38679.5,0,38679.5
25,0.002304,16.6334,38666,0,38666
25,0.00238933,72.2174,38814.8,0,38814.9
25,0.00247467,26.8065,38831.6,0,38831.6
25,0.00256,76.3896,38944.6,0,38944.7
25,0.00264533,211.778,39101.1,0,39101.7
25,0.00273067,55.189,39012.3,0,39012.4
25,0.002816,38.2634,39097.4,0,39097.4
25,0.00290133,25.3319,39112.4,0,39112.5
25,0.00298667,41.6746,39142.1,0,39142.1
25,0.003072,70.1116,39152.4,0,39152.4
25,0.00315733,29.2316,39197.6,0,39197.7
25,0.00324267,-8.10489,39194.7,0,39194.7
25,0.003328,-8.81769,39242.3,0,39242.3
25,0.00341333,16.9989,39238.3,0,39238.3
25,0.00349867,23.8803,39263.2,0,39263.2
25,0.003584,21.4227,39299.8,0,39299.8
25,0.00366933,1.69763,39287.5,0,39287.5
25,0.00375467,15.1307,39304,0,39304
25,0.00384,-2.37721,39306,0,39306
25,0.00392533,26.7078,39336.7,0,39336.7
25,0.00401067,10.9947,39342.3,0,39342.3
25,0.004096,-2.79967,39373.2,0,39373.2
25,0.00418133,7.48244,39368.7,0,39368.7
25,0.00426667,37.8823,39391.7,0,39391.8
25,0.004352,14.4438,39353.3,0,39353.3
25,0.00443733,1.00491,39383.7,0,39383.7
25,0.00452267,31.9288,39362.9,0,39362.9
25,0.004608,16.1131,39365.7,0,39365.7
25,0.00469333,-21.64,39337.1,0,39337.2
25,0.00477867,11.2831,39378.3,0,39378.3
25,0.004864,3.6207,39378.8,0,39378.8
25,0.00494933,10.689,39357.3,0,39357.3
25,0.00503467,3.23056,39356.9,0,39356.9
25,0.00512,12.0273,39354.2,0,39354.2
25,0.00520533,9.46338,39359.1,0,39359.1
25,0.00529067,-1.61632,39382.2,0,39382.2
25,0.005376,14.8267,39368.8,0,39368.8
25,0.00546133,18.1964,39374.7,0,39374.7
25,0.00554667,11.7636,39346.8,0,39346.8
25,0.005632,6.26188,39372.6,0,39372.6
25,0.00571733,5.0618,39363.6,0,39363.6
25,0.00580267,6.85022,39349.5,0,39349.5
25,0.005888,1.54543,39340.4,0,39340.4
25,0.00597333,5.8116,39339.9,0,39339.9
25,0.00605867,5.03188,39323.7,0,39323.7
25,0.006144,2.14554,39343.9,0,39343.9
25,0.00622933,13.4086,39322.7,0,39322.7
25,0.00631467,38.3996,39311.7,0,39311.8
25,0.0064,19.7728,39329.3,0,39329.3
25,0.00648533,13.4715,39319.3,0,39319.4
25,0.00657067,13.3524,39299.5,0,39299.5
25,0.006656,17.7144,39276.2,0,39276.2
25,0.00674133,3.29422,39315.2,0,39315.2
25,0.00682667,10.5781,39305.8,0,39305.8
25,0.006912,6.86449,39288.6,0,39288.6
25,0.00699733,1.739,39281.3,0,39281.3
25,0.00708267,8.72701,39278.2,0,39278.2
25,0.007168,21.5361,39286,0,39286
25,0.00725333,8.16349,39279.1,0,39279.1
25,0.00733867,0.0413822,39264.7,0,39264.7
25,0.007424,3.37513,39280.1,0,39280.1
25,0.00750933,6.5124,39267.6,0,39267.6
25,0.00759467,-2.18185,39259.1,0,39259.1
25,0.00768,6.86971,39258.7,0,39258.7
25,0.00776533,-6.79701,39245,0,39245
25,0.00785067,3.71426,39266.7,0,39266.7
25,0.007936,6.23003,39253.7,0,39253.7
25,0.00802133,5.84216,39243,0,39243
25,0.00810667,4.06887,39233.1,0,39233.1
25,0.008192,1.76691,39232.9,0,39232.9
25,0.00827733,5.47396,39224.6,0,39224.6
25,0.00836267,5.22345,39211.7,0,39211.7
25,0.008448,4.18506,39226.6,0,39226.6
25,0.00853333,6.33744,39214.4,0,39214.4
25,0.00861867,14.2246,39202.7,0,39202.7
25,0.008704,14.0929,39214.7,0,39214.7
25,0.00878933,8.29382,39201.8,0,39201.8
25,0.00887467,14.7499,39188.5,0,39188.5
25,0.00896,15.2701,39198.2,0,39198.2
25,0.00904533,-9.40562,39210.4,0,39210.4
25,0.00913067,5.13006,39192.6,0,39192.6
25,0.009216,4.39769,39184.9,0,39184.9
25,0.00930133,5.98059,39177.1,0,39177.1
25,0.00938667,55.3261,39165.8,0,39165.8
25,0.009472,5.81173,39179.3,0,39179.3
25,0.00955733,2.10627,39173,0,39173
25,0.00964267,1.14622,39171.4,0,39171.4
25,0.009728,1.0461,39169.6,0,39169.6
25,0.00981333,1.49783,39167.2,0,39167.2
25,0.00989867,1.18058,39165.1,0,39165.1
25,0.009984,1.59111,39162.7,0,39162.7
25,0.0100693,1.25,39160,0,39160
25,0.0101547,1.00226,39158.4,0,39158.4
25,0.01024,1.62533,39156.3,0,39156.3
25,0.0103253,1.88886,39153,0,39153
25,0.0104107,1.38222,39150,0,39150
25,0.010496,1.08287,39148.1,0,39148.1
25,0.0105813,0.644739,39146.5,0,39146.5
25,0.0106667,0.0974344,39146.1,0,39146.1
25,0.010752,1.60468,39145.5,0,39145.5
25,0.0108373,3.20253,39141.1,0,39141.1
25,0.0109227,4.71355,39134.6,0,39134.6
25,0.011008,14.4344,39117.5,0,39117.5
25,0.0110933,6.43192,39140,0,39140
25,0.0111787,3.38019,39132,0,39132
25,0.011264,1.58928,39128.5,0,39128.5
25,0.0113493,-3.06628,39118.3,0,39118.3
25,0.0114347,4.1993,39134.8,0,39134.8
25,0.01152,3.10019,39124.3,0,39124.3
25,0.0116053,-8.95575,39140,0,39140
25,0.0116907,3.01392,39135.6,0,39135.6
25,0.011776,2.49004,39130.1,0,39130.1
25,0.0118613,1.65108,39126.5,0,39126.5
25,0.0119467,0.51131,39124.7,0,39124.7
25,0.012032,1.06116,39124.4,0,39124.4
25,0.0121173,2.52051,39121.2,0,39121.2
25,0.0122027,3.70146,39116.1,0,39116.1
25,0.012288,7.14894,39108.9,0,39108.9
25,0.0123733,56.4025,39101,0,39101
25,0.0124587,7.49946,39135.3,0,39135.3
25,0.012544,3.16235,39130.7,0,39130.7
25,0.0126293,2.80762,39125.6,0,39125.6
25,0.0127147,2.26259,39121.3,0,39121.3
26,0,2943.48,37015,0,37131.9
26,8.53333e-05,-1.192,33670.3,0,33670.3
26,0.000170667,-51.5487,34051,0,34051.1
26,0.000256,-69.5638,34376.3,0,34376.4
26,0.000341333,-59.0396,34544.5,0,34544.6
26,0.000426667,-86.6408,34938.8,0,34938.9
26,0.000512,-167.391,35388.4,0,35388.8
26,0.000597333,-91.9769,35555.2,0,35555.3
26,0.000682667,10.7016,35783.6,0,35783.6
26,0.000768,43.6863,36165.5,0,36165.5
26,0.000853333,-428.127,36475.4,0,36477.9
26,0.000938667,101.711,36805.3,0,36805.5
26,0.001024,53.0446,36856.3,0,36856.3
26,0.00110933,-13.7235,37099.1,0,37099.1
26,0.00119467,-51.4845,37196,0,37196.1
26,0.00128,-45.9189,37483.3,0,37483.3
26,0.00136533,-94.9057,37702.2,0,37702.3
26,0.00145067,-35.8828,37711.3,0,37711.4
26,0.001536,-8.95276,37869.9,0,37870
26,0.00162133,104.944,37963.9,0,37964.1
26,0.00170667,-42.2625,38157.1,0,38157.1
26,0.001792,-0.927889,38218.2,0,38218.2
26,0.00187733,14.0045,38378.4,0,38378.4
26,0.00196267,26.7699,38475.3,0,38475.3
26,0.002048,36.2242,38468.4,0,38468.4
26,0.00213333,45.1477,38544.6,0,38544.7
26,0.00221867,6.82494,38707.6,0,38707.6
26,0.002304,11.7483,38698.7,0,38698.7
26,0.00238933,107.494,38785.5,0,38785.6
26,0.00247467,21.1656,38851.2,0,38851.3
26,0.00256,75.9833,38942.3,0,38942.4
26,0.00264533,279.272,39045.1,0,39046.1
26,0.00273067,47.7659,39025.3,0,39025.3
26,0.002816,35.1817,39111.4,0,39111.4
26,0.00290133,22.7216,39121.4,0,39121.4
26,0.00298667,39.5135,39151.4,0,39151.5
26,0.003072,53.2783,39143.6,0,39143.6
26,0.00315733,17.5517,39211.8,0,39211.8
26,0.00324267,-5.62413,39201.6,0,39201.6
26,0.003328,-20.8877,39261.1,0,39261.1
26,0.00341333,12.1256,39253.6,0,39253.6
26,0.00349867,19.3853,39265.6,0,39265.6
26,0.003584,23.6679,39307.5,0,39307.6
26,0.00366933,2.21225,39293.8,0,39293.8
26,0.00375467,14.6396,39311.6,0,39311.6
26,0.00384,-2.32016,39315.3,0,39315.3
26,0.00392533,24.5693,39344.9,0,39344.9
26,0.00401067,14.1088,39346.7,0,39346.7
26,0.004096,-31.401,39391,0,39391
26,0.00418133,9.91379,39374.7,0,39374.7
26,0.00426667,36.2072,39395.6,0,39395.6
26,0.004352,13.6201,39361.1,0,39361.1
26,0.00443733,5.16268,39362.5,0,39362.5
26,0.00452267,30.6665,39372.7,0,39372.7
26,0.004608,19.5223,39373.5,0,39373.5
26,0.00469333,-21.3936,39342.6,0,39342.6
26,0.00477867,10.7852,39385.2,0,39385.2
26,0.004864,4.02057,39384.1,0,39384.1
26,0.00494933,11.6791,39363.2,0,39363.2
26,0.00503467,1.0144,39360.3,0,39360.3
26,0.00512,10.2105,39355.9,0,39355.9
26,0.00520533,11.1006,39361.8,0,39361.8
26,0.00529067,0.406495,39387.3,0,39387.3
26,0.005376,15.6009,39372.4,0,39372.4
26,0.00546133,19.6293,39377.4,0,39377.4
26,0.00554667,14.3533,39349,0,39349
26,0.005632,10.0063,39378.8,0,39378.8
26,0.00571733,6.2711,39364.8,0,39364.8
26,0.00580267,6.90735,39350.6,0,39350.6
26,0.005888,0.848006,39341.6,0,39341.6
26,0.00597333,5.46982,39342.9,0,39342.9
26,0.00605867,5.00433,39327.4,0,39327.4
26,0.006144,0.154559,39347.5,0,39347.5
26,0.00622933,13.3261,39327,0,39327
26,0.00631467,42.2482,39313.1,0,39313.1
26,0.0064,13.9219,39325.6,0,39325.6
26,0.00648533,14.6361,39322.4,0,39322.4
26,0.00657067,13.4652,39302.1,0,39302.1
26,0.006656,17.0207,39279.4,0,39279.4
26,0.00674133,3.77282,39315.3,0,39315.3
26,0.00682667,10.1864,39306.9,0,39306.9
26,0.006912,6.45548,39290.2,0,39290.2
26,0.00699733,1.2549,39283.3,0,39283.3
26,0.00708267,8.31816,39281.3,0,39281.3
26,0.007168,21.2157,39285.6,0,39285.6
26,0.00725333,8.70033,39282,0,39282
26,0.00733867,0.458471,39269.3,0,39269.3
26,0.007424,2.59743,39281,0,39281
26,0.00750933,5.73761,39270.5,0,39270.5
26,0.00759467,-0.224746,39262.2,0,39262.2
26,0.00768,6.1671,39259.2,0,39259.2
26,0.00776533,-6.17028,39248.7,0,39248.7
26,0.00785067,3.06224,39267.1,0,39267.1
26,0.007936,6.00887,39255.1,0,39255.1
26,0.00802133,5.72094,39244.6,0,39244.6
26,0.00810667,3.96693,39235,0,39235
26,0.008192,1.93323,39234.1,0,39234.1
26,0.00827733,5.36603,39226.2,0,39226.2
26,0.00836267,4.51439,39213.7,0,39213.7
26,0.008448,3.07761,39226.2,0,39226.2
26,0.00853333,6.15736,39215.4,0,39215.4
26,0.00861867,14.6692,39204.8,0,39204.8
26,0.008704,14.6836,39215.3,0,39215.3
26,0.00878933,8.63335,39203.1,0,39203.1
26,0.00887467,15.4228,39190.5,0,39190.5
26,0.00896,16.3218,39198.4,0,39198.4
26,0.00904533,-7.93743,39225.8,0,39225.8
26,0.00913067,5.49149,39193.9,0,39193.9
26,0.009216,4.52938,39186.1,0,39186.1
26,0.00930133,6.22579,39178.2,0,39178.2
26,0.00938667,41.2342,39168.3,0,39168.3
26,0.009472,6.28752,39180.3,0,39180.3
26,0.00955733,2.01984,39173.8,0,39173.8
26,0.00964267,1.05186,39172.8,0,39172.8
26,0.009728,1.17991,39170.8,0,39170.8
26,0.00981333,1.51761,39168.2,0,39168.2
26,0.00989867,1.16762,39166.2,0,39166.2
26,0.009984,1.64048,39163.7,0,39163.7
26,0.0100693,1.31166,39160.9,0,39160.9
26,0.0101547,1.05217,39159.2,0,39159.2
26,0.01024,1.64694,39157.1,0,39157.1
26,0.0103253,1.88539,39153.7,0,39153.7
26,0.0104107,1.35485,39150.8,0,39150.8
26,0.010496,1.07395,39148.9,0,39148.9
26,0.0105813,0.659537,39147.3,0,39147.3
26,0.0106667,0.224349,39146.8,0,39146.8
26,0.010752,1.62637,39146,0,39146
26,0.0108373,3.20245,39141.6,0,39141.6
26,0.0109227,4.92692,39135.2,0,39135.2
26,0.011008,17.1564,39120.9,0,39120.9
26,0.0110933,7.23688,39140.7,0,39140.7
26,0.0111787,3.47766,39132.8,0,39132.8
26,0.011264,1.86581,39129.1,0,39129.1
26,0.0113493,0.183698,39116.6,0,39116.6
26,0.0114347,4.40544,39136.8,0,39136.8
26,0.01152,1.9912,39127.9,0,39127.9
26,0.0116053,-4.84349,39137.7,0,39137.7
26,0.0116907,2.37521,39134.1,0,39134.1
26,0.011776,2.11205,39129.7,0,39129.7
26,0.0118613,1.43583,39126.5,0,39126.5
26,0.0119467,0.421841,39125,0,39125
26,0.012032,0.988497,39124.8,0,39124.8
26,0.0121173,2.41633,39121.7,0,39121.7
26,0.0122027,3.51593,39116.8,0,39116.8
26,0.012288,6.51057,39109.9,0,39109.9
26,0.0123733,51.567,39092.1,0,39092.2
26,0.0124587,7.5124,39136.3,0,39136.3
26,0.012544,3.20738,39131.5,0,39131.5
26,0.0126293,2.86133,39126.2,0,39126.2
26,0.0127147,2.29005,39121.8,0,39121.8
27,0,2981.47,37013.5,0,37133.4
27,8.53333e-05,76.2728,33575.7,0,33575.7
27,0.000170667,87.8942,34069.5,0,34069.6
27,0.000256,108.956,34223.9,0,34224.1
27,0.000341333,-48.9391,34510.9,0,34511
27,0.000426667,-76.7414,34845.5,0,34845.6
27,0.000512,-93.2825,35322.3,0,35322.4
27,0.000597333,-51.7227,35520.2,0,35520.3
27,0.000682667,70.6155,35756.7,0,35756.8
27,0.000768,77.118,36157.2,0,36157.3
27,0.000853333,105.755,36408.6,0,36408.8
27,0.000938667,245.163,36628.6,0,36629.4
27,0.001024,39.3831,36915.3,0,36915.4
27,0.00110933,-7.69348,37106.4,0,37106.4
27,0.00119467,-25.2402,37289,0,37289
27,0.00128,-194.117,37393.2,0,37393.7
27,0.00136533,-106.315,37685.9,0,37686
27,0.00145067,-42.2966,37696.3,0,37696.3
27,0.001536,26.274,37918.5,0,37918.6
27,0.00162133,107.461,37954.5,0,37954.7
27,0.00170667,-67.5004,38169.2,0,38169.3
27,0.001792,-17.3104,38253.1,0,38253.1
27,0.00187733,80.3838,38524.9,0,38524.9
27,0.00196267,17.9954,38473.2,0,38473.2
27,0.002048,35.088,38481.3,0,38481.3
27,0.00213333,50.4,38548.5,0,38548.5
27,0.00221867,44.6021,38696.9,0,38697
27,0.002304,42.813,38741.3,0,38741.3
27,0.00238933,58.9139,38802.8,0,38802.8
27,0.00247467,35.5064,38848.6,0,38848.6
27,0.00256,63.5437,38974.7,0,38974.7
27,0.00264533,327.727,39046.9,0,39048.3
27,0.00273067,40.6797,39056.5,0,39056.5
27,0.002816,33.308,39108.9,0,39108.9
27,0.00290133,23.5046,39117.5,0,39117.6
27,0.00298667,34.2683,39142.8,0,39142.9
27,0.003072,49.6832,39167.9,0,39167.9
27,0.00315733,30.1333,39209.8,0,39209.8
27,0.00324267,-5.51724,39199.7,0,39199.7
27,0.003328,-5.664,39264.4,0,39264.4
27,0.00341333,14.7484,39255.6,0,39255.6
27,0.00349867,26.2427,39282.3,0,39282.3
27,0.003584,21.4892,39306.8,0,39306.8
27,0.00366933,2.99336,39292.8,0,39292.8
27,0.00375467,11.9611,39318.2,0,39318.2
27,0.00384,-3.15888,39321.4,0,39321.4
27,0.00392533,17.7282,39342.7,0,39342.7
27,0.00401067,14.3574,39354.5,0,39354.5
27,0.004096,-0.138705,39334.7,0,39334.7
27,0.00418133,8.58649,39375,0,39375
27,0.00426667,-8.68307,39399.9,0,39399.9
27,0.004352,13.9796,39363.2,0,39363.2
27,0.00443733,4.88081,39368.3,0,39368.3
27,0.00452267,29.8881,39376.9,0,39376.9
27,0.004608,18.3397,39374.8,0,39374.8
27,0.00469333,-8.76659,39366.4,0,39366.4
27,0.00477867,9.33765,39384.4,0,39384.4
27,0.004864,3.00823,39386.2,0,39386.2
27,0.00494933,11.6601,39365.8,0,39365.8
27,0.00503467,3.18485,39361.2,0,39361.2
27,0.00512,8.70551,39359.2,0,39359.2
27,0.00520533,10.3551,39362.1,0,39362.1
27,0.00529067,0.486463,39392.2,0,39392.2
27,0.005376,16.6033,39376.3,0,39376.3
27,0.00546133,20.7603,39378.7,0,39378.7
27,0.00554667,12.898,39351.8,0,39351.8
27,0.005632,10.1667,39381.3,0,39381.3
27,0.00571733,6.02633,39365.7,0,39365.7
27,0.00580267,6.59128,39352.4,0,39352.4
27,0.005888,1.11887,39343.9,0,39343.9
27,0.00597333,5.73931,39344.2,0,39344.2
27,0.00605867,5.62537,39327.2,0,39327.2
27,0.006144,-0.585842,39349.3,0,39349.3
27,0.00622933,11.8804,39329.4,0,39329.4
27,0.00631467,32.1626,39303.9,0,39303.9
27,0.0064,17.4974,39330.1,0,39330.1
27,0.00648533,13.9397,39324.8,0,39324.8
27,0.00657067,12.8418,39304.2,0,39304.2
27,0.006656,14.1886,39280.5,0,39280.5
27,0.00674133,9.37668,39317.7,0,39317.7
27,0.00682667,10.247,39309.5,0,39309.5
27,0.006912,6.7411,39292.4,0,39292.4
27,0.00699733,0.0758295,39285.7,0,39285.7
27,0.00708267,6.66879,39284.4,0,39284.4
27,0.007168,22.5251,39280.9,0,39280.9
27,0.00725333,9.99975,39285.3,0,39285.3
27,0.00733867,3.95019,39272,0,39272
27,0.007424,0.0459747,39281.7,0,39281.7
27,0.00750933,5.74865,39272.2,0,39272.2
27,0.00759467,-0.248731,39263.4,0,39263.4
27,0.00768,6.19144,39260.4,0,39260.4
27,0.00776533,-5.6915,39250.5,0,39250.5
27,0.00785067,2.84706,39267.5,0,39267.5
27,0.007936,5.88684,39255.9,0,39255.9
27,0.00802133,5.65215,39245.5,0,39245.5
27,0.00810667,4.37805,39236.1,0,39236.1
27,0.008192,1.26827,39233.4,0,39233.4
27,0.00827733,5.10809,39227.2,0,39227.2
27,0.00836267,4.29565,39215,0,39215
27,0.008448,2.90126,39226.9,0,39226.9
27,0.00853333,6.15637,39216.2,0,39216.2
27,0.00861867,14.6748,39205.7,0,39205.7
27,0.008704,14.7013,39216.2,0,39216.2
27,0.00878933,8.62028,39203.9,0,39203.9
27,0.00887467,15.3132,39191.1,0,39191.1
27,0.00896,16.1232,39199.4,0,39199.4
27,0.00904533,-9.09704,39223,0,39223
27,0.00913067,5.3469,39194.6,0,39194.6
27,0.009216,4.27313,39187,0,39187
27,0.00930133,5.22832,39179.6,0,39179.6
27,0.00938667,15.305,39154.5,0,39154.5
27,0.009472,6.11047,39181.8,0,39181.8
27,0.00955733,2.06133,39174.6,0,39174.6
27,0.00964267,1.10454,39173.4,0,39173.4
27,0.009728,1.19268,39171.4,0,39171.4
27,0.00981333,1.65825,39168.7,0,39168.7
27,0.00989867,1.1862,39166.4,0,39166.4
27,0.009984,1.60765,39164,0,39164
27,0.0100693,1.27791,39161.3,0,39161.3
27,0.0101547,1.00201,39159.7,0,39159.7
27,0.01024,1.6514,39157.6,0,39157.6
27,0.0103253,1.91485,39154.2,0,39154.2
27,0.0104107,1.35813,39151.2,0,39151.2
27,0.010496,1.09055,39149.3,0,39149.3
27,0.0105813,0.641226,39147.7,0,39147.7
27,0.0106667,0.151601,39147.3,0,39147.3
27,0.010752,1.59923,39146.6,0,39146.6
27,0.0108373,3.22079,39142.2,0,39142.2
27,0.0109227,4.94627,39135.7,0,39135.7
27,0.011008,16.9661,39121.1,0,39121.1
27,0.0110933,7.19443,39141.2,0,39141.2
27,0.0111787,3.60837,39133.2,0,39133.2
27,0.011264,1.83591,39129.1,0,39129.1
27,0.0113493,3.88024,39119.5,0,39119.5
27,0.0114347,5.12588,39138.6,0,39138.6
27,0.01152,2.45307,39128.3,0,39128.3
27,0.0116053,-5.45048,39139.2,0,39139.2
27,0.0116907,2.47793,39134.8,0,39134.8
27,0.011776,2.15187,39130.3,0,39130.3
27,0.0118613,1.51606,39127.1,0,39127.1
27,0.0119467,0.666005,39125.2,0,39125.2
27,0.012032,0.8891,39124.8,0,39124.8
27,0.0121173,2.32152,39122,0,39122
27,0.0122027,3.48438,39117.2,0,39117.2
27,0.012288,6.34127,39110.2,0,39110.2
27,0.0123733,52.7362,39087.2,0,39087.2
27,0.0124587,7.40738,39135.9,0,39135.9
27,0.012544,2.70803,39131.8,0,39131.8
27,0.0126293,2.85706,39126.7,0,39126.7
27,0.0127147,2.329,39122.2,0,39122.2
28,0,3014.04,36958.2,0,37080.9
28,8.53333e-05,-133.822,33865.7,0,33865.9
28,0.000170667,-30.7023,33881,0,33881
28,0.000256,-47.3849,34474.4,0,34474.4
28,0.000341333,-57.7695,34532.1,0,34532.2
28,0.000426667,-36.6648,34955.4,0,34955.5
28,0.000512,-61.6392,35347.8,0,35347.9
28,0.000597333,-95.3912,35505.7,0,35505.8
28,0.000682667,49.8928,35761.1,0,35761.1
28,0.000768,56.7685,36165.7,0,36165.8
28,0.000853333,75.8683,36403.8,0,36403.8
28,0.000938667,130.637,36811.8,0,36812
28,0.001024,36.1938,36861.8,0,36861.8
28,0.00110933,-4.04553,37105,0,37105
28,0.00119467,-120.588,37238.2,0,37238.4
28,0.00128,-163.732,37394.9,0,37395.3
28,0.00136533,-162.488,37644.4,0,37644.7
28,0.00145067,-23.6866,37736.4,0,37736.4
28,0.001536,20.6278,37904.8,0,37904.8
28,0.00162133,108.458,37960.3,0,37960.4
28,0.00170667,-64.2505,38116.2,0,38116.3
28,0.001792,-19.2834,38245,0,38245.1
28,0.00187733,45.8613,38467.1,0,38467.1
28,0.00196267,15.3461,38463.6,0,38463.6
28,0.002048,44.2515,38472.6,0,38472.6
28,0.00213333,82.5039,38578.3,0,38578.3
28,0.00221867,159.746,38536.3,0,38536.6
28,0.002304,65.6861,38764.8,0,38764.9
28,0.00238933,92.7043,38785.3,0,38785.4
28,0.00247467,34.1764,38858.1,0,38858.1
28,0.00256,65.8646,38981.9,0,38982
28,0.00264533,227.442,39042,0,39042.7
28,0.00273067,45.0501,39056,0,39056
28,0.002816,32.9517,39114.8,0,39114.8
28,0.00290133,26.4285,39123.4,0,39123.4
28,0.00298667,37.0976,39149.8,0,39149.8
28,0.003072,61.9151,39187.3,0,39187.3
28,0.00315733,20.3704,39213.6,0,39213.6
28,0.00324267,-10.5567,39201.1,0,39201.1
28,0.003328,-10.6121,39257.5,0,39257.5
28,0.00341333,6.95071,39262.2,0,39262.2
28,0.00349867,25.2474,39272.4,0,39272.4
28,0.003584,22.1292,39312.7,0,39312.7
28,0.00366933,-1.9027,39304,0,39304
28,0.00375467,16.7778,39327.5,0,39327.5
28,0.00384,5.00239,39326.7,0,39326.7
28,0.00392533,14.4321,39337.5,0,39337.5
28,0.00401067,13.0566,39356,0,39356
28,0.004096,-1.80797,39335.1,0,39335.1
28,0.00418133,9.0374,39379.6,0,39379.6
28,0.00426667,37.4246,39401.3,0,39401.3
28,0.004352,14.7681,39362.8,0,39362.8
28,0.00443733,-9.76727,39387,0,39387
28,0.00452267,30.4758,39374.6,0,39374.6
28,0.004608,15.839,39376.2,0,39376.2
28,0.00469333,-7.43949,39368.9,0,39368.9
28,0.00477867,9.2485,39385.1,0,39385.1
28,0.004864,2.66692,39388.6,0,39388.6
28,0.00494933,12.5147,39367.1,0,39367.1
28,0.00503467,4.17801,39363.6,0,39363.6
28,0.00512,9.02755,39361.6,0,39361.6
28,0.00520533,10.9448,39363.2,0,39363.2
28,0.00529067,-1.31908,39391.3,0,39391.3
28,0.005376,14.8285,39377.4,0,39377.4
28,0.00546133,21.7483,39382,0,39382
28,0.00554667,11.5616,39353.8,0,39353.8
28,0.005632,8.27233,39379.6,0,39379.6
28,0.00571733,4.77931,39369.8,0,39369.8
28,0.00580267,7.28108,39354.8,0,39354.8
28,0.005888,1.1092,39345.7,0,39345.7
28,0.00597333,4.89515,39346.4,0,39346.4
28,0.00605867,4.80181,39333.5,0,39333.5
28,0.006144,1.71083,39343.7,0,39343.7
28,0.00622933,10.7181,39329.1,0,39329.1
28,0.00631467,31.7994,39308.6,0,39308.6
28,0.0064,17.9238,39327,0,39327
28,0.00648533,15.2377,39326.2,0,39326.2
28,0.00657067,13.3352,39305.7,0,39305.7
28,0.006656,14.7288,39281.7,0,39281.7
28,0.00674133,8.90892,39319.4,0,39319.4
28,0.00682667,10.3808,39311.1,0,39311.1
28,0.006912,6.88098,39294.2,0,39294.2
28,0.00699733,1.78785,39285.9,0,39285.9
28,0.00708267,6.22063,39284.8,0,39284.8
28,0.007168,23.7641,39280.6,0,39280.6
28,0.00725333,9.93186,39285.7,0,39285.7
28,0.00733867,4.1659,39271.3,0,39271.3
28,0.007424,0.174343,39283.5,0,39283.5
28,0.00750933,5.83685,39272.7,0,39272.7
28,0.00759467,0.583931,39264.3,0,39264.3
28,0.00768,6.25061,39260.3,0,39260.3
28,0.00776533,-6.76994,39248.9,0,39248.9
28,0.00785067,3.31352,39269.3,0,39269.3
28,0.007936,6.10308,39256.8,0,39256.8
28,0.00802133,5.8122,39246.3,0,39246.3
28,0.00810667,4.54288,39236.5,0,39236.5
28,0.008192,0.885295,39234.2,0,39234.2
28,0.00827733,5.26432,39227.9,0,39227.9
28,0.00836267,4.96643,39215.2,0,39215.2
28,0.008448,3.40647,39228.4,0,39228.4
28,0.00853333,6.1561,39216.8,0,39216.8
28,0.00861867,14.3369,39205.6,0,39205.6
28,0.008704,14.3008,39217.2,0,39217.2
28,0.00878933,8.41889,39204.3,0,39204.3
28,0.00887467,14.9264,39191.1,0,39191.1
28,0.00896,15.4967,39200.4,0,39200.4
28,0.00904533,-9.68246,39214.6,0,39214.6
28,0.00913067,5.13957,39194.9,0,39194.9
28,0.009216,4.19131,39187.4,0,39187.4
28,0.00930133,5.02878,39180.1,0,39180.1
28,0.00938667,10.7176,39154.1,0,39154.1
28,0.009472,5.77601,39182.3,0,39182.3
28,0.00955733,2.28471,39174.9,0,39174.9
28,0.00964267,1.01649,39173.4,0,39173.4
28,0.009728,1.03306,39171.7,0,39171.7
28,0.00981333,1.58243,39169.3,0,39169.3
28,0.00989867,1.19419,39167,0,39167
28,0.009984,1.66006,39164.6,0,39164.6
28,0.0100693,1.43115,39161.6,0,39161.6
28,0.0101547,1.06927,39159.7,0,39159.7
28,0.01024,1.55733,39157.7,0,39157.7
28,0.0103253,1.86499,39154.5,0,39154.5
28,0.0104107,1.39849,39151.5,0,39151.5
28,0.010496,1.15102,39149.5,0,39149.5
28,0.0105813,0.651512,39147.7,0,39147.7
28,0.0106667,0.0318628,39147.5,0,39147.5
28,0.010752,1.5685,39147,0,39147
28,0.0108373,3.2201,39142.6,0,39142.6
28,0.0109227,4.80985,39136.1,0,39136.1
28,0.011008,15.1879,39119.4,0,39119.4
28,0.0110933,6.63388,39141.4,0,39141.4
28,0.0111787,3.49773,39133.4,0,39133.4
28,0.011264,1.58201,39129.4,0,39129.4
28,0.0113493,2.12817,39120.9,0,39120.9
28,0.0114347,4.38598,39138.5,0,39138.5
28,0.01152,2.14792,39128.6,0,39128.6
28,0.0116053,-5.01048,39138.6,0,39138.6
28,0.0116907,2.36609,39135.1,0,39135.1
28,0.011776,2.11425,39130.6,0,39130.6
28,0.0118613,1.51561,39127.5,0,39127.5
28,0.0119467,0.671593,39125.6,0,39125.6
28,0.012032,0.858744,39125.1,0,39125.1
28,0.0121173,2.19333,39122.5,0,39122.5
28,0.0122027,3.05328,39117.9,0,39117.9
28,0.012288,4.65172,39112.1,0,39112.1
28,0.0123733,18.0376,39091.3,0,39091.3
28,0.0124587,8.89004,39140.2,0,39140.2
28,0.012544,3.13391,39132.5,0,39132.5
28,0.0126293,2.97061,39127.1,0,39127.1
28,0.0127147,2.38154,39122.6,0,39122.6
29,0,3041.19,36965.7,0,37090.5
29,8.53333e-05,56.0398,33479,0,33479
29,0.000170667,11.1375,33983.7,0,33983.7
29,0.000256,28.2383,34324.3,0,34324.3
29,0.000341333,-18.2876,34502.3,0,34502.3
29,0.000426667,-55.4115,34907.5,0,34907.6
29,0.000512,-71.2942,35278.7,0,35278.8
29,0.000597333,-91.3354,35461.8,0,35461.9
29,0.000682667,53.9165,35765.5,0,35765.6
29,0.000768,54.1608,36136.6,0,36136.6
29,0.000853333,62.8229,36376.6,0,36376.7
29,0.000938667,158.282,36824.1,0,36824.4
29,0.001024,49.4078,36869,0,36869
29,0.00110933,-0.789466,37114.6,0,37114.6
29,0.00119467,-105.938,37244.7,0,37244.9
29,0.00128,-113.517,37406.1,0,37406.2
29,0.00136533,-145.096,37637.8,0,37638.1
29,0.00145067,-20.2846,37732.2,0,37732.2
29,0.001536,-0.352809,37891.8,0,37891.8
29,0.00162133,131.456,37963,0,37963.3
29,0.00170667,-32.4815,38134.3,0,38134.3
29,0.001792,-13.5873,38239.1,0,38239.1
29,0.00187733,55.4784,38466.2,0,38466.3
29,0.00196267,27.1364,38454.2,0,38454.2
29,0.002048,35.5058,38472.3,0,38472.4
29,0.00213333,56.7237,38566.8,0,38566.8
29,0.00221867,95.1513,38600.7,0,38600.8
29,0.002304,99.261,38787.1,0,38787.3
29,0.00238933,61.6786,38796.7,0,38796.7
29,0.00247467,33.6678,38872,0,38872
29,0.00256,65.4164,38987.5,0,38987.5
29,0.00264533,159.749,39068.5,0,39068.8
29,0.00273067,46.403,39053.5,0,39053.6
29,0.002816,34.83,39121,0,39121.1
29,0.00290133,24.3839,39127.2,0,39127.2
29,0.00298667,29.375,39160.4,0,39160.4
29,0.003072,56.9618,39182,0,39182
29,0.00315733,34.279,39217.3,0,39217.3
29,0.00324267,-2.58929,39215.1,0,39215.1
29,0.003328,2.93789,39253.2,0,39253.2
29,0.00341333,10.3733,39261,0,39261
29,0.00349867,32.8055,39256.5,0,39256.5
29,0.003584,28.4614,39322.8,0,39322.8
29,0.00366933,1.27242,39306.2,0,39306.2
29,0.00375467,17.9117,39326.4,0,39326.4
29,0.00384,4.99759,39325.8,0,39325.8
29,0.00392533,15.2487,39340,0,39340
29,0.00401067,13.7095,39355.5,0,39355.5
29,0.004096,43.1004,39335.5,0,39335.5
29,0.00418133,8.66374,39378.8,0,39378.8
29,0.00426667,37.5623,39402.8,0,39402.8
29,0.004352,15.2163,39364,0,39364
29,0.00443733,-14.5464,39402.4,0,39402.4
29,0.00452267,32.6022,39371.4,0,39371.4
29,0.004608,25.0802,39376.8,0,39376.8
29,0.00469333,-7.92148,39367.4,0,39367.4
29,0.00477867,9.1217,39382.4,0,39382.4
29,0.004864,1.33168,39391,0,39391
29,0.00494933,13.5543,39368.1,0,39368.1
29,0.00503467,2.42719,39366.5,0,39366.5
29,0.00512,10.9383,39363.9,0,39363.9
29,0.00520533,8.03112,39384.9,0,39384.9
29,0.00529067,10.3595,39395,0,39395
29,0.005376,13.9093,39381.1,0,39381.1
29,0.00546133,20.1924,39386.2,0,39386.2
29,0.00554667,8.94884,39360,0,39360
29,0.005632,3.52857,39379.3,0,39379.3
29,0.00571733,4.65692,39370.2,0,39370.2
29,0.00580267,7.46703,39355.4,0,39355.4
29,0.005888,1.67542,39345.8,0,39345.8
29,0.00597333,4.62458,39345.6,0,39345.6
29,0.00605867,5.07326,39333.2,0,39333.2
29,0.006144,2.84218,39346.8,0,39346.8
29,0.00622933,10.7686,39329.9,0,39329.9
29,0.00631467,30.1366,39310.2,0,39310.2
29,0.0064,23.9754,39330,0,39330
29,0.00648533,14.122,39326.8,0,39326.8
29,0.00657067,13.3779,39306,0,39306
29,0.006656,15.8896,39280.6,0,39280.6
29,0.00674133,8.84851,39324.3,0,39324.3
29,0.00682667,10.7702,39313.5,0,39313.5
29,0.006912,7.48684,39295.9,0,39295.9
29,0.00699733,2.44116,39286.6,0,39286.6
29,0.00708267,6.53633,39283.8,0,39283.8
29,0.007168,25.5397,39277.6,0,39277.7
29,0.00725333,8.34447,39286.6,0,39286.6
29,0.00733867,4.50929,39272.4,0,39272.4
29,0.007424,1.2983,39286.8,0,39286.8
29,0.00750933,7.08465,39272.3,0,39272.3
29,0.00759467,-1.1328,39263.3,0,39263.3
29,0.00768,6.85357,39261.8,0,39261.8
29,0.00776533,-7.10871,39247.4,0,39247.4
29,0.00785067,3.66794,39270.6,0,39270.6
29,0.007936,6.14717,39257.7,0,39257.7
29,0.00802133,5.86362,39247.1,0,39247.1
29,0.00810667,4.64049,39237.1,0,39237.1
29,0.008192,0.643057,39235.1,0,39235.1
29,0.00827733,5.25438,39228.8,0,39228.8
29,0.00836267,6.08809,39217.6,0,39217.6
29,0.008448,-2.32961,39240.5,0,39240.5
29,0.00853333,6.49587,39217.9,0,39217.9
29,0.00861867,13.7744,39205.3,0,39205.3
29,0.008704,13.601,39218.3,0,39218.3
29,0.00878933,8.10482,39204.7,0,39204.7
29,0.00887467,13.9884,39190.6,0,39190.6
29,0.00896,14.1608,39201.9,0,39201.9
29,0.00904533,-7.06121,39206.4,0,39206.4
29,0.00913067,4.79091,39195,0,39195
29,0.009216,4.0662,39187.6,0,39187.6
29,0.00930133,4.68632,39180.5,0,39180.5
29,0.00938667,1.73148,39157.4,0,39157.4
29,0.009472,5.01599,39182.5,0,39182.5
29,0.00955733,2.30626,39175.3,0,39175.3
29,0.00964267,1.15472,39173.3,0,39173.3
29,0.009728,0.834735,39171.7,0,39171.7
29,0.00981333,1.59008,39169.6,0,39169.6
29,0.00989867,1.30288,39167.1,0,39167.1
29,0.009984,1.64229,39164.6,0,39164.6
29,0.0100693,1.37951,39161.8,0,39161.8
29,0.0101547,1.00584,39160,0,39160
29,0.01024,1.52383,39158.1,0,39158.1
29,0.0103253,1.85674,39154.8,0,39154.8
29,0.0104107,1.40462,39151.9,0,39151.9
29,0.010496,1.17733,39149.8,0,39149.8
29,0.0105813,0.770181,39148,0,39148
29,0.0106667,0.152316,39147.3,0,39147.3
29,0.010752,1.33492,39147.2,0,39147.2
29,0.0108373,3.18467,39143,0,39143
29,0.0109227,4.59332,39136.4,0,39136.4
29,0.011008,10.9386,39117.7,0,39117.7
29,0.0110933,5.81735,39141.3,0,39141.3
29,0.0111787,3.30185,39133.4,0,39133.4
29,0.011264,1.10108,39129.8,0,39129.8
29,0.0113493,0.64782,39123.1,0,39123.1
29,0.0114347,4.18795,39137.5,0,39137.5
29,0.01152,3.49609,39125.5,0,39125.5
29,0.0116053,-9.43921,39142,0,39142
29,0.0116907,3.05248,39137.1,0,39137.1
29,0.011776,2.4706,39131.6,0,39131.6
29,0.0118613,1.70207,39128,0,39128
29,0.0119467,0.716171,39125.9,0,39125.9
29,0.012032,0.819145,39125.6,0,39125.6
29,0.0121173,2.18629,39122.9,0,39122.9
29,0.0122027,2.97708,39118.4,0,39118.4
29,0.012288,4.24562,39112.6,0,39112.6
29,0.0123733,11.6146,39090.5,0,39090.5
29,0.0124587,6.88665,39140.1,0,39140.1
29,0.012544,2.92168,39132.1,0,39132.1
29,0.0126293,2.86977,39126.9,0,39126.9
29,0.0127147,2.32562,39122.4,0,39122.4
30,0,3049.08,36954.1,0,37079.7
30,8.53333e-05,14.7053,33482.1,0,33482.1
30,0.000170667,-65.8273,33902.4,0,33902.4
30,0.000256,38.0284,34319.7,0,34319.7
30,0.000341333,-9.01158,34490.7,0,34490.7
30,0.000426667,-49.0603,34924.2,0,34924.3
30,0.000512,-13.9249,35320.2,0,35320.2
30,0.000597333,-26.9135,35434.2,0,35434.2
30,0.000682667,26.5805,35774,0,35774
30,0.000768,47.4137,36139.3,0,36139.3
30,0.000853333,146.163,36321.5,0,36321.8
30,0.000938667,195.877,36838.3,0,36838.8
30,0.001024,52.0258,36880.2,0,36880.2
30,0.00110933,-3.38691,37119.1,0,37119.1
30,0.00119467,-75.3554,37235.9,0,37236
30,0.00128,-98.5268,37413.8,0,37413.9
30,0.00136533,-154.418,37637.3,0,37637.6
30,0.00145067,-11.8337,37732.9,0,37732.9
30,0.001536,26.3393,37890.7,0,37890.7
30,0.00162133,143.919,37945.7,0,37946
30,0.00170667,-35.7759,38123.7,0,38123.7
30,0.001792,-11.739,38245.2,0,38245.2
30,0.00187733,56.5896,38468.1,0,38468.1
30,0.00196267,28.72,38452.6,0,38452.6
30,0.002048,35.4212,38473.9,0,38474
30,0.00213333,56.8889,38567.6,0,38567.7
30,0.00221867,89.7666,38607.2,0,38607.3
30,0.002304,96.7735,38767.2,0,38767.3
30,0.00238933,115.948,38787.9,0,38788.1
30,0.00247467,23.0739,38888.1,0,38888.1
30,0.00256,36.252,38953.7,0,38953.8
30,0.00264533,127.474,38971.7,0,38972
30,0.00273067,34.8334,39060,0,39060
30,0.002816,34.1674,39139.3,0,39139.3
30,0.00290133,31.1298,39128.5,0,39128.5
30,0.00298667,35.4199,39169.2,0,39169.3
30,0.003072,50.2046,39180.2,0,39180.3
30,0.00315733,33.227,39218.5,0,39218.5
30,0.00324267,-2.11075,39217.8,0,39217.8
30,0.003328,2.34849,39253.3,0,39253.3
30,0.00341333,9.54985,39260.4,0,39260.4
30,0.00349867,26.8201,39262.3,0,39262.3
30,0.003584,35.4274,39330.5,0,39330.5
30,0.00366933,3.25833,39302.8,0,39302.8
30,0.00375467,18.6721,39325.2,0,39325.2
30,0.00384,6.07164,39325,0,39325
30,0.00392533,13.3942,39339.9,0,39339.9
30,0.00401067,12.9618,39357.8,0,39357.8
30,0.004096,44.2653,39336.9,0,39337
30,0.00418133,8.0514,39379.4,0,39379.4
30,0.00426667,37.3484,39406.4,0,39406.5
30,0.004352,14.9999,39369.7,0,39369.7
30,0.00443733,-38.6215,39362,0,39362
30,0.00452267,34.001,39375.6,0,39375.7
30,0.004608,26.2337,39378,0,39378.1
30,0.00469333,-7.48271,39367.9,0,39367.9
30,0.00477867,8.8202,39382.6,0,39382.6
30,0.004864,0.833624,39393.5,0,39393.5
30,0.00494933,13.8898,39369.8,0,39369.8
30,0.00503467,3.4423,39370.8,0,39370.8
30,0.00512,9.81135,39368.9,0,39368.9
30,0.00520533,29.9064,39354.3,0,39354.3
30,0.00529067,13.8358,39408.2,0,39408.2
30,0.005376,13.971,39382.8,0,39382.8
30,0.00546133,27.7246,39395,0,39395
30,0.00554667,9.1958,39365.4,0,39365.4
30,0.005632,-2.64941,39376.4,0,39376.4
30,0.00571733,2.52096,39366.8,0,39366.8
30,0.00580267,6.5456,39357.5,0,39357.5
30,0.005888,2.95468,39346.9,0,39346.9
30,0.00597333,3.94558,39346.6,0,39346.6
30,0.00605867,5.31745,39334.3,0,39334.3
30,0.006144,3.29841,39347.5,0,39347.5
30,0.00622933,10.8638,39330.2,0,39330.2
30,0.00631467,29.5793,39311.8,0,39311.8
30,0.0064,24.9491,39331.2,0,39331.2
30,0.00648533,14.0048,39327.5,0,39327.5
30,0.00657067,13.7352,39306.9,0,39306.9
30,0.006656,17.1322,39282.3,0,39282.3
30,0.00674133,7.19894,39323.9,0,39323.9
30,0.00682667,11.575,39314.1,0,39314.1
30,0.006912,7.70135,39296.5,0,39296.5
30,0.00699733,2.53999,39287.2,0,39287.2
30,0.00708267,6.15706,39284.4,0,39284.4
30,0.007168,26.7822,39277.7,0,39277.7
30,0.00725333,8.8639,39286.9,0,39286.9
30,0.00733867,6.82115,39271.5,0,39271.5
30,0.007424,-2.70749,39290.4,0,39290.4
30,0.00750933,7.21176,39273.5,0,39273.5
30,0.00759467,-0.377755,39264.5,0,39264.5
30,0.00768,6.91684,39262,0,39262
30,0.00776533,-7.62022,39246.3,0,39246.3
30,0.00785067,4.08143,39271.9,0,39271.9
30,0.007936,6.3081,39258.4,0,39258.4
30,0.00802133,5.97448,39247.6,0,39247.6
30,0.00810667,4.76297,39237.4,0,39237.4
30,0.008192,0.440321,39235.5,0,39235.5
30,0.00827733,5.37711,39229.1,0,39229.1
30,0.00836267,6.39256,39217.8,0,39217.8
30,0.008448,0.613448,39244.2,0,39244.2
30,0.00853333,6.52715,39218.2,0,39218.2
30,0.00861867,13.3051,39205.1,0,39205.1
30,0.008704,13.123,39218.9,0,39218.9
30,0.00878933,7.94733,39205,0,39205
30,0.00887467,13.5261,39190.6,0,39190.6
30,0.00896,13.5598,39202.7,0,39202.7
30,0.00904533,-5.85059,39204.6,0,39204.6
30,0.00913067,4.67343,39195.1,0,39195.1
30,0.009216,4.02232,39187.8,0,39187.8
30,0.00930133,4.56313,39180.8,0,39180.8
30,0.00938667,-0.628336,39159.9,0,39159.9
30,0.009472,4.74377,39182.6,0,39182.6
30,0.00955733,2.29359,39175.4,0,39175.4
30,0.00964267,1.1833,39173.4,0,39173.4
30,0.009728,0.816177,39171.7,0,39171.7
30,0.00981333,1.53519,39169.7,0,39169.7
30,0.00989867,1.29041,39167.3,0,39167.3
30,0.009984,1.64075,39164.8,0,39164.8
30,0.0100693,1.39158,39162,0,39162
30,0.0101547,1.01587,39160.1,0,39160.1
30,0.01024,1.51836,39158.2,0,39158.2
30,0.0103253,1.85087,39155,0,39155
30,0.0104107,1.41855,39152.1,0,39152.1
30,0.010496,1.18528,39150,0,39150
30,0.0105813,0.778044,39148.2,0,39148.2
30,0.0106667,0.112587,39147.4,0,39147.4
30,0.010752,1.31203,39147.5,0,39147.5
30,0.0108373,3.18298,39143.2,0,39143.2
30,0.0109227,4.48858,39136.6,0,39136.6
30,0.011008,8.61688,39117.7,0,39117.7
30,0.0110933,5.43278,39141.4,0,39141.4
30,0.0111787,3.52078,39133.5,0,39133.5
30,0.011264,1.35777,39128.3,0,39128.3
30,0.0113493,-0.523838,39124.4,0,39124.4
30,0.0114347,3.79733,39137.7,0,39137.7
30,0.01152,3.32983,39126,0,39126
30,0.0116053,-8.92968,39141.4,0,39141.4
30,0.0116907,2.98145,39137.1,0,39137.1
30,0.011776,2.49376,39131.7,0,39131.7
30,0.0118613,1.75243,39128,0,39128
30,0.0119467,0.745844,39125.8,0,39125.8
30,0.012032,0.833658,39125.5,0,39125.5
30,0.0121173,2.18348,39122.7,0,39122.7
30,0.0122027,2.80298,39118.3,0,39118.3
30,0.012288,3.83962,39113.1,0,39113.1
30,0.0123733,9.07539,39091.4,0,39091.4
30,0.0124587,6.22307,39140.4,0,39140.4
30,0.012544,2.9193,39132.2,0,39132.2
30,0.0126293,2.86538,39127,0,39127
30,0.0127147,2.32821,39122.5,0,39122.5
31,0,3048.21,36955.7,0,37081.2
31,8.53333e-05,1.95305,33487.7,0,33487.7
31,0.000170667,-58.1727,33886.2,0,33886.2
31,0.000256,46.3344,34315.5,0,34315.5
31,0.000341333,-17.195,34483,0,34483
31,0.000426667,-71.2393,34914.2,0,34914.3
31,0.000512,16.7903,35308.3,0,35308.3
31,0.000597333,-8.78885,35470.1,0,35470.1
31,0.000682667,45.4883,35790.4,0,35790.4
31,0.000768,51.0772,36130.6,0,36130.7
31,0.000853333,134.568,36319.7,0,36320
31,0.000938667,190.765,36809.7,0,36810.2
31,0.001024,80.446,36858.6,0,36858.7
31,0.00110933,35.5342,37132,0,37132.1
31,0.00119467,-55.2991,37218.8,0,37218.9
31,0.00128,-128.177,37402.3,0,37402.6
31,0.00136533,-144.689,37596.2,0,37596.5
31,0.00145067,-1.63401,37721.4,0,37721.4
31,0.001536,28.2028,37900,0,37900
31,0.00162133,92.5909,37939.4,0,37939.5
31,0.00170667,-40.4447,38107.5,0,38107.5
31,0.001792,-4.94279,38255.3,0,38255.3
31,0.00187733,87.5608,38488.5,0,38488.6
31,0.00196267,34.339,38462.4,0,38462.4
31,0.002048,45.3121,38474,0,38474
31,0.00213333,45.8968,38563.3,0,38563.4
31,0.00221867,71.288,38550.9,0,38550.9
31,0.002304,94.7968,38765,0,38765.1
31,0.00238933,114.71,38787.4,0,38787.6
31,0.00247467,38.8539,38933.2,0,38933.2
31,0.00256,66.794,38904.1,0,38904.2
31,0.00264533,155.194,38942.1,0,38942.4
31,0.00273067,40.7661,39071.9,0,39072
31,0.002816,37.4017,39142.9,0,39142.9
31,0.00290133,31.4034,39131.5,0,39131.5
31,0.00298667,35.2782,39173,0,39173
31,0.003072,47.6907,39187.5,0,39187.5
31,0.00315733,34.4944,39226.8,0,39226.9
31,0.00324267,-1.94273,39207.3,0,39207.3
31,0.003328,1.59869,39260.4,0,39260.4
31,0.00341333,11.5153,39263.1,0,39263.1
31,0.00349867,40.4143,39254,0,39254
31,0.003584,46.5376,39339.6,0,39339.6
31,0.00366933,5.0662,39304.5,0,39304.5
31,0.00375467,19.5297,39325.6,0,39325.6
31,0.00384,8.85993,39325.8,0,39325.8
31,0.00392533,32.5856,39318.7,0,39318.7
31,0.00401067,16.6379,39363.7,0,39363.8
31,0.004096,31.0822,39344.6,0,39344.7
31,0.00418133,9.27576,39381.7,0,39381.7
31,0.00426667,58.8114,39375.6,0,39375.6
31,0.004352,15.8192,39371.7,0,39371.7
31,0.00443733,-43.5837,39362.8,0,39362.8
31,0.00452267,34.5733,39378,0,39378
31,0.004608,26.902,39380.7,0,39380.7
31,0.00469333,-6.3788,39368.2,0,39368.2
31,0.00477867,9.20367,39383.2,0,39383.2
31,0.004864,-1.13318,39393.1,0,39393.1
31,0.00494933,14.4461,39369.9,0,39369.9
31,0.00503467,5.29382,39372.7,0,39372.7
31,0.00512,9.90756,39371.2,0,39371.2
31,0.00520533,30.4099,39354.7,0,39354.7
31,0.00529067,14.1064,39407.9,0,39407.9
31,0.005376,14.0687,39382.5,0,39382.5
31,0.00546133,25.346,39396.6,0,39396.6
31,0.00554667,8.4648,39365.6,0,39365.7
31,0.005632,-2.55959,39374.9,0,39374.9
31,0.00571733,2.36819,39366.7,0,39366.7
31,0.00580267,6.39153,39357.7,0,39357.7
31,0.005888,2.78491,39347.4,0,39347.4
31,0.00597333,3.90186,39347.2,0,39347.2
31,0.00605867,5.12919,39335.7,0,39335.7
31,0.006144,-8.51669,39346.5,0,39346.5
31,0.00622933,10.9319,39331.8,0,39331.8
31,0.00631467,29.0346,39313.5,0,39313.5
31,0.0064,26.7565,39331.6,0,39331.6
31,0.00648533,13.9647,39328,0,39328
31,0.00657067,13.7291,39307.4,0,39307.4
31,0.006656,17.4539,39282.5,0,39282.5
31,0.00674133,7.39664,39325.7,0,39325.7
31,0.00682667,11.6756,39315,0,39315
31,0.006912,7.90993,39297.2,0,39297.2
31,0.00699733,2.918,39287.5,0,39287.5
31,0.00708267,6.32439,39283.9,0,39283.9
31,0.007168,27.8375,39275.6,0,39275.6
31,0.00725333,8.10186,39287.1,0,39287.1
31,0.00733867,7.05565,39272,0,39272
31,0.007424,-2.35506,39293,0,39293
31,0.00750933,7.41081,39274.1,0,39274.1
31,0.00759467,0.222469,39265,0,39265
31,0.00768,7.02652,39261.8,0,39261.8
31,0.00776533,-8.07338,39244.8,0,39244.8
31,0.00785067,4.35118,39272.7,0,39272.7
31,0.007936,6.38048,39258.8,0,39258.8
31,0.00802133,6.03763,39248,0,39248
31,0.00810667,4.8534,39237.7,0,39237.7
31,0.008192,0.252785,39236,0,39236
31,0.00827733,5.47114,39229.4,0,39229.4
31,0.00836267,6.65504,39217.9,0,39217.9
31,0.008448,4.05351,39246.7,0,39246.7
31,0.00853333,6.5696,39218.5,0,39218.5
31,0.00861867,12.8598,39205,0,39205
31,0.008704,12.6575,39219.3,0,39219.3
31,0.00878933,7.80321,39205.2,0,39205.2
31,0.00887467,13.0763,39190.6,0,39190.6
31,0.00896,12.9878,39203.3,0,39203.3
31,0.00904533,-4.92224,39203.5,0,39203.5
31,0.00913067,4.54504,39195.2,0,39195.2
31,0.009216,3.95493,39188,0,39188
31,0.00930133,4.42965,39181.1,0,39181.1
31,0.00938667,-2.12132,39162.4,0,39162.4
31,0.009472,4.52251,39182.8,0,39182.8
31,0.00955733,2.3474,39175.7,0,39175.7
31,0.00964267,1.32583,39173.5,0,39173.5
31,0.009728,0.945219,39171.3,0,39171.3
31,0.00981333,1.33182,39169.7,0,39169.7
31,0.00989867,1.27108,39167.4,0,39167.4
31,0.009984,1.63274,39165,0,39165
31,0.0100693,1.38107,39162.1,0,39162.1
31,0.0101547,1.00817,39160.3,0,39160.3
31,0.01024,1.50558,39158.4,0,39158.4
31,0.0103253,1.83908,39155.2,0,39155.2
31,0.0104107,1.42558,39152.3,0,39152.3
31,0.010496,1.19779,39150.2,0,39150.2
31,0.0105813,0.799886,39148.3,0,39148.3
31,0.0106667,0.0877134,39147.5,0,39147.5
31,0.010752,1.28511,39147.7,0,39147.7
31,0.0108373,3.1634,39143.4,0,39143.4
31,0.0109227,4.42393,39137,0,39137
31,0.011008,8.35129,39119.7,0,39119.7
31,0.0110933,5.53346,39142.1,0,39142.1
31,0.0111787,3.56235,39134,0,39134
31,0.011264,1.30198,39128.7,0,39128.7
31,0.0113493,-0.353381,39126.3,0,39126.3
31,0.0114347,2.7913,39137.3,0,39137.3
31,0.01152,3.22701,39126,0,39126
31,0.0116053,-8.51403,39140.4,0,39140.4
31,0.0116907,2.74021,39136.8,0,39136.8
31,0.011776,2.33741,39131.7,0,39131.7
31,0.0118613,1.73435,39128.2,0,39128.2
31,0.0119467,0.74878,39125.9,0,39125.9
31,0.012032,0.803682,39125.6,0,39125.6
31,0.0121173,2.17806,39122.9,0,39122.9
31,0.0122027,2.79228,39118.5,0,39118.5
31,0.012288,3.67014,39113.3,0,39113.3
31,0.0123733,6.81364,39092.2,0,39092.2
31,0.0124587,5.68517,39140.5,0,39140.5
31,0.012544,2.83505,39132.1,0,39132.1
31,0.0126293,2.79499,39127,0,39127
31,0.0127147,2.31096,39122.6,0,39122.6
32,0,3051.86,36954.8,0,37080.6
32,8.53333e-05,14.4842,33472.8,0,33472.8
32,0.000170667,-79.7644,33880.2,0,33880.3
32,0.000256,45.8561,34273.2,0,34273.2
32,0.000341333,-30.1994,34498,0,34498
32,0.000426667,-81.7169,34921.3,0,34921.4
32,0.000512,-37.086,35275.5,0,35275.5
32,0.000597333,-36.2387,35396.6,0,35396.6
32,0.000682667,68.6187,35791.5,0,35791.6
32,0.000768,68.3943,36125.7,0,36125.7
32,0.000853333,74.9118,36270.4,0,36270.4
32,0.000938667,175.717,36809.1,0,36809.5
32,0.001024,64.6572,36865.2,0,36865.2
32,0.00110933,28.9333,37131.8,0,37131.8
32,0.00119467,-49.1003,37220.4,0,37220.4
32,0.00128,-108.478,37403.6,0,37403.8
32,0.00136533,-24.0423,37474.3,0,37474.3
32,0.00145067,6.52418,37774.5,0,37774.5
32,0.001536,33.3458,37898.4,0,37898.4
32,0.00162133,58.8279,37960.3,0,37960.3
32,0.00170667,-2.01927,38138.9,0,38138.9
32,0.001792,-0.0410379,38260.5,0,38260.5
32,0.00187733,85.2816,38494.7,0,38494.8
32,0.00196267,33.8397,38466.2,0,38466.2
32,0.002048,44.9985,38477.3,0,38477.3
32,0.00213333,50.4554,38562.9,0,38562.9
32,0.00221867,61.1565,38551.4,0,38551.4
32,0.002304,90.3632,38761.5,0,38761.6
32,0.00238933,113.719,38791.6,0,38791.8
32,0.00247467,22.1644,38931.7,0,38931.7
32,0.00256,63.6584,38893.5,0,38893.5
32,0.00264533,156.308,38935.4,0,38935.7
32,0.00273067,40.5549,39073.6,0,39073.6
32,0.002816,37.8002,39143.8,0,39143.8
32,0.00290133,33.244,39129.2,0,39129.3
32,0.00298667,35.193,39171,0,39171
32,0.003072,46.1778,39186.9,0,39186.9
32,0.00315733,35.8015,39225.9,0,39225.9
32,0.00324267,-0.739314,39205.9,0,39205.9
32,0.003328,-0.317073,39262.4,0,39262.4
32,0.00341333,10.1632,39263.8,0,39263.8
32,0.00349867,28.3176,39260.9,0,39260.9
32,0.003584,38.0003,39332.7,0,39332.7
32,0.00366933,5.13081,39303,0,39303
32,0.00375467,17.498,39322.9,0,39322.9
32,0.00384,8.99448,39326.8,0,39326.8
32,0.00392533,33.1387,39317.4,0,39317.4
32,0.00401067,15.6643,39364.6,0,39364.6
32,0.004096,32.014,39345.9,0,39345.9
32,0.00418133,9.62103,39381.6,0,39381.6
32,0.00426667,55.0447,39377.8,0,39377.9
32,0.004352,16.0589,39372.3,0,39372.4
32,0.00443733,-45.5678,39362.7,0,39362.7
32,0.00452267,36.5396,39377.1,0,39377.1
32,0.004608,28.347,39377.2,0,39377.2
32,0.00469333,-21.561,39348.9,0,39348.9
32,0.00477867,11.7579,39391.7,0,39391.8
32,0.004864,2.138,39391.2,0,39391.2
32,0.00494933,13.878,39370.1,0,39370.1
32,0.00503467,6.71015,39375.1,0,39375.1
32,0.00512,10.2916,39373.7,0,39373.7
32,0.00520533,31.3049,39354.9,0,39355
32,0.00529067,14.2089,39407.1,0,39407.1
32,0.005376,13.8877,39381.2,0,39381.2
32,0.00546133,22.9478,39397.4,0,39397.4
32,0.00554667,7.61301,39366,0,39366
32,0.005632,-2.47539,39374.8,0,39374.8
32,0.00571733,2.34361,39367.2,0,39367.2
32,0.00580267,6.45728,39358,0,39358
32,0.005888,2.90604,39347.6,0,39347.6
32,0.00597333,4.08177,39347.1,0,39347.1
32,0.00605867,5.36791,39335.1,0,39335.1
32,0.006144,-9.7446,39347.5,0,39347.5
32,0.00622933,10.3186,39333,0,39333
32,0.00631467,28.1056,39315.5,0,39315.5
32,0.0064,28.1778,39328.7,0,39328.7
32,0.00648533,13.9113,39330.1,0,39330.1
32,0.00657067,13.2439,39310.1,0,39310.1
32,0.006656,18.5808,39287.9,0,39287.9
32,0.00674133,-2.29266,39316,0,39316
32,0.00682667,10.1424,39318.9,0,39318.9
32,0.006912,8.30971,39299.2,0,39299.2
32,0.00699733,3.20056,39289.2,0,39289.2
32,0.00708267,6.44651,39285.1,0,39285.1
32,0.007168,29.1156,39275.5,0,39275.5
32,0.00725333,8.52326,39286.5,0,39286.5
32,0.00733867,7.02437,39271.2,0,39271.2
32,0.007424,-2.37166,39294.4,0,39294.4
32,0.00750933,7.37319,39274.6,0,39274.6
32,0.00759467,0.554464,39265.6,0,39265.6
32,0.00768,7.08879,39261.9,0,39261.9
32,0.00776533,-8.32231,39243.9,0,39243.9
32,0.00785067,4.62347,39273.5,0,39273.5
32,0.007936,6.44524,39259.3,0,39259.3
32,0.00802133,6.08806,39248.4,0,39248.4
32,0.00810667,5.27517,39238,0,39238
32,0.008192,-1.22189,39234.2,0,39234.2
32,0.00827733,5.51556,39230.3,0,39230.3
32,0.00836267,6.96559,39218.4,0,39218.4
32,0.008448,6.84615,39248,0,39248
32,0.00853333,6.31103,39219,0,39219
32,0.00861867,10.9147,39206.5,0,39206.5
32,0.008704,14.3582,39221.4,0,39221.4
32,0.00878933,7.963,39205.8,0,39205.8
32,0.00887467,12.8908,39190.9,0,39190.9
32,0.00896,12.684,39203.8,0,39203.8
32,0.00904533,-4.37411,39203,0,39203
32,0.00913067,4.49683,39195.3,0,39195.3
32,0.009216,3.90811,39188.1,0,39188.1
32,0.00930133,4.24427,39181.4,0,39181.4
32,0.00938667,-0.548255,39166.2,0,39166.2
32,0.009472,4.24341,39183.3,0,39183.3
32,0.00955733,2.36329,39176,0,39176
32,0.00964267,1.3667,39173.7,0,39173.7
32,0.009728,0.954248,39171.5,0,39171.5
32,0.00981333,1.4081,39169.9,0,39169.9
32,0.00989867,1.28297,39167.4,0,39167.4
32,0.009984,1.5766,39165,0,39165
32,0.0100693,1.36075,39162.2,0,39162.2
32,0.0101547,1.00166,39160.5,0,39160.5
32,0.01024,1.49848,39158.6,0,39158.6
32,0.0103253,1.83889,39155.4,0,39155.4
32,0.0104107,1.44734,39152.5,0,39152.5
32,0.010496,1.22612,39150.3,0,39150.3
32,0.0105813,0.819309,39148.4,0,39148.4
32,0.0106667,0.0381573,39147.6,0,39147.6
32,0.010752,1.22014,39147.9,0,39147.9
32,0.0108373,3.10541,39143.7,0,39143.7
32,0.0109227,4.32533,39137.5,0,39137.5
32,0.011008,8.47768,39124.9,0,39124.9
32,0.0110933,7.02348,39144.2,0,39144.2
32,0.0111787,3.82947,39134.4,0,39134.4
32,0.011264,1.31835,39128.9,0,39128.9
32,0.0113493,-0.482024,39127,0,39127
32,0.0114347,2.63803,39137.3,0,39137.3
32,0.01152,3.10834,39126.4,0,39126.4
32,0.0116053,-8.20278,39140.1,0,39140.1
32,0.0116907,2.67953,39136.8,0,39136.8
32,0.011776,2.33262,39131.8,0,39131.8
32,0.0118613,1.74063,39128.3,0,39128.3
32,0.0119467,0.747381,39126,0,39126
32,0.012032,0.787042,39125.7,0,39125.7
32,0.0121173,2.1554,39123.1,0,39123.1
32,0.0122027,2.78907,39118.7,0,39118.7
32,0.012288,3.70061,39113.4,0,39113.4
32,0.0123733,5.71651,39092.4,0,39092.4
32,0.0124587,5.23545,39140.1,0,39140.1
32,0.012544,2.68893,39131.9,0,39131.9
32,0.0126293,2.7237,39127.1,0,39127.1
32,0.0127147,2.29327,39122.7,0,39122.7
33,0,3055.34,36955.9,0,37082
33,8.53333e-05,23.6496,33469.3,0,33469.3
33,0.000170667,-89.9978,33877,0,33877.1
33,0.000256,53.3645,34258.4,0,34258.5
33,0.000341333,-23.5321,34528,0,34528
33,0.000426667,-122.122,34956.4,0,34956.6
33,0.000512,-37.8224,35266.1,0,35266.2
33,0.000597333,-35.7471,35400,0,35400
33,0.000682667,6.98892,35747.7,0,35747.7
33,0.000768,45.8049,36107.6,0,36107.6
33,0.000853333,87.0949,36263.7,0,36263.8
33,0.000938667,137.238,36819.9,0,36820.2
33,0.001024,77.1911,36890.7,0,36890.8
33,0.00110933,19.1533,37127.1,0,37127.1
33,0.00119467,-57.8504,37217.3,0,37217.4
33,0.00128,-102.996,37401.9,0,37402.1
33,0.00136533,-21.3454,37468.9,0,37468.9
33,0.00145067,-58.7573,37745.6,0,37745.6
33,0.001536,7.91605,37908.7,0,37908.7
33,0.00162133,54.3084,37962.3,0,37962.4
33,0.00170667,7.21207,38138.9,0,38138.9
33,0.001792,-10.6448,38230,0,38230
33,0.00187733,125.11,38479.8,0,38480
33,0.00196267,30.425,38464.4,0,38464.4
33,0.002048,39.8975,38480.1,0,38480.1
33,0.00213333,70.345,38534.7,0,38534.7
33,0.00221867,100.212,38620.4,0,38620.6
33,0.002304,78.0771,38734.8,0,38734.8
33,0.00238933,108.553,38796.8,0,38797
33,0.00247467,24.6152,38933,0,38933.1
33,0.00256,73.5451,38899.6,0,38899.7
33,0.00264533,185.205,38898.9,0,38899.3
33,0.00273067,66.8834,39060.2,0,39060.3
33,0.002816,47.5179,39160.7,0,39160.7
33,0.00290133,29.9207,39130.2,0,39130.3
33,0.00298667,43.2685,39172.5,0,39172.6
33,0.003072,47.6655,39191.3,0,39191.3
33,0.00315733,39.9679,39228.2,0,39228.2
33,0.00324267,4.55322,39222.4,0,39222.4
33,0.003328,-4.48216,39269.8,0,39269.8
33,0.00341333,10.8305,39264.8,0,39264.8
33,0.00349867,28.6408,39262,0,39262
33,0.003584,40.315,39331.8,0,39331.8
33,0.00366933,4.66464,39301.7,0,39301.7
33,0.00375467,17.581,39320,0,39320
33,0.00384,7.71385,39329.6,0,39329.6
33,0.00392533,33.46,39319.9,0,39320
33,0.00401067,15.2583,39367.9,0,39367.9
33,0.004096,31.9564,39350.2,0,39350.2
33,0.00418133,10.4709,39385.5,0,39385.5
33,0.00426667,56.483,39374.3,0,39374.4
33,0.004352,16.2398,39374,0,39374
33,0.00443733,-47.3614,39363.6,0,39363.6
33,0.00452267,37.8994,39377.1,0,39377.2
33,0.004608,27.2418,39377.7,0,39377.7
33,0.00469333,-9.08774,39344.1,0,39344.1
33,0.00477867,12.7784,39392.4,0,39392.4
33,0.004864,-1.07808,39383.4,0,39383.4
33,0.00494933,13.5414,39369.3,0,39369.4
33,0.00503467,13.4751,39379.3,0,39379.3
33,0.00512,11.2036,39375.1,0,39375.1
33,0.00520533,32.9912,39353.8,0,39353.8
33,0.00529067,15.3015,39398.9,0,39398.9
33,0.005376,12.2841,39385.4,0,39385.4
33,0.00546133,21.7128,39400.8,0,39400.8
33,0.00554667,7.72285,39368,0,39368
33,0.005632,-2.10675,39375.6,0,39375.6
33,0.00571733,2.57998,39368.1,0,39368.1
33,0.00580267,6.82498,39358.3,0,39358.3
33,0.005888,2.83206,39347.5,0,39347.5
33,0.00597333,3.78676,39347.5,0,39347.5
33,0.00605867,5.15791,39336,0,39336
33,0.006144,-10.5368,39349.9,0,39349.9
33,0.00622933,9.69586,39334.9,0,39334.9
33,0.00631467,24.0854,39317.2,0,39317.2
33,0.0064,22.9057,39321.8,0,39321.8
33,0.00648533,16.7205,39332.8,0,39332.8
33,0.00657067,13.9258,39311.3,0,39311.3
33,0.006656,18.9117,39288.2,0,39288.2
33,0.00674133,-2.27071,39316.2,0,39316.2
33,0.00682667,10.159,39319.2,0,39319.2
33,0.006912,8.68177,39299.3,0,39299.3
33,0.00699733,3.77623,39288.3,0,39288.3
33,0.00708267,5.88156,39284.9,0,39284.9
33,0.007168,26.4932,39273.4,0,39273.4
33,0.00725333,8.7845,39287.2,0,39287.2
33,0.00733867,7.35688,39271.3,0,39271.3
33,0.007424,-2.25603,39295.6,0,39295.6
33,0.00750933,7.35327,39275.3,0,39275.3
33,0.00759467,0.766125,39266.3,0,39266.3
33,0.00768,7.19575,39262.4,0,39262.4
33,0.00776533,-5.93916,39242.2,0,39242.2
33,0.00785067,4.52147,39274.9,0,39274.9
33,0.007936,6.60038,39259.9,0,39259.9
33,0.00802133,6.16827,39248.8,0,39248.8
33,0.00810667,5.32255,39238.3,0,39238.3
33,0.008192,-1.42509,39234.6,0,39234.6
33,0.00827733,5.54689,39230.8,0,39230.8
33,0.00836267,7.08318,39218.8,0,39218.8
33,0.008448,8.90877,39248.9,0,39248.9
33,0.00853333,6.33654,39219.5,0,39219.5
33,0.00861867,10.6512,39206.9,0,39206.9
33,0.008704,13.7794,39222.3,0,39222.3
33,0.00878933,7.15127,39207.2,0,39207.2
33,0.00887467,8.78435,39195.4,0,39195.4
33,0.00896,31.2349,39211.2,0,39211.2
33,0.00904533,2.24951,39192.5,0,39192.5
33,0.00913067,3.76107,39197.1,0,39197.1
33,0.009216,4.09256,39189,0,39189
33,0.00930133,4.3519,39181.9,0,39181.9
33,0.00938667,-0.752048,39167.1,0,39167.1
33,0.009472,4.25064,39183.3,0,39183.3
33,0.00955733,2.28714,39176,0,39176
33,0.00964267,1.24086,39174,0,39174
33,0.009728,0.947865,39171.9,0,39171.9
33,0.00981333,1.42571,39170.2,0,39170.2
33,0.00989867,1.32011,39167.7,0,39167.7
33,0.009984,1.66487,39165.3,0,39165.3
33,0.0100693,1.56945,39162.2,0,39162.2
33,0.0101547,1.09655,39160,0,39160
33,0.01024,1.30893,39158.3,0,39158.3
33,0.0103253,1.73875,39155.5,0,39155.5
33,0.0104107,1.47125,39152.6,0,39152.6
33,0.010496,1.27651,39150.3,0,39150.3
33,0.0105813,0.789935,39148.3,0,39148.3
33,0.0106667,-0.1386,39147.7,0,39147.7
33,0.010752,1.20767,39148.4,0,39148.4
33,0.0108373,3.12766,39144.1,0,39144.1
33,0.0109227,4.3157,39137.8,0,39137.8
33,0.011008,8.16018,39125.1,0,39125.1
33,0.0110933,6.83788,39144.3,0,39144.3
33,0.0111787,3.7303,39134.6,0,39134.6
33,0.011264,1.21627,39129.2,0,39129.2
33,0.0113493,0.162849,39127.8,0,39127.8
33,0.0114347,1.94032,39137.7,0,39137.7
33,0.01152,3.06059,39126.7,0,39126.7
33,0.0116053,-7.98697,39140,0,39140
33,0.0116907,2.64229,39136.9,0,39136.9
33,0.011776,2.32064,39132,0,39132
33,0.0118613,1.73944,39128.4,0,39128.4
33,0.0119467,0.749681,39126.1,0,39126.1
33,0.012032,0.797502,39125.9,0,39125.9
33,0.0121173,2.18796,39123.2,0,39123.2
33,0.0122027,2.82762,39118.7,0,39118.7
33,0.012288,3.66397,39113.3,0,39113.3
33,0.0123733,4.78584,39092.7,0,39092.7
33,0.0124587,4.94121,39140,0,39140
33,0.012544,2.58739,39131.9,0,39131.9
33,0.0126293,2.69997,39127.2,0,39127.2
33,0.0127147,2.29066,39122.8,0,39122.8
34,0,3055.67,36951.4,0,37077.6
34,8.53333e-05,24.3428,33463.9,0,33464
34,0.000170667,-98.238,33867.2,0,33867.3
34,0.000256,84.9867,34279,0,34279.1
34,0.000341333,-22.4994,34528.1,0,34528.1
34,0.000426667,-104.844,34942.8,0,34942.9
34,0.000512,-107.731,35425.8,0,35425.9
34,0.000597333,-22.8876,35447.2,0,35447.3
34,0.000682667,52.6393,35777.4,0,35777.4
34,0.000768,71.5746,36111.5,0,36111.6
34,0.000853333,88.9336,36270.8,0,36270.9
34,0.000938667,142.578,36831.1,0,36831.4
34,0.001024,77.5115,36864.7,0,36864.7
34,0.00110933,24.1839,37140.5,0,37140.5
34,0.00119467,-54.1745,37221.3,0,37221.3
34,0.00128,-102.59,37407.6,0,37407.8
34,0.00136533,-19.402,37484.2,0,37484.2
34,0.00145067,12.5136,37753.6,0,37753.7
34,0.001536,-13.3326,37915.8,0,37915.8
34,0.00162133,59.1552,37964.1,0,37964.2
34,0.00170667,6.5633,38133.6,0,38133.6
34,0.001792,-15.5454,38231.6,0,38231.6
34,0.00187733,101.914,38449.5,0,38449.6
34,0.00196267,34.5176,38482.6,0,38482.6
34,0.002048,50.3764,38481.6,0,38481.6
34,0.00213333,74.6567,38552.3,0,38552.4
34,0.00221867,85.6725,38612.9,0,38613
34,0.002304,98.2538,38762.3,0,38762.4
34,0.00238933,103.695,38782.8,0,38782.9
34,0.00247467,14.4178,38937.2,0,38937.2
34,0.00256,59.5316,38881.7,0,38881.8
34,0.00264533,166.532,38922.9,0,38923.3
34,0.00273067,69.9077,39059.6,0,39059.7
34,0.002816,48.8569,39163.7,0,39163.7
34,0.00290133,30.7171,39128.5,0,39128.6
34,0.00298667,41.9301,39173.3,0,39173.3
34,0.003072,47.3799,39193,0,39193.1
34,0.00315733,39.4986,39225.7,0,39225.7
34,0.00324267,6.5547,39220.5,0,39220.5
34,0.003328,-5.29518,39269,0,39269
34,0.00341333,8.58993,39265.6,0,39265.6
34,0.00349867,10.7343,39276.9,0,39276.9
34,0.003584,55.4351,39318.7,0,39318.7
34,0.00366933,5.35809,39302.7,0,39302.7
34,0.00375467,17.3901,39320.6,0,39320.6
34,0.00384,7.23464,39331.1,0,39331.1
34,0.00392533,28.9573,39320.3,0,39320.3
34,0.00401067,15.4816,39369.2,0,39369.2
34,0.004096,30.6924,39347.9,0,39347.9
34,0.00418133,12.607,39386,0,39386
34,0.00426667,36.5724,39371.4,0,39371.4
34,0.004352,16.7734,39376,0,39376
34,0.00443733,-47.8577,39365.6,0,39365.7
34,0.00452267,28.2981,39370.3,0,39370.4
34,0.004608,25.1244,39377.3,0,39377.4
34,0.00469333,-0.426171,39369.1,0,39369.1
34,0.00477867,9.64425,39390.5,0,39390.5
34,0.004864,-1.6198,39384.2,0,39384.2
34,0.00494933,13.1632,39370.8,0,39370.8
34,0.00503467,37.8356,39377.2,0,39377.2
34,0.00512,7.55284,39378.1,0,39378.1
34,0.00520533,33.1198,39355,0,39355
34,0.00529067,14.8161,39403.5,0,39403.5
34,0.005376,12.3345,39387.1,0,39387.1
34,0.00546133,30.6616,39409.3,0,39409.3
34,0.00554667,7.89375,39368.8,0,39368.8
34,0.005632,-1.92125,39376,0,39376
34,0.00571733,2.53739,39368.4,0,39368.4
34,0.00580267,6.32469,39359,0,39359
34,0.005888,2.65377,39349.4,0,39349.4
34,0.00597333,4.17145,39348.7,0,39348.7
34,0.00605867,5.23172,39336.8,0,39336.8
34,0.006144,-10.5994,39350.9,0,39350.9
34,0.00622933,9.78494,39335.8,0,39335.8
34,0.00631467,24.2781,39318,0,39318
34,0.0064,22.9814,39322.2,0,39322.2
34,0.00648533,16.5318,39333.3,0,39333.4
34,0.00657067,13.616,39312.3,0,39312.3
34,0.006656,18.1214,39289.1,0,39289.1
34,0.00674133,-0.387528,39315.1,0,39315.1
34,0.00682667,9.48411,39320.9,0,39320.9
34,0.006912,8.9536,39300.3,0,39300.3
34,0.00699733,3.8586,39289.1,0,39289.1
34,0.00708267,6.14243,39285.7,0,39285.7
34,0.007168,27.1674,39272.9,0,39272.9
34,0.00725333,8.81887,39286.1,0,39286.1
34,0.00733867,6.83327,39270.7,0,39270.7
34,0.007424,-2.26323,39295,0,39295
34,0.00750933,7.15607,39275.5,0,39275.5
34,0.00759467,0.76622,39266.8,0,39266.8
34,0.00768,7.5689,39263,0,39263
34,0.00776533,2.23294,39239,0,39239
34,0.00785067,3.9822,39280,0,39280
34,0.007936,7.12992,39261.2,0,39261.2
34,0.00802133,6.40927,39249.5,0,39249.5
34,0.00810667,5.47392,39238.7,0,39238.7
34,0.008192,-1.46274,39234.8,0,39234.8
34,0.00827733,5.59227,39230.9,0,39230.9
34,0.00836267,7.11904,39218.9,0,39218.9
34,0.008448,9.73486,39249.2,0,39249.2
34,0.00853333,6.32682,39219.8,0,39219.8
34,0.00861867,10.5803,39207.2,0,39207.2
34,0.008704,13.6825,39222.7,0,39222.7
34,0.00878933,7.13239,39207.5,0,39207.5
34,0.00887467,8.77128,39195.7,0,39195.7
34,0.00896,31.2603,39211.7,0,39211.7
34,0.00904533,2.25753,39192.9,0,39192.9
34,0.00913067,3.76553,39197.4,0,39197.4
34,0.009216,4.1152,39189.3,0,39189.3
34,0.00930133,4.38445,39182.2,0,39182.2
34,0.00938667,1.5599,39167.6,0,39167.6
34,0.009472,4.39051,39184.2,0,39184.2
34,0.00955733,2.48473,39176.4,0,39176.4
34,0.00964267,1.33775,39174,0,39174
34,0.009728,0.901769,39171.9,0,39171.9
34,0.00981333,1.39941,39170.4,0,39170.4
34,0.00989867,1.31318,39167.9,0,39167.9
34,0.009984,1.66944,39165.4,0,39165.4
34,0.0100693,1.57627,39162.4,0,39162.4
34,0.0101547,1.10273,39160.1,0,39160.1
34,0.01024,1.30541,39158.4,0,39158.4
34,0.0103253,1.729,39155.6,0,39155.6
34,0.0104107,1.46868,39152.7,0,39152.7
34,0.010496,1.27749,39150.4,0,39150.4
34,0.0105813,0.797934,39148.5,0,39148.5
34,0.0106667,-0.127332,39147.9,0,39147.9
34,0.010752,1.22461,39148.5,0,39148.5
34,0.0108373,3.15868,39144.1,0,39144.1
34,0.0109227,4.3464,39137.8,0,39137.8
34,0.011008,8.07991,39125.1,0,39125.1
34,0.0110933,6.76069,39144.3,0,39144.3
34,0.0111787,3.71477,39134.6,0,39134.6
34,0.011264,1.2139,39129.3,0,39129.3
34,0.0113493,0.132566,39127.9,0,39127.9
34,0.0114347,1.90685,39137.7,0,39137.7
34,0.01152,3.02379,39126.8,0,39126.8
34,0.0116053,-7.83615,39139.8,0,39139.8
34,0.0116907,2.61671,39136.9,0,39136.9
34,0.011776,2.29441,39132,0,39132
34,0.0118613,1.70648,39128.5,0,39128.5
34,0.0119467,0.72373,39126.3,0,39126.3
34,0.012032,0.781414,39126,0,39126
34,0.0121173,2.18424,39123.3,0,39123.3
34,0.0122027,2.87251,39118.9,0,39118.9
34,0.012288,3.78896,39113.3,0,39113.4
34,0.0123733,4.76529,39092.5,0,39092.5
34,0.0124587,4.87909,39139.8,0,39139.8
34,0.012544,2.40492,39132,0,39132
34,0.0126293,2.68318,39127.4,0,39127.4
34,0.0127147,2.30676,39123,0,39123
35,0,3050.18,36955.4,0,37081.1
35,8.53333e-05,30.5172,33469.4,0,33469.4
35,0.000170667,-103.54,33865.9,0,33866.1
35,0.000256,95.1484,34295.1,0,34295.3
35,0.000341333,-14.7159,34518.3,0,34518.3
35,0.000426667,-89.5936,34938.2,0,34938.3
35,0.000512,-140.42,35404.3,0,35404.6
35,0.000597333,-27.2228,35439.8,0,35439.8
35,0.000682667,47.413,35779.7,0,35779.7
35,0.000768,81.6252,36126.8,0,36126.9
35,0.000853333,97.7059,36261.5,0,36261.6
35,0.000938667,185.533,36819,0,36819.5
35,0.001024,83.8148,36881.5,0,36881.6
35,0.00110933,34.6438,37141.2,0,37141.2
35,0.00119467,-86.7934,37239.2,0,37239.3
35,0.00128,-106.048,37383.2,0,37383.3
35,0.00136533,-24.9302,37476.2,0,37476.2
35,0.00145067,15.3032,37747.4,0,37747.4
35,0.001536,-8.25232,37909.6,0,37909.6
35,0.00162133,50.9444,37964.5,0,37964.5
35,0.00170667,6.35938,38142.3,0,38142.3
35,0.001792,-16.627,38235.8,0,38235.8
35,0.00187733,74.5525,38423.3,0,38423.4
35,0.00196267,16.7147,38529.2,0,38529.2
35,0.002048,42.538,38481.9,0,38482
35,0.00213333,73.494,38542.9,0,38543
35,0.00221867,86.024,38609,0,38609.1
35,0.002304,98.3273,38764.5,0,38764.7
35,0.00238933,106.354,38787.3,0,38787.4
35,0.00247467,-22.4624,38926.5,0,38926.5
35,0.00256,62.5526,38888.2,0,38888.2
35,0.00264533,134.426,38963.6,0,38963.8
35,0.00273067,53.0912,39080.6,0,39080.7
35,0.002816,51.5345,39169.9,0,39169.9
35,0.00290133,29.7956,39127.9,0,39127.9
35,0.00298667,45.5366,39172,0,39172
35,0.003072,47.136,39190.1,0,39190.1
35,0.00315733,39.7307,39223.3,0,39223.4
35,0.00324267,5.81581,39217.8,0,39217.8
35,0.003328,-7.08162,39269.1,0,39269.1
35,0.00341333,7.93032,39268.4,0,39268.4
35,0.00349867,16.4841,39267.8,0,39267.8
35,0.003584,53.9168,39320.7,0,39320.7
35,0.00366933,4.5676,39305.5,0,39305.5
35,0.00375467,16.802,39319.1,0,39319.1
35,0.00384,8.99161,39332.1,0,39332.1
35,0.00392533,29.5127,39319.7,0,39319.7
35,0.00401067,13.6348,39370.7,0,39370.7
35,0.004096,29.7253,39352.5,0,39352.6
35,0.00418133,15.0892,39386.3,0,39386.3
35,0.00426667,35.6594,39371.8,0,39371.8
35,0.004352,16.5074,39377.8,0,39377.8
35,0.00443733,-38.2247,39346.5,0,39346.5
35,0.00452267,29.5382,39370.7,0,39370.7
35,0.004608,24.3978,39376,0,39376
35,0.00469333,7.03517,39379.3,0,39379.3
35,0.00477867,9.33749,39394.8,0,39394.8
35,0.004864,-1.19773,39386.6,0,39386.6
35,0.00494933,13.4363,39372.5,0,39372.5
35,0.00503467,38.2413,39378.6,0,39378.6
35,0.00512,7.88971,39379.2,0,39379.2
35,0.00520533,33.1738,39356.6,0,39356.6
35,0.00529067,18.6734,39412.4,0,39412.4
35,0.005376,12.4631,39388.6,0,39388.6
35,0.00546133,30.2742,39411.6,0,39411.6
35,0.00554667,9.46722,39370.1,0,39370.1
35,0.005632,9.29691,39358.1,0,39358.1
35,0.00571733,7.38098,39375.5,0,39375.5
35,0.00580267,7.69956,39360.9,0,39360.9
35,0.005888,3.34574,39349.8,0,39349.8
35,0.00597333,3.3697,39349.7,0,39349.7
35,0.00605867,5.25473,39338.4,0,39338.4
35,0.006144,-10.5574,39352.3,0,39352.3
35,0.00622933,9.11859,39337,0,39337
35,0.00631467,18.9452,39318.5,0,39318.5
35,0.0064,27.2072,39322.8,0,39322.8
35,0.00648533,16.8924,39333.6,0,39333.6
35,0.00657067,13.5063,39312.5,0,39312.5
35,0.006656,17.9175,39289.7,0,39289.7
35,0.00674133,-0.573681,39316.4,0,39316.4
35,0.00682667,9.48174,39322.1,0,39322.1
35,0.006912,9.16314,39301.4,0,39301.4
35,0.00699733,4.39473,39289.5,0,39289.5
35,0.00708267,6.31952,39285,0,39285
35,0.007168,26.8465,39272.5,0,39272.5
35,0.00725333,8.57995,39286.7,0,39286.7
35,0.00733867,7.63599,39271.9,0,39271.9
35,0.007424,-7.07238,39294.3,0,39294.3
35,0.00750933,6.10087,39276.4,0,39276.4
35,0.00759467,0.828778,39268.4,0,39268.4
35,0.00768,7.99164,39264.1,0,39264.1
35,0.00776533,3.03204,39238.8,0,39238.8
35,0.00785067,3.96228,39279.2,0,39279.2
35,0.007936,6.59362,39261.5,0,39261.5
35,0.00802133,6.31648,39250.3,0,39250.3
35,0.00810667,5.51964,39239.4,0,39239.4
35,0.008192,-1.55448,39235.5,0,39235.5
35,0.00827733,5.38369,39231.8,0,39231.8
35,0.00836267,6.54638,39221,0,39221
35,0.008448,31.9084,39197.9,0,39198
35,0.00853333,7.31014,39221.7,0,39221.7
35,0.00861867,10.8397,39207.8,0,39207.8
35,0.008704,13.6663,39223.2,0,39223.2
35,0.00878933,7.13984,39207.9,0,39207.9
35,0.00887467,8.77147,39196.1,0,39196.1
35,0.00896,31.345,39212.4,0,39212.4
35,0.00904533,2.28203,39193.2,0,39193.2
35,0.00913067,3.7887,39197.6,0,39197.6
35,0.009216,4.10815,39189.4,0,39189.4
35,0.00930133,4.21818,39182.4,0,39182.4
35,0.00938667,2.10275,39170,0,39170
35,0.009472,4.00324,39184.8,0,39184.8
35,0.00955733,2.50093,39176.8,0,39176.8
35,0.00964267,1.37631,39174.3,0,39174.3
35,0.009728,0.931061,39172.1,0,39172.1
35,0.00981333,1.42347,39170.5,0,39170.5
35,0.00989867,1.32434,39168,0,39168
35,0.009984,1.67822,39165.5,0,39165.5
35,0.0100693,1.58042,39162.5,0,39162.5
35,0.0101547,1.10611,39160.2,0,39160.2
35,0.01024,1.30811,39158.5,0,39158.5
35,0.0103253,1.72818,39155.7,0,39155.7
35,0.0104107,1.4636,39152.8,0,39152.8
35,0.010496,1.27051,39150.6,0,39150.6
35,0.0105813,0.820415,39148.6,0,39148.6
35,0.0106667,-0.0412,39147.8,0,39147.8
35,0.010752,1.07959,39148.6,0,39148.6
35,0.0108373,3.11138,39144.4,0,39144.4
35,0.0109227,4.27954,39138.1,0,39138.1
35,0.011008,7.60172,39126.3,0,39126.3
35,0.0110933,7.03978,39145.2,0,39145.2
35,0.0111787,3.82614,39134.8,0,39134.8
35,0.011264,1.25056,39129.3,0,39129.3
35,0.0113493,0.0813509,39127.9,0,39127.9
35,0.0114347,1.82863,39137.7,0,39137.7
35,0.01152,2.96858,39127,0,39127
35,0.0116053,-7.80292,39139.9,0,39139.9
35,0.0116907,2.60478,39137,0,39137
35,0.011776,2.2977,39132.1,0,39132.1
35,0.0118613,1.71235,39128.6,0,39128.6
35,0.0119467,0.724741,39126.4,0,39126.4
35,0.012032,0.782388,39126.2,0,39126.2
35,0.0121173,2.20055,39123.5,0,39123.5
35,0.0122027,2.92307,39118.9,0,39118.9
35,0.012288,3.82261,39113.3,0,39113.3
35,0.0123733,4.50388,39092.5,0,39092.5
35,0.0124587,4.71712,39139.7,0,39139.7
35,0.012544,2.33668,39132.3,0,39132.3
35,0.0126293,2.72013,39127.6,0,39127.6
35,0.0127147,2.32606,39123.2,0,39123.2
36,0,3048.43,36963.7,0,37089.2
36,8.53333e-05,28.4482,33487.2,0,33487.2
36,0.000170667,-114.284,33852.4,0,33852.6
36,0.000256,90.9979,34265.9,0,34266
36,0.000341333,-26.2742,34534.4,0,34534.4
36,0.000426667,-87.3327,34929.1,0,34929.2
36,0.000512,-139.227,35389.4,0,35389.7
36,0.000597333,-24.0258,35430.9,0,35430.9
36,0.000682667,39.8012,35757.8,0,35757.8
36,0.000768,52.9795,36125,0,36125
36,0.000853333,104.258,36251.9,0,36252.1
36,0.000938667,181.115,36820.8,0,36821.3
36,0.001024,71.6354,36885.3,0,36885.3
36,0.00110933,21.3902,37135.4,0,37135.4
36,0.00119467,-90.9612,37240.7,0,37240.9
36,0.00128,-95.5738,37386.8,0,37386.9
36,0.00136533,-29.5452,37473.7,0,37473.7
36,0.00145067,4.95515,37741.9,0,37741.9
36,0.001536,-4.9861,37928.4,0,37928.4
36,0.00162133,54.4123,37954.6,0,37954.6
36,0.00170667,8.29372,38135.5,0,38135.5
36,0.001792,-11.8059,38234.6,0,38234.6
36,0.00187733,118.036,38398.6,0,38398.7
36,0.00196267,12.8508,38517.9,0,38517.9
36,0.002048,38.7834,38482.3,0,38482.3
36,0.00213333,70.4428,38530.8,0,38530.8
36,0.00221867,102.173,38620,0,38620.2
36,0.002304,103.822,38764.4,0,38764.6
36,0.00238933,91.8558,38788.2,0,38788.3
36,0.00247467,-26.4611,38930.5,0,38930.5
36,0.00256,42.06,38869,0,38869
36,0.00264533,113.052,38981.5,0,38981.7
36,0.00273067,60.6707,39081.4,0,39081.4
36,0.002816,50.787,39164.4,0,39164.4
36,0.00290133,25.8389,39128.5,0,39128.5
36,0.00298667,48.2849,39168.2,0,39168.2
36,0.003072,65.3016,39211.2,0,39211.2
36,0.00315733,34.1741,39223.1,0,39223.1
36,0.00324267,5.74183,39219.4,0,39219.4
36,0.003328,-5.9236,39268.9,0,39268.9
36,0.00341333,9.08081,39265.4,0,39265.4
36,0.00349867,14.4895,39261.4,0,39261.4
36,0.003584,55.3939,39318.9,0,39319
36,0.00366933,2.0013,39304,0,39304
36,0.00375467,16.9464,39321.3,0,39321.3
36,0.00384,9.03053,39333.6,0,39333.6
36,0.00392533,29.4298,39320.8,0,39320.9
36,0.00401067,13.2356,39371.6,0,39371.6
36,0.004096,29.6743,39355.7,0,39355.7
36,0.00418133,15.9746,39386.6,0,39386.6
36,0.00426667,35.1898,39372.9,0,39372.9
36,0.004352,16.0626,39380.5,0,39380.5
36,0.00443733,2.76908,39339.2,0,39339.2
36,0.00452267,27.8882,39375.9,0,39375.9
36,0.004608,25.9334,39378.5,0,39378.6
36,0.00469333,7.48476,39379.8,0,39379.8
36,0.00477867,9.45294,39394.9,0,39394.9
36,0.004864,-1.50193,39386.8,0,39386.8
36,0.00494933,13.3305,39373.6,0,39373.6
36,0.00503467,40.3637,39379.4,0,39379.4
36,0.00512,-0.11706,39385.5,0,39385.5
36,0.00520533,28.941,39362.8,0,39362.8
36,0.00529067,9.10074,39397.8,0,39397.8
36,0.005376,10.7963,39388.3,0,39388.4
36,0.00546133,38.075,39399,0,39399
36,0.00554667,9.75959,39370.7,0,39370.7
36,0.005632,9.39063,39358.3,0,39358.3
36,0.00571733,7.37457,39375.7,0,39375.7
36,0.00580267,7.66225,39361.2,0,39361.2
36,0.005888,3.31862,39350.2,0,39350.2
36,0.00597333,3.33889,39350.1,0,39350.1
36,0.00605867,5.19619,39338.9,0,39338.9
36,0.006144,-10.6898,39353,0,39353
36,0.00622933,9.06478,39337.8,0,39337.8
36,0.00631467,19.0948,39319.3,0,39319.3
36,0.0064,28.1308,39322.7,0,39322.7
36,0.00648533,16.4899,39334.6,0,39334.6
36,0.00657067,13.5717,39313.2,0,39313.2
36,0.006656,17.5747,39289.8,0,39289.8
36,0.00674133,-0.243178,39314.9,0,39314.9
36,0.00682667,9.77461,39321.8,0,39321.8
36,0.006912,9.02423,39301.7,0,39301.8
36,0.00699733,4.16417,39290.1,0,39290.1
36,0.00708267,5.71679,39286.2,0,39286.2
36,0.007168,17.6558,39272.3,0,39272.3
36,0.00725333,9.88905,39288.3,0,39288.3
36,0.00733867,7.59486,39272.9,0,39272.9
36,0.007424,-7.54091,39296.2,0,39296.2
36,0.00750933,7.0363,39277.9,0,39277.9
36,0.00759467,2.33645,39267,0,39267
36,0.00768,7.18285,39264,0,39264
36,0.00776533,2.78063,39239.3,0,39239.3
36,0.00785067,4.07596,39280.1,0,39280.1
36,0.007936,6.74816,39261.7,0,39261.7
36,0.00802133,6.24088,39250.7,0,39250.7
36,0.00810667,5.64946,39240.1,0,39240.1
36,0.008192,-0.0500278,39232.2,0,39232.2
36,0.00827733,4.96765,39232.3,0,39232.3
36,0.00836267,6.56979,39221.4,0,39221.4
36,0.008448,31.9693,39198.2,0,39198.2
36,0.00853333,7.34081,39221.9,0,39221.9
36,0.00861867,10.8394,39208,0,39208
36,0.008704,13.6492,39223.4,0,39223.4
36,0.00878933,7.139,39208.1,0,39208.1
36,0.00887467,8.7644,39196.2,0,39196.2
36,0.00896,31.3672,39212.6,0,39212.7
36,0.00904533,2.27918,39193.4,0,39193.4
36,0.00913067,3.77579,39197.7,0,39197.7
36,0.009216,4.09777,39189.6,0,39189.6
36,0.00930133,4.2093,39182.6,0,39182.6
36,0.00938667,2.0758,39170.2,0,39170.2
36,0.009472,3.99155,39185,0,39185
36,0.00955733,2.50175,39177,0,39177
36,0.00964267,1.37858,39174.5,0,39174.5
36,0.009728,0.941027,39172.3,0,39172.3
36,0.00981333,1.49796,39170.7,0,39170.7
36,0.00989867,1.39701,39167.9,0,39167.9
36,0.009984,1.62104,39165.5,0,39165.5
36,0.0100693,1.52297,39162.5,0,39162.5
36,0.0101547,1.06112,39160.4,0,39160.4
36,0.01024,1.28526,39158.8,0,39158.8
36,0.0103253,1.73799,39156,0,39156
36,0.0104107,1.48953,39153,0,39153
36,0.010496,1.29922,39150.7,0,39150.7
36,0.0105813,0.889231,39148.6,0,39148.6
36,0.0106667,-0.102053,39147.8,0,39147.8
36,0.010752,0.970858,39148.8,0,39148.8
36,0.0108373,3.0279,39144.7,0,39144.7
36,0.0109227,4.05049,39138.6,0,39138.6
36,0.011008,6.28686,39128.6,0,39128.6
36,0.0110933,7.17894,39148,0,39148
36,0.0111787,3.87025,39135,0,39135
36,0.011264,1.41035,39129.4,0,39129.4
36,0.0113493,0.209202,39127.6,0,39127.6
36,0.0114347,1.51528,39137.7,0,39137.7
36,0.01152,3.75087,39127.5,0,39127.5
36,0.0116053,-12.9309,39136.9,0,39136.9
36,0.0116907,2.83503,39138.4,0,39138.4
36,0.011776,2.50972,39132.8,0,39132.8
36,0.0118613,1.86607,39129,0,39129
36,0.0119467,1.0086,39126.5,0,39126.5
36,0.012032,0.676795,39125.8,0,39125.8
36,0.0121173,2.07715,39123.6,0,39123.6
36,0.0122027,2.91869,39119.1,0,39119.1
36,0.012288,3.83615,39113.5,0,39113.5
36,0.0123733,4.44126,39092.7,0,39092.7
36,0.0124587,4.76488,39139.7,0,39139.7
36,0.012544,2.26359,39132.2,0,39132.2
36,0.0126293,2.70266,39127.7,0,39127.7
36,0.0127147,2.32686,39123.3,0,39123.3
