0,0,-0.000344089,39062.5,0,39062.5
0,8.53333e-05,-0.000351068,39062.5,0,39062.5
0,0.000170667,-0.000358238,39062.5,0,39062.5
0,0.000256,-0.000365604,39062.5,0,39062.5
0,0.000341333,-0.000373174,39062.5,0,39062.5
0,0.000426667,-0.000380954,39062.5,0,39062.5
0,0.000512,-0.000388952,39062.5,0,39062.5
0,0.000597333,-0.000397175,39062.5,0,39062.5
0,0.000682667,-0.000405632,39062.5,0,39062.5
0,0.000768,-0.00041433,39062.5,0,39062.5
0,0.000853333,-0.000423279,39062.6,0,39062.6
0,0.000938667,-0.000432488,39062.6,0,39062.6
0,0.001024,-0.000441965,39062.6,0,39062.6
0,0.00110933,-0.000451722,39062.6,0,39062.6
0,0.00119467,-0.000461768,39062.6,0,39062.6
0,0.00128,-0.000472114,39062.6,0,39062.6
0,0.00136533,-0.000482771,39062.6,0,39062.6
0,0.00145067,-0.000493752,39062.6,0,39062.6
0,0.001536,-0.000505068,39062.6,0,39062.6
0,0.00162133,-0.000516732,39062.6,0,39062.6
0,0.00170667,-0.000528759,39062.6,0,39062.6
0,0.001792,-0.000541161,39062.6,0,39062.6
0,0.00187733,-0.000553955,39062.6,0,39062.6
0,0.00196267,-0.000567155,39062.6,0,39062.6
0,0.002048,-0.000580778,39062.6,0,39062.6
0,0.00213333,-0.00059484,39062.6,0,39062.6
0,0.00221867,-0.00060936,39062.6,0,39062.6
0,0.002304,-0.000624357,39062.6,0,39062.6
0,0.00238933,-0.00063985,39062.6,0,39062.6
0,0.00247467,-0.000655859,39062.6,0,39062.6
0,0.00256,-0.000672408,39062.6,0,39062.6
0,0.00264533,-0.000689517,39062.6,0,39062.6
0,0.00273067,-0.000707212,39062.6,0,39062.6
0,0.002816,-0.000725518,39062.6,0,39062.6
0,0.00290133,-0.000744461,39062.6,0,39062.6
0,0.00298667,-0.000764069,39062.6,0,39062.6
0,0.003072,-0.000784372,39062.6,0,39062.6
0,0.00315733,-0.000805401,39062.6,0,39062.6
0,0.00324267,-0.000827188,39062.6,0,39062.6
0,0.003328,-0.000849768,39062.6,0,39062.6
0,0.00341333,-0.000873177,39062.6,0,39062.6
0,0.00349867,-0.000897454,39062.6,0,39062.6
0,0.003584,-0.000922639,39062.6,0,39062.6
0,0.00366933,-0.000948776,39062.6,0,39062.6
0,0.00375467,-0.000975909,39062.6,0,39062.6
0,0.00384,-0.00100409,39062.6,0,39062.6
0,0.00392533,-0.00103336,39062.6,0,39062.6
0,0.00401067,-0.00106378,39062.6,0,39062.6
0,0.004096,-0.00109541,39062.6,0,39062.6
0,0.00418133,-0.0011283,39062.6,0,39062.6
0,0.00426667,-0.00116253,39062.6,0,39062.6
0,0.004352,-0.00119815,39062.6,0,39062.6
0,0.00443733,-0.00123524,39062.6,0,39062.6
0,0.00452267,-0.00127388,39062.6,0,39062.6
0,0.004608,-0.00131415,39062.6,0,39062.6
0,0.00469333,-0.00135614,39062.6,0,39062.6
0,0.00477867,-0.00139993,39062.6,0,39062.6
0,0.004864,-0.00144563,39062.6,0,39062.6
0,0.00494933,-0.00149333,39062.6,0,39062.6
0,0.00503467,-0.00154316,39062.6,0,39062.6
0,0.00512,-0.00159524,39062.6,0,39062.6
0,0.00520533,-0.00164968,39062.6,0,39062.6
0,0.00529067,-0.00170662,39062.6,0,39062.6
0,0.005376,-0.00176622,39062.6,0,39062.6
0,0.00546133,-0.00182863,39062.6,0,39062.6
0,0.00554667,-0.00189401,39062.6,0,39062.6
0,0.005632,-0.00196254,39062.6,0,39062.6
0,0.00571733,-0.00203443,39062.6,0,39062.6
0,0.00580267,-0.00210986,39062.6,0,39062.6
0,0.005888,-0.00218907,39062.7,0,39062.7
0,0.00597333,-0.0022723,39062.7,0,39062.7
0,0.00605867,-0.0023598,39062.7,0,39062.7
0,0.006144,-0.00245185,39062.7,0,39062.7
0,0.00622933,-0.00254875,39062.7,0,39062.7
0,0.00631467,-0.00265082,39062.7,0,39062.7
0,0.0064,-0.00275842,39062.7,0,39062.7
0,0.00648533,-0.00287191,39062.7,0,39062.7
0,0.00657067,-0.00299173,39062.7,0,39062.7
0,0.006656,-0.0031183,39062.7,0,39062.7
0,0.00674133,-0.00325211,39062.7,0,39062.7
0,0.00682667,-0.00339368,39062.7,0,39062.7
0,0.006912,-0.0035436,39062.7,0,39062.7
0,0.00699733,-0.00370247,39062.7,0,39062.7
0,0.00708267,-0.00387099,39062.7,0,39062.7
0,0.007168,-0.00404989,39062.7,0,39062.7
0,0.00725333,-0.00423998,39062.7,0,39062.7
0,0.00733867,-0.00444216,39062.7,0,39062.7
0,0.007424,-0.0046574,39062.7,0,39062.7
0,0.00750933,-0.00488677,39062.8,0,39062.8
0,0.00759467,-0.00513145,39062.8,0,39062.8
0,0.00768,-0.00539274,39062.8,0,39062.8
0,0.00776533,-0.00567208,39062.8,0,39062.8
0,0.00785067,-0.00597104,39062.8,0,39062.8
0,0.007936,-0.00629138,39062.8,0,39062.8
0,0.00802133,-0.00663505,39062.8,0,39062.8
0,0.00810667,-0.00700422,39062.8,0,39062.8
0,0.008192,-0.00740128,39062.8,0,39062.8
0,0.00827733,-0.00782893,39062.9,0,39062.9
0,0.00836267,-0.00829016,39062.9,0,39062.9
0,0.008448,-0.00878834,39062.9,0,39062.9
0,0.00853333,-0.00932725,39062.9,0,39062.9
0,0.00861867,-0.00991112,39062.9,0,39062.9
0,0.008704,-0.0105448,39062.9,0,39062.9
0,0.00878933,-0.0112336,39062.9,0,39062.9
0,0.00887467,-0.0119837,39063,0,39063
0,0.00896,-0.0128021,39063,0,39063
0,0.00904533,-0.0136968,39063,0,39063
0,0.00913067,-0.0146767,39063,0,39063
0,0.009216,-0.0157525,39063.1,0,39063.1
0,0.00930133,-0.0169359,39063.1,0,39063.1
0,0.00938667,-0.0182409,39063.1,0,39063.1
0,0.009472,-0.0196834,39063.2,0,39063.2
0,0.00955733,-0.0212822,39063.2,0,39063.2
0,0.00964267,-0.0230588,39063.2,0,39063.2
0,0.009728,-0.0250387,39063.3,0,39063.3
0,0.00981333,-0.0272519,39063.3,0,39063.3
0,0.00989867,-0.0297337,39063.4,0,39063.4
0,0.009984,-0.0325261,39063.4,0,39063.4
0,0.0100693,-0.0356793,39063.5,0,39063.5
0,0.0101547,-0.0392534,39063.5,0,39063.5
0,0.01024,-0.0433212,39063.6,0,39063.6
0,0.0103253,-0.0479707,39063.7,0,39063.7
0,0.0104107,-0.0533097,39063.8,0,39063.8
0,0.010496,-0.0594709,39063.9,0,39063.9
0,0.0105813,-0.0666189,39064,0,39064
0,0.0106667,-0.074959,39064.1,0,39064.1
0,0.010752,-0.0847506,39064.2,0,39064.2
0,0.0108373,-0.0963233,39064.4,0,39064.4
0,0.0109227,-0.110101,39064.6,0,39064.6
0,0.011008,-0.126634,39064.8,0,39064.8
0,0.0110933,-0.146647,39065,0,39065
0,0.0111787,-0.171104,39065.3,0,39065.3
0,0.011264,-0.201311,39065.6,0,39065.6
0,0.0113493,-0.239056,39065.9,0,39065.9
0,0.0114347,-0.286845,39066.4,0,39066.4
0,0.01152,-0.348244,39066.9,0,39066.9
0,0.0116053,-0.428458,39067.6,0,39067.6
0,0.0116907,-0.535261,39068.4,0,39068.4
0,0.011776,-0.680617,39069.4,0,39069.4
0,0.0118613,-0.883552,39070.7,0,39070.7
0,0.0119467,-1.17551,39072.4,0,39072.4
0,0.012032,-1.61092,39074.7,0,39074.7
0,0.0121173,-2.28919,39077.9,0,39077.9
0,0.0122027,-3.40449,39082.5,0,39082.5
0,0.012288,-5.36859,39089.5,0,39089.5
0,0.0123733,-9.1511,39100.6,0,39100.6
0,0.0124587,-17.3674,39120,0,39120
0,0.012544,-38.4495,39157.1,0,39157.1
0,0.0126293,-106.23,39233.2,0,39233.3
0,0.0127147,-366.865,39338.9,0,39340.6
1,0,-0.000419542,39062.6,0,39062.6
1,8.53333e-05,-0.000428627,39062.6,0,39062.6
1,0.000170667,-0.000437974,39062.6,0,39062.6
1,0.000256,-0.000447595,39062.6,0,39062.6
1,0.000341333,-0.000457502,39062.6,0,39062.6
1,0.000426667,-0.000467703,39062.6,0,39062.6
1,0.000512,-0.000478209,39062.6,0,39062.6
1,0.000597333,-0.000489034,39062.6,0,39062.6
1,0.000682667,-0.000500188,39062.6,0,39062.6
1,0.000768,-0.000511681,39062.6,0,39062.6
1,0.000853333,-0.000523528,39062.6,0,39062.6
1,0.000938667,-0.000535742,39062.6,0,39062.6
1,0.001024,-0.000548336,39062.6,0,39062.6
1,0.00110933,-0.000561328,39062.6,0,39062.6
1,0.00119467,-0.000574734,39062.6,0,39062.6
1,0.00128,-0.00058857,39062.6,0,39062.6
1,0.00136533,-0.000602852,39062.6,0,39062.6
1,0.00145067,-0.0006176,39062.6,0,39062.6
1,0.001536,-0.000632831,39062.6,0,39062.6
1,0.00162133,-0.000648567,39062.6,0,39062.6
1,0.00170667,-0.000664831,39062.6,0,39062.6
1,0.001792,-0.000681645,39062.6,0,39062.6
1,0.00187733,-0.000699032,39062.6,0,39062.6
1,0.00196267,-0.000717015,39062.6,0,39062.6
1,0.002048,-0.000735617,39062.6,0,39062.6
1,0.00213333,-0.000754872,39062.6,0,39062.6
1,0.00221867,-0.000774806,39062.6,0,39062.6
1,0.002304,-0.000795446,39062.6,0,39062.6
1,0.00238933,-0.000816822,39062.6,0,39062.6
1,0.00247467,-0.000838965,39062.6,0,39062.6
1,0.00256,-0.000861915,39062.6,0,39062.6
1,0.00264533,-0.000885709,39062.6,0,39062.6
1,0.00273067,-0.000910386,39062.6,0,39062.6
1,0.002816,-0.000935986,39062.6,0,39062.6
1,0.00290133,-0.000962551,39062.6,0,39062.6
1,0.00298667,-0.000990129,39062.6,0,39062.6
1,0.003072,-0.00101878,39062.6,0,39062.6
1,0.00315733,-0.00104854,39062.6,0,39062.6
1,0.00324267,-0.00107947,39062.6,0,39062.6
1,0.003328,-0.00111162,39062.6,0,39062.6
1,0.00341333,-0.00114506,39062.6,0,39062.6
1,0.00349867,-0.00117985,39062.6,0,39062.6
1,0.003584,-0.00121606,39062.6,0,39062.6
1,0.00366933,-0.00125378,39062.6,0,39062.6
1,0.00375467,-0.00129306,39062.6,0,39062.6
1,0.00384,-0.00133399,39062.6,0,39062.6
1,0.00392533,-0.00137667,39062.6,0,39062.6
1,0.00401067,-0.0014212,39062.6,0,39062.6
1,0.004096,-0.00146767,39062.6,0,39062.6
1,0.00418133,-0.00151617,39062.6,0,39062.6
1,0.00426667,-0.00156682,39062.6,0,39062.6
1,0.004352,-0.00161976,39062.6,0,39062.6
1,0.00443733,-0.00167509,39062.6,0,39062.6
1,0.00452267,-0.00173298,39062.6,0,39062.6
1,0.004608,-0.00179357,39062.6,0,39062.6
1,0.00469333,-0.00185701,39062.6,0,39062.6
1,0.00477867,-0.00192348,39062.6,0,39062.6
1,0.004864,-0.00199313,39062.6,0,39062.6
1,0.00494933,-0.00206618,39062.6,0,39062.6
1,0.00503467,-0.00214283,39062.6,0,39062.6
1,0.00512,-0.0022233,39062.7,0,39062.7
1,0.00520533,-0.00230783,39062.7,0,39062.7
1,0.00529067,-0.00239671,39062.7,0,39062.7
1,0.005376,-0.0024902,39062.7,0,39062.7
1,0.00546133,-0.00258862,39062.7,0,39062.7
1,0.00554667,-0.00269228,39062.7,0,39062.7
1,0.005632,-0.00280153,39062.7,0,39062.7
1,0.00571733,-0.00291676,39062.7,0,39062.7
1,0.00580267,-0.00303837,39062.7,0,39062.7
1,0.005888,-0.00316679,39062.7,0,39062.7
1,0.00597333,-0.00330253,39062.7,0,39062.7
1,0.00605867,-0.00344613,39062.7,0,39062.7
1,0.006144,-0.00359815,39062.7,0,39062.7
1,0.00622933,-0.00375921,39062.7,0,39062.7
1,0.00631467,-0.00392996,39062.7,0,39062.7
1,0.0064,-0.00411119,39062.7,0,39062.7
1,0.00648533,-0.00430371,39062.7,0,39062.7
1,0.00657067,-0.0045084,39062.7,0,39062.7
1,0.006656,-0.00472618,39062.8,0,39062.8
1,0.00674133,-0.00495815,39062.8,0,39062.8
1,0.00682667,-0.00520549,39062.8,0,39062.8
1,0.006912,-0.00546951,39062.8,0,39062.8
1,0.00699733,-0.00575162,39062.8,0,39062.8
1,0.00708267,-0.00605329,39062.8,0,39062.8
1,0.007168,-0.00637633,39062.8,0,39062.8
1,0.00725333,-0.00672263,39062.8,0,39062.8
1,0.00733867,-0.00709436,39062.8,0,39062.8
1,0.007424,-0.00749381,39062.8,0,39062.8
1,0.00750933,-0.00792359,39062.9,0,39062.9
1,0.00759467,-0.00838669,39062.9,0,39062.9
1,0.00768,-0.00888636,39062.9,0,39062.9
1,0.00776533,-0.00942615,39062.9,0,39062.9
1,0.00785067,-0.0100102,39062.9,0,39062.9
1,0.007936,-0.0106431,39062.9,0,39062.9
1,0.00802133,-0.0113301,39063,0,39063
1,0.00810667,-0.0120769,39063,0,39063
1,0.008192,-0.0128901,39063,0,39063
1,0.00827733,-0.0137773,39063,0,39063
1,0.00836267,-0.0147468,39063,0,39063
1,0.008448,-0.0158083,39063.1,0,39063.1
1,0.00853333,-0.0169729,39063.1,0,39063.1
1,0.00861867,-0.0182532,39063.1,0,39063.1
1,0.008704,-0.0196635,39063.2,0,39063.2
1,0.00878933,-0.0212206,39063.2,0,39063.2
1,0.00887467,-0.0229438,39063.2,0,39063.2
1,0.00896,-0.0248551,39063.3,0,39063.3
1,0.00904533,-0.0269803,39063.3,0,39063.3
1,0.00913067,-0.0293493,39063.4,0,39063.4
1,0.009216,-0.0319973,39063.4,0,39063.4
1,0.00930133,-0.0349648,39063.5,0,39063.5
1,0.00938667,-0.0383,39063.5,0,39063.5
1,0.009472,-0.0420589,39063.6,0,39063.6
1,0.00955733,-0.046308,39063.7,0,39063.7
1,0.00964267,-0.0511254,39063.8,0,39063.8
1,0.009728,-0.0566034,39063.9,0,39063.9
1,0.00981333,-0.062851,39064,0,39064
1,0.00989867,-0.0699973,39064.1,0,39064.1
1,0.009984,-0.0781942,39064.2,0,39064.2
1,0.0100693,-0.0876208,39064.3,0,39064.3
1,0.0101547,-0.0984865,39064.5,0,39064.5
1,0.01024,-0.111035,39064.7,0,39064.7
1,0.0103253,-0.125546,39064.9,0,39064.9
1,0.0104107,-0.142341,39065.1,0,39065.1
1,0.010496,-0.161779,39065.4,0,39065.4
1,0.0105813,-0.184266,39065.7,0,39065.7
1,0.0106667,-0.210258,39066,0,39066
1,0.010752,-0.240293,39066.4,0,39066.4
1,0.0108373,-0.275036,39066.8,0,39066.8
1,0.0109227,-0.315339,39067.3,0,39067.3
1,0.011008,-0.362128,39067.9,0,39067.9
1,0.0110933,-0.415628,39068.5,0,39068.5
1,0.0111787,-0.472868,39069.3,0,39069.3
1,0.011264,-0.522804,39070.2,0,39070.2
1,0.0113493,-0.538144,39071.1,0,39071.1
1,0.0114347,-0.433268,39072,0,39072
1,0.01152,0.0470821,39072.6,0,39072.6
1,0.0116053,0.844739,39071.6,0,39071.6
1,0.0116907,0.35597,39070.2,0,39070.2
1,0.011776,0.182627,39069.9,0,39069.9
1,0.0118613,-2.00307,39069.5,0,39069.5
1,0.0119467,-29.7313,39056.3,0,39056.3
1,0.012032,-2.5523,39051.7,0,39051.7
1,0.0121173,-0.215081,39053.5,0,39053.5
1,0.0122027,9.3672,39049,0,39049
1,0.012288,-6.66897,39038.6,0,39038.6
1,0.0123733,-5.21235,39061.9,0,39061.9
1,0.0124587,0.0111456,39061.6,0,39061.6
1,0.012544,0.694813,39060.7,0,39060.7
1,0.0126293,0.929801,39059,0,39059
1,0.0127147,0.485982,39057.6,0,39057.6
2,0,-0.000568769,39062.6,0,39062.6
2,8.53333e-05,-0.00058229,39062.6,0,39062.6
2,0.000170667,-0.00059624,39062.6,0,39062.6
2,0.000256,-0.000610638,39062.6,0,39062.6
2,0.000341333,-0.000625498,39062.6,0,39062.6
2,0.000426667,-0.00064084,39062.6,0,39062.6
2,0.000512,-0.000656684,39062.6,0,39062.6
2,0.000597333,-0.000673048,39062.6,0,39062.6
2,0.000682667,-0.000689961,39062.6,0,39062.6
2,0.000768,-0.000707452,39062.6,0,39062.6
2,0.000853333,-0.000725538,39062.6,0,39062.6
2,0.000938667,-0.000744239,39062.6,0,39062.6
2,0.001024,-0.000763585,39062.6,0,39062.6
2,0.00110933,-0.000783595,39062.6,0,39062.6
2,0.00119467,-0.000804308,39062.6,0,39062.6
2,0.00128,-0.000825757,39062.6,0,39062.6
2,0.00136533,-0.000847965,39062.6,0,39062.6
2,0.00145067,-0.000870967,39062.6,0,39062.6
2,0.001536,-0.000894806,39062.6,0,39062.6
2,0.00162133,-0.000919527,39062.6,0,39062.6
2,0.00170667,-0.000945165,39062.6,0,39062.6
2,0.001792,-0.000971756,39062.6,0,39062.6
2,0.00187733,-0.000999342,39062.6,0,39062.6
2,0.00196267,-0.00102797,39062.6,0,39062.6
2,0.002048,-0.00105769,39062.6,0,39062.6
2,0.00213333,-0.00108858,39062.6,0,39062.6
2,0.00221867,-0.00112067,39062.6,0,39062.6
2,0.002304,-0.00115405,39062.6,0,39062.6
2,0.00238933,-0.00118875,39062.6,0,39062.6
2,0.00247467,-0.00122484,39062.6,0,39062.6
2,0.00256,-0.00126239,39062.6,0,39062.6
2,0.00264533,-0.00130146,39062.6,0,39062.6
2,0.00273067,-0.00134215,39062.6,0,39062.6
2,0.002816,-0.00138454,39062.6,0,39062.6
2,0.00290133,-0.00142873,39062.6,0,39062.6
2,0.00298667,-0.00147483,39062.6,0,39062.6
2,0.003072,-0.0015229,39062.6,0,39062.6
2,0.00315733,-0.00157306,39062.6,0,39062.6
2,0.00324267,-0.00162543,39062.6,0,39062.6
2,0.003328,-0.00168015,39062.6,0,39062.6
2,0.00341333,-0.00173734,39062.6,0,39062.6
2,0.00349867,-0.00179711,39062.6,0,39062.6
2,0.003584,-0.00185962,39062.6,0,39062.6
2,0.00366933,-0.00192506,39062.6,0,39062.6
2,0.00375467,-0.00199359,39062.6,0,39062.6
2,0.00384,-0.00206537,39062.6,0,39062.6
2,0.00392533,-0.00214058,39062.7,0,39062.7
2,0.00401067,-0.00221946,39062.7,0,39062.7
2,0.004096,-0.00230223,39062.7,0,39062.7
2,0.00418133,-0.00238919,39062.7,0,39062.7
2,0.00426667,-0.00248048,39062.7,0,39062.7
2,0.004352,-0.00257644,39062.7,0,39062.7
2,0.00443733,-0.00267733,39062.7,0,39062.7
2,0.00452267,-0.00278352,39062.7,0,39062.7
2,0.004608,-0.0028954,39062.7,0,39062.7
2,0.00469333,-0.00301326,39062.7,0,39062.7
2,0.00477867,-0.00313745,39062.7,0,39062.7
2,0.004864,-0.00326856,39062.7,0,39062.7
2,0.00494933,-0.00340699,39062.7,0,39062.7
2,0.00503467,-0.00355322,39062.7,0,39062.7
2,0.00512,-0.00370787,39062.7,0,39062.7
2,0.00520533,-0.00387151,39062.7,0,39062.7
2,0.00529067,-0.0040448,39062.7,0,39062.7
2,0.005376,-0.00422838,39062.7,0,39062.7
2,0.00546133,-0.00442321,39062.7,0,39062.7
2,0.00554667,-0.0046299,39062.8,0,39062.8
2,0.005632,-0.00484956,39062.8,0,39062.8
2,0.00571733,-0.00508315,39062.8,0,39062.8
2,0.00580267,-0.00533169,39062.8,0,39062.8
2,0.005888,-0.00559649,39062.8,0,39062.8
2,0.00597333,-0.00587873,39062.8,0,39062.8
2,0.00605867,-0.00618006,39062.8,0,39062.8
2,0.006144,-0.00650206,39062.8,0,39062.8
2,0.00622933,-0.0068463,39062.8,0,39062.8
2,0.00631467,-0.00721488,39062.8,0,39062.8
2,0.0064,-0.00760989,39062.9,0,39062.9
2,0.00648533,-0.00803371,39062.9,0,39062.9
2,0.00657067,-0.00848889,39062.9,0,39062.9
2,0.006656,-0.00897848,39062.9,0,39062.9
2,0.00674133,-0.00950561,39062.9,0,39062.9
2,0.00682667,-0.010074,39062.9,0,39062.9
2,0.006912,-0.0106875,39062.9,0,39062.9
2,0.00699733,-0.0113505,39063,0,39063
2,0.00708267,-0.0120682,39063,0,39063
2,0.007168,-0.0128462,39063,0,39063
2,0.00725333,-0.0136906,39063,0,39063
2,0.00733867,-0.0146086,39063.1,0,39063.1
2,0.007424,-0.015608,39063.1,0,39063.1
2,0.00750933,-0.0166979,39063.1,0,39063.1
2,0.00759467,-0.0178885,39063.1,0,39063.1
2,0.00768,-0.0191911,39063.2,0,39063.2
2,0.00776533,-0.0206186,39063.2,0,39063.2
2,0.00785067,-0.0221861,39063.2,0,39063.2
2,0.007936,-0.0239103,39063.3,0,39063.3
2,0.00802133,-0.0258107,39063.3,0,39063.3
2,0.00810667,-0.0279092,39063.4,0,39063.4
2,0.008192,-0.0302315,39063.4,0,39063.4
2,0.00827733,-0.0328067,39063.5,0,39063.5
2,0.00836267,-0.035669,39063.5,0,39063.5
2,0.008448,-0.0388577,39063.6,0,39063.6
2,0.00853333,-0.042419,39063.7,0,39063.7
2,0.00861867,-0.0464073,39063.7,0,39063.7
2,0.008704,-0.0508866,39063.8,0,39063.8
2,0.00878933,-0.055934,39063.9,0,39063.9
2,0.00887467,-0.0616421,39064,0,39064
2,0.00896,-0.0681242,39064.1,0,39064.1
2,0.00904533,-0.0755211,39064.2,0,39064.2
2,0.00913067,-0.084011,39064.4,0,39064.4
2,0.009216,-0.0938216,39064.5,0,39064.5
2,0.00930133,-0.105252,39064.7,0,39064.7
2,0.00938667,-0.118698,39064.9,0,39064.9
2,0.009472,-0.13468,39065.1,0,39065.1
2,0.00955733,-0.153843,39065.3,0,39065.3
2,0.00964267,-0.176805,39065.6,0,39065.6
2,0.009728,-0.203354,39066,0,39066
2,0.00981333,-0.229197,39066.3,0,39066.3
2,0.00989867,-0.234204,39066.7,0,39066.7
2,0.009984,-0.148912,39067.1,0,39067.1
2,0.0100693,0.156345,39067.2,0,39067.2
2,0.0101547,0.427801,39066.5,0,39066.5
2,0.01024,0.13057,39065.9,0,39065.9
2,0.0103253,-0.128273,39066,0,39066
2,0.0104107,-0.182441,39066.3,0,39066.3
2,0.010496,-0.158914,39066.6,0,39066.6
2,0.0105813,-0.10512,39066.9,0,39066.9
2,0.0106667,0.0689664,39067.1,0,39067.1
2,0.010752,1.12716,39066.7,0,39066.7
2,0.0108373,2.35332,39062.1,0,39062.1
2,0.0109227,0.240079,39060.2,0,39060.2
2,0.011008,-0.365459,39060.6,0,39060.6
2,0.0110933,-0.630486,39061.5,0,39061.5
2,0.0111787,-0.78307,39063.1,0,39063.1
2,0.011264,3.77647,39064.6,0,39064.6
2,0.0113493,0.0717473,39054.7,0,39054.7
2,0.0114347,-0.281568,39056.3,0,39056.3
2,0.01152,-2.43038,39058.1,0,39058.1
2,0.0116053,1.81911,39066.4,0,39066.4
2,0.0116907,-1.05801,39045.4,0,39045.4
2,0.011776,-6.96523,39055.3,0,39055.3
2,0.0118613,-18.1818,39036.2,0,39036.2
2,0.0119467,-5.38725,39048.8,0,39048.8
2,0.012032,-7.72967,39057.8,0,39057.8
2,0.0121173,-8.42191,39035.3,0,39035.3
2,0.0122027,-0.23745,39040.4,0,39040.4
2,0.012288,5.54789,39033.1,0,39033.1
2,0.0123733,7.50962,39086.3,0,39086.3
2,0.0124587,2.34957,39074,0,39074
2,0.012544,1.48683,39071.1,0,39071.1
2,0.0126293,1.13146,39068.9,0,39068.9
2,0.0127147,0.85675,39067.3,0,39067.3
3,0,-0.000808565,39062.6,0,39062.6
3,8.53333e-05,-0.000829601,39062.6,0,39062.6
3,0.000170667,-0.000851366,39062.6,0,39062.6
3,0.000256,-0.000873887,39062.6,0,39062.6
3,0.000341333,-0.00089721,39062.6,0,39062.6
3,0.000426667,-0.000921354,39062.6,0,39062.6
3,0.000512,-0.000946368,39062.6,0,39062.6
3,0.000597333,-0.000972279,39062.6,0,39062.6
3,0.000682667,-0.000999127,39062.6,0,39062.6
3,0.000768,-0.00102697,39062.6,0,39062.6
3,0.000853333,-0.00105582,39062.6,0,39062.6
3,0.000938667,-0.00108575,39062.6,0,39062.6
3,0.001024,-0.00111681,39062.6,0,39062.6
3,0.00110933,-0.00114904,39062.6,0,39062.6
3,0.00119467,-0.00118252,39062.6,0,39062.6
3,0.00128,-0.00121729,39062.6,0,39062.6
3,0.00136533,-0.00125338,39062.6,0,39062.6
3,0.00145067,-0.00129091,39062.6,0,39062.6
3,0.001536,-0.00132993,39062.6,0,39062.6
3,0.00162133,-0.00137052,39062.6,0,39062.6
3,0.00170667,-0.00141275,39062.6,0,39062.6
3,0.001792,-0.00145671,39062.6,0,39062.6
3,0.00187733,-0.00150247,39062.6,0,39062.6
3,0.00196267,-0.00155013,39062.6,0,39062.6
3,0.002048,-0.00159981,39062.6,0,39062.6
3,0.00213333,-0.00165161,39062.6,0,39062.6
3,0.00221867,-0.00170562,39062.6,0,39062.6
3,0.002304,-0.00176198,39062.6,0,39062.6
3,0.00238933,-0.00182083,39062.6,0,39062.6
3,0.00247467,-0.00188227,39062.6,0,39062.6
3,0.00256,-0.00194645,39062.6,0,39062.6
3,0.00264533,-0.00201349,39062.6,0,39062.6
3,0.00273067,-0.00208356,39062.7,0,39062.7
3,0.002816,-0.0021569,39062.7,0,39062.7
3,0.00290133,-0.00223371,39062.7,0,39062.7
3,0.00298667,-0.00231412,39062.7,0,39062.7
3,0.003072,-0.00239834,39062.7,0,39062.7
3,0.00315733,-0.00248665,39062.7,0,39062.7
3,0.00324267,-0.00257926,39062.7,0,39062.7
3,0.003328,-0.0026764,39062.7,0,39062.7
3,0.00341333,-0.00277842,39062.7,0,39062.7
3,0.00349867,-0.00288558,39062.7,0,39062.7
3,0.003584,-0.00299817,39062.7,0,39062.7
3,0.00366933,-0.00311663,39062.7,0,39062.7
3,0.00375467,-0.00324127,39062.7,0,39062.7
3,0.00384,-0.00337247,39062.7,0,39062.7
3,0.00392533,-0.00351069,39062.7,0,39062.7
3,0.00401067,-0.00365645,39062.7,0,39062.7
3,0.004096,-0.00381025,39062.7,0,39062.7
3,0.00418133,-0.00397254,39062.7,0,39062.7
3,0.00426667,-0.00414399,39062.7,0,39062.7
3,0.004352,-0.00432528,39062.7,0,39062.7
3,0.00443733,-0.00451704,39062.8,0,39062.8
3,0.00452267,-0.00472002,39062.8,0,39062.8
3,0.004608,-0.00493502,39062.8,0,39062.8
3,0.00469333,-0.00516308,39062.8,0,39062.8
3,0.00477867,-0.00540503,39062.8,0,39062.8
3,0.004864,-0.00566198,39062.8,0,39062.8
3,0.00494933,-0.00593512,39062.8,0,39062.8
3,0.00503467,-0.00622571,39062.8,0,39062.8
3,0.00512,-0.00653504,39062.8,0,39062.8
3,0.00520533,-0.00686482,39062.8,0,39062.8
3,0.00529067,-0.00721658,39062.9,0,39062.9
3,0.005376,-0.00759212,39062.9,0,39062.9
3,0.00546133,-0.00799369,39062.9,0,39062.9
3,0.00554667,-0.00842329,39062.9,0,39062.9
3,0.005632,-0.00888357,39062.9,0,39062.9
3,0.00571733,-0.00937703,39062.9,0,39062.9
3,0.00580267,-0.009907,39062.9,0,39062.9
3,0.005888,-0.0104766,39063,0,39063
3,0.00597333,-0.0110897,39063,0,39063
3,0.00605867,-0.0117504,39063,0,39063
3,0.006144,-0.0124634,39063,0,39063
3,0.00622933,-0.013234,39063,0,39063
3,0.00631467,-0.0140681,39063.1,0,39063.1
3,0.0064,-0.0149722,39063.1,0,39063.1
3,0.00648533,-0.0159537,39063.1,0,39063.1
3,0.00657067,-0.0170215,39063.1,0,39063.1
3,0.006656,-0.0181849,39063.2,0,39063.2
3,0.00674133,-0.0194549,39063.2,0,39063.2
3,0.00682667,-0.0208443,39063.2,0,39063.2
3,0.006912,-0.0223677,39063.3,0,39063.3
3,0.00699733,-0.0240416,39063.3,0,39063.3
3,0.00708267,-0.0258858,39063.4,0,39063.4
3,0.007168,-0.0279231,39063.4,0,39063.4
3,0.00725333,-0.0301801,39063.5,0,39063.5
3,0.00733867,-0.032689,39063.5,0,39063.5
3,0.007424,-0.0354876,39063.6,0,39063.6
3,0.00750933,-0.0386215,39063.6,0,39063.6
3,0.00759467,-0.0421465,39063.7,0,39063.7
3,0.00768,-0.0461302,39063.8,0,39063.8
3,0.00776533,-0.0506574,39063.9,0,39063.9
3,0.00785067,-0.0558335,39063.9,0,39063.9
3,0.007936,-0.0617934,39064,0,39064
3,0.00802133,-0.0687096,39064.2,0,39064.2
3,0.00810667,-0.0768081,39064.3,0,39064.3
3,0.008192,-0.0863882,39064.4,0,39064.4
3,0.00827733,-0.0978533,39064.6,0,39064.6
3,0.00836267,-0.111755,39064.8,0,39064.8
3,0.008448,-0.128862,39065,0,39065
3,0.00853333,-0.150269,39065.2,0,39065.2
3,0.00861867,-0.177561,39065.5,0,39065.5
3,0.008704,-0.213116,39065.8,0,39065.8
3,0.00878933,-0.260666,39066.2,0,39066.2
3,0.00887467,-0.326578,39066.7,0,39066.7
3,0.00896,-0.423355,39067.3,0,39067.3
3,0.00904533,-0.580848,39068.1,0,39068.1
3,0.00913067,-0.887688,39069.3,0,39069.3
3,0.009216,-1.68869,39071,0,39071
3,0.00930133,-5.16307,39075.1,0,39075.1
3,0.00938667,-19.7004,39053.8,0,39053.8
3,0.009472,-3.4607,39062.8,0,39062.8
3,0.00955733,-1.86543,39066.5,0,39066.5
3,0.00964267,-1.19941,39069.2,0,39069.2
3,0.009728,1.17214,39070.7,0,39070.7
3,0.00981333,2.20493,39063.4,0,39063.4
3,0.00989867,-2.08158,39062.9,0,39062.9
3,0.009984,-9.88173,39063.6,0,39063.6
3,0.0100693,-13.3484,39055.1,0,39055.1
3,0.0101547,-5.65021,39056.9,0,39056.9
3,0.01024,0.573469,39066.3,0,39066.3
3,0.0103253,-1.64416,39050.5,0,39050.5
3,0.0104107,-1.2691,39055,0,39055
3,0.010496,-0.60892,39056.4,0,39056.4
3,0.0105813,-0.367232,39057.1,0,39057.1
3,0.0106667,-0.0712298,39057.6,0,39057.6
3,0.010752,0.393936,39057.4,0,39057.4
3,0.0108373,0.937058,39056.4,0,39056.4
3,0.0109227,1.72122,39053.8,0,39053.8
3,0.011008,0.828644,39051.1,0,39051.1
3,0.0110933,-0.0302096,39050.6,0,39050.6
3,0.0111787,-0.35967,39051.6,0,39051.6
3,0.011264,2.55076,39050,0,39050
3,0.0113493,-0.173326,39047.4,0,39047.4
3,0.0114347,-1.19247,39048,0,39048
3,0.01152,-4.51037,39055.2,0,39055.2
3,0.0116053,-0.979741,39058.5,0,39058.5
3,0.0116907,-2.2689,39059.2,0,39059.2
3,0.011776,-9.39256,39060.2,0,39060.2
3,0.0118613,-14.2514,39052.6,0,39052.6
3,0.0119467,-4.80404,39053.9,0,39053.9
3,0.012032,-0.4325,39055.6,0,39055.6
3,0.0121173,1.36495,39054.3,0,39054.3
3,0.0122027,3.58747,39051.5,0,39051.5
3,0.012288,11.8893,39048.4,0,39048.4
3,0.0123733,12.7945,39086.6,0,39086.6
3,0.0124587,3.90304,39079.5,0,39079.5
3,0.012544,2.31162,39075.7,0,39075.7
3,0.0126293,1.57903,39072.5,0,39072.5
3,0.0127147,1.12714,39070.3,0,39070.3
4,0,-0.00127021,39062.6,0,39062.6
4,8.53333e-05,-0.00130662,39062.6,0,39062.6
4,0.000170667,-0.0013444,39062.6,0,39062.6
4,0.000256,-0.00138363,39062.6,0,39062.6
4,0.000341333,-0.00142436,39062.6,0,39062.6
4,0.000426667,-0.00146667,39062.6,0,39062.6
4,0.000512,-0.00151063,39062.6,0,39062.6
4,0.000597333,-0.00155632,39062.6,0,39062.6
4,0.000682667,-0.0016038,39062.6,0,39062.6
4,0.000768,-0.00165317,39062.6,0,39062.6
4,0.000853333,-0.00170453,39062.6,0,39062.6
4,0.000938667,-0.001758,39062.6,0,39062.6
4,0.001024,-0.0018137,39062.6,0,39062.6
4,0.00110933,-0.0018717,39062.6,0,39062.6
4,0.00119467,-0.00193213,39062.6,0,39062.6
4,0.00128,-0.00199511,39062.7,0,39062.7
4,0.00136533,-0.00206078,39062.7,0,39062.7
4,0.00145067,-0.0021293,39062.7,0,39062.7
4,0.001536,-0.00220078,39062.7,0,39062.7
4,0.00162133,-0.0022754,39062.7,0,39062.7
4,0.00170667,-0.00235337,39062.7,0,39062.7
4,0.001792,-0.0024348,39062.7,0,39062.7
4,0.00187733,-0.00251994,39062.7,0,39062.7
4,0.00196267,-0.00260898,39062.7,0,39062.7
4,0.002048,-0.00270216,39062.7,0,39062.7
4,0.00213333,-0.00279964,39062.7,0,39062.7
4,0.00221867,-0.0029017,39062.7,0,39062.7
4,0.002304,-0.00300872,39062.7,0,39062.7
4,0.00238933,-0.0031209,39062.7,0,39062.7
4,0.00247467,-0.00323849,39062.7,0,39062.7
4,0.00256,-0.00336189,39062.7,0,39062.7
4,0.00264533,-0.00349148,39062.7,0,39062.7
4,0.00273067,-0.00362754,39062.7,0,39062.7
4,0.002816,-0.00377062,39062.7,0,39062.7
4,0.00290133,-0.00392108,39062.7,0,39062.7
4,0.00298667,-0.00407932,39062.8,0,39062.8
4,0.003072,-0.00424594,39062.8,0,39062.8
4,0.00315733,-0.00442143,39062.8,0,39062.8
4,0.00324267,-0.00460641,39062.8,0,39062.8
4,0.003328,-0.00480151,39062.8,0,39062.8
4,0.00341333,-0.00500738,39062.8,0,39062.8
4,0.00349867,-0.00522478,39062.8,0,39062.8
4,0.003584,-0.00545465,39062.8,0,39062.8
4,0.00366933,-0.00569764,39062.8,0,39062.8
4,0.00375467,-0.0059548,39062.8,0,39062.8
4,0.00384,-0.00622703,39062.8,0,39062.8
4,0.00392533,-0.00651563,39062.8,0,39062.8
4,0.00401067,-0.00682156,39062.9,0,39062.9
4,0.004096,-0.00714635,39062.9,0,39062.9
4,0.00418133,-0.00749129,39062.9,0,39062.9
4,0.00426667,-0.00785801,39062.9,0,39062.9
4,0.004352,-0.00824804,39062.9,0,39062.9
4,0.00443733,-0.00866353,39062.9,0,39062.9
4,0.00452267,-0.00910614,39062.9,0,39062.9
4,0.004608,-0.00957839,39063,0,39063
4,0.00469333,-0.0100826,39063,0,39063
4,0.00477867,-0.0106214,39063,0,39063
4,0.004864,-0.0111979,39063,0,39063
4,0.00494933,-0.0118151,39063,0,39063
4,0.00503467,-0.0124767,39063,0,39063
4,0.00512,-0.0131868,39063.1,0,39063.1
4,0.00520533,-0.0139495,39063.1,0,39063.1
4,0.00529067,-0.0147699,39063.1,0,39063.1
4,0.005376,-0.0156532,39063.1,0,39063.1
4,0.00546133,-0.0166054,39063.2,0,39063.2
4,0.00554667,-0.0176334,39063.2,0,39063.2
4,0.005632,-0.0187445,39063.2,0,39063.2
4,0.00571733,-0.0199469,39063.3,0,39063.3
4,0.00580267,-0.0212501,39063.3,0,39063.3
4,0.005888,-0.0226646,39063.3,0,39063.3
4,0.00597333,-0.0242021,39063.4,0,39063.4
4,0.00605867,-0.0258756,39063.4,0,39063.4
4,0.006144,-0.0277004,39063.5,0,39063.5
4,0.00622933,-0.029693,39063.5,0,39063.5
4,0.00631467,-0.0318723,39063.6,0,39063.6
4,0.0064,-0.0342598,39063.6,0,39063.6
4,0.00648533,-0.0368792,39063.7,0,39063.7
4,0.00657067,-0.0397572,39063.7,0,39063.7
4,0.006656,-0.0429236,39063.8,0,39063.8
4,0.00674133,-0.0464105,39063.9,0,39063.9
4,0.00682667,-0.0502521,39064,0,39064
4,0.006912,-0.054484,39064.1,0,39064.1
4,0.00699733,-0.0591382,39064.2,0,39064.2
4,0.00708267,-0.0642398,39064.3,0,39064.3
4,0.007168,-0.0697965,39064.4,0,39064.4
4,0.00725333,-0.0757821,39064.5,0,39064.5
4,0.00733867,-0.0821116,39064.6,0,39064.6
4,0.007424,-0.0886024,39064.8,0,39064.8
4,0.00750933,-0.0949274,39064.9,0,39064.9
4,0.00759467,-0.100577,39065.1,0,39065.1
4,0.00768,-0.104884,39065.3,0,39065.3
4,0.00776533,-0.107217,39065.5,0,39065.5
4,0.00785067,-0.107454,39065.7,0,39065.7
4,0.007936,-0.106601,39065.8,0,39065.8
4,0.00802133,-0.106824,39066,0,39066
4,0.00810667,-0.109992,39066.2,0,39066.2
4,0.008192,-0.115423,39066.4,0,39066.4
4,0.00827733,-0.11965,39066.6,0,39066.6
4,0.00836267,-0.119397,39066.8,0,39066.8
4,0.008448,-0.115384,39067,0,39067
4,0.00853333,-0.114412,39067.2,0,39067.2
4,0.00861867,-0.128577,39067.4,0,39067.4
4,0.008704,-0.16868,39067.6,0,39067.6
4,0.00878933,-0.231466,39068,0,39068
4,0.00887467,-0.280241,39068.4,0,39068.4
4,0.00896,-0.0720798,39069.1,0,39069.1
4,0.00904533,2.6251,39068.4,0,39068.4
4,0.00913067,1.16847,39061.5,0,39061.5
4,0.009216,-0.23412,39062,0,39062
4,0.00930133,-0.187753,39062.5,0,39062.5
4,0.00938667,0.00599987,39062.7,0,39062.7
4,0.009472,-0.0158813,39062.5,0,39062.5
4,0.00955733,-0.424045,39062.9,0,39062.9
4,0.00964267,0.850459,39065.7,0,39065.7
4,0.009728,1.62444,39049.6,0,39049.6
4,0.00981333,-1.13511,39053.4,0,39053.4
4,0.00989867,-1.56765,39055.9,0,39055.9
4,0.009984,2.25907,39060.6,0,39060.6
4,0.0100693,-1.30377,39050.1,0,39050.1
4,0.0101547,-1.18847,39054.8,0,39054.8
4,0.01024,1.17065,39054.9,0,39054.9
4,0.0103253,1.25402,39051.5,0,39051.5
4,0.0104107,0.534213,39050.5,0,39050.5
4,0.010496,0.312997,39049.4,0,39049.4
4,0.0105813,-0.294877,39049.7,0,39049.7
4,0.0106667,0.018963,39050.2,0,39050.2
4,0.010752,0.810699,39049.6,0,39049.6
4,0.0108373,1.16166,39047.5,0,39047.5
4,0.0109227,0.787659,39045.8,0,39045.8
4,0.011008,0.408343,39044.3,0,39044.3
4,0.0110933,-1.9096,39046.4,0,39046.4
4,0.0111787,-0.650043,39047.4,0,39047.4
4,0.011264,-1.70189,39049.6,0,39049.6
4,0.0113493,-1.96026,39055.4,0,39055.4
4,0.0114347,-0.074572,39054.8,0,39054.8
4,0.01152,-2.69326,39057.7,0,39057.7
4,0.0116053,-0.488754,39061.1,0,39061.1
4,0.0116907,0.165912,39060.7,0,39060.7
4,0.011776,0.00668216,39060.4,0,39060.4
4,0.0118613,-0.435257,39060.7,0,39060.7
4,0.0119467,-0.521471,39062,0,39062
4,0.012032,0.738077,39062,0,39062
4,0.0121173,1.60083,39059.7,0,39059.7
4,0.0122027,1.33592,39056.5,0,39056.5
4,0.012288,-0.474227,39052,0,39052
4,0.0123733,-3.89331,39094.3,0,39094.3
4,0.0124587,2.44789,39080.8,0,39080.8
4,0.012544,1.89403,39076.8,0,39076.8
4,0.0126293,1.43852,39074,0,39074
4,0.0127147,1.09069,39071.9,0,39071.9
5,0,-0.00227265,39062.7,0,39062.7
5,8.53333e-05,-0.00234518,39062.7,0,39062.7
5,0.000170667,-0.00242076,39062.7,0,39062.7
5,0.000256,-0.00249948,39062.7,0,39062.7
5,0.000341333,-0.00258151,39062.7,0,39062.7
5,0.000426667,-0.00266704,39062.7,0,39062.7
5,0.000512,-0.00275626,39062.7,0,39062.7
5,0.000597333,-0.00284935,39062.7,0,39062.7
5,0.000682667,-0.00294657,39062.7,0,39062.7
5,0.000768,-0.00304809,39062.7,0,39062.7
5,0.000853333,-0.00315415,39062.7,0,39062.7
5,0.000938667,-0.00326498,39062.7,0,39062.7
5,0.001024,-0.00338083,39062.7,0,39062.7
5,0.00110933,-0.00350207,39062.7,0,39062.7
5,0.00119467,-0.003629,39062.7,0,39062.7
5,0.00128,-0.00376187,39062.8,0,39062.8
5,0.00136533,-0.00390107,39062.8,0,39062.8
5,0.00145067,-0.00404693,39062.8,0,39062.8
5,0.001536,-0.00419991,39062.8,0,39062.8
5,0.00162133,-0.00436046,39062.8,0,39062.8
5,0.00170667,-0.00452892,39062.8,0,39062.8
5,0.001792,-0.00470595,39062.8,0,39062.8
5,0.00187733,-0.0048919,39062.8,0,39062.8
5,0.00196267,-0.00508729,39062.8,0,39062.8
5,0.002048,-0.00529291,39062.8,0,39062.8
5,0.00213333,-0.00550929,39062.8,0,39062.8
5,0.00221867,-0.00573728,39062.8,0,39062.8
5,0.002304,-0.00597752,39062.8,0,39062.8
5,0.00238933,-0.00623082,39062.9,0,39062.9
5,0.00247467,-0.00649799,39062.9,0,39062.9
5,0.00256,-0.00678018,39062.9,0,39062.9
5,0.00264533,-0.00707833,39062.9,0,39062.9
5,0.00273067,-0.00739343,39062.9,0,39062.9
5,0.002816,-0.00772677,39062.9,0,39062.9
5,0.00290133,-0.00807971,39062.9,0,39062.9
5,0.00298667,-0.00845372,39062.9,0,39062.9
5,0.003072,-0.00885022,39063,0,39063
5,0.00315733,-0.00927077,39063,0,39063
5,0.00324267,-0.00971753,39063,0,39063
5,0.003328,-0.0101923,39063,0,39063
5,0.00341333,-0.0106972,39063,0,39063
5,0.00349867,-0.0112347,39063,0,39063
5,0.003584,-0.0118075,39063.1,0,39063.1
5,0.00366933,-0.0124183,39063.1,0,39063.1
5,0.00375467,-0.0130704,39063.1,0,39063.1
5,0.00384,-0.0137669,39063.1,0,39063.1
5,0.00392533,-0.0145121,39063.2,0,39063.2
5,0.00401067,-0.0153099,39063.2,0,39063.2
5,0.004096,-0.0161648,39063.2,0,39063.2
5,0.00418133,-0.0170821,39063.2,0,39063.2
5,0.00426667,-0.0180674,39063.3,0,39063.3
5,0.004352,-0.0191267,39063.3,0,39063.3
5,0.00443733,-0.0202671,39063.3,0,39063.3
5,0.00452267,-0.0214962,39063.4,0,39063.4
5,0.004608,-0.0228225,39063.4,0,39063.4
5,0.00469333,-0.0242551,39063.4,0,39063.4
5,0.00477867,-0.0258046,39063.5,0,39063.5
5,0.004864,-0.0274823,39063.5,0,39063.5
5,0.00494933,-0.0293009,39063.6,0,39063.6
5,0.00503467,-0.0312742,39063.6,0,39063.6
5,0.00512,-0.033417,39063.7,0,39063.7
5,0.00520533,-0.0357455,39063.7,0,39063.7
5,0.00529067,-0.0382767,39063.8,0,39063.8
5,0.005376,-0.0410278,39063.9,0,39063.9
5,0.00546133,-0.044016,39063.9,0,39063.9
5,0.00554667,-0.0472572,39064,0,39064
5,0.005632,-0.0507626,39064.1,0,39064.1
5,0.00571733,-0.0545376,39064.2,0,39064.2
5,0.00580267,-0.0585764,39064.3,0,39064.3
5,0.005888,-0.0628548,39064.4,0,39064.4
5,0.00597333,-0.0673236,39064.5,0,39064.5
5,0.00605867,-0.071897,39064.6,0,39064.6
5,0.006144,-0.0764432,39064.8,0,39064.8
5,0.00622933,-0.0807766,39064.9,0,39064.9
5,0.00631467,-0.0846605,39065,0,39065
5,0.0064,-0.0878265,39065.2,0,39065.2
5,0.00648533,-0.0900217,39065.3,0,39065.3
5,0.00657067,-0.0910944,39065.5,0,39065.5
5,0.006656,-0.0911343,39065.6,0,39065.6
5,0.00674133,-0.0907104,39065.8,0,39065.8
5,0.00682667,-0.0912042,39066,0,39066
5,0.006912,-0.0950394,39066.1,0,39066.1
5,0.00699733,-0.105284,39066.3,0,39066.3
5,0.00708267,-0.124325,39066.5,0,39066.5
5,0.007168,-0.152458,39066.7,0,39066.7
5,0.00725333,-0.187797,39067,0,39067
5,0.00733867,-0.227571,39067.3,0,39067.3
5,0.007424,-0.269425,39067.8,0,39067.8
5,0.00750933,-0.311669,39068.3,0,39068.3
5,0.00759467,-0.352607,39068.8,0,39068.8
5,0.00768,-0.389715,39069.5,0,39069.5
5,0.00776533,-0.418184,39070.2,0,39070.2
5,0.00785067,-0.393229,39071,0,39071
5,0.007936,0.575859,39071.9,0,39071.9
5,0.00802133,3.54224,39065.2,0,39065.2
5,0.00810667,-0.206811,39064.1,0,39064.1
5,0.008192,-0.32067,39065,0,39065
5,0.00827733,-0.167141,39065.5,0,39065.5
5,0.00836267,-0.00395329,39065.6,0,39065.6
5,0.008448,0.220937,39065.5,0,39065.5
5,0.00853333,0.403149,39064.8,0,39064.8
5,0.00861867,0.350859,39064.1,0,39064.1
5,0.008704,0.490426,39063.6,0,39063.6
5,0.00878933,0.855169,39062.1,0,39062.1
5,0.00887467,-0.498974,39061.2,0,39061.2
5,0.00896,-3.57522,39063.4,0,39063.4
5,0.00904533,-29.4844,39055.5,0,39055.5
5,0.00913067,-2.92796,39048.1,0,39048.1
5,0.009216,-1.38717,39050.4,0,39050.4
5,0.00930133,-1.05131,39052.4,0,39052.4
5,0.00938667,-0.753369,39053.9,0,39053.9
5,0.009472,-1.10337,39055.1,0,39055.1
5,0.00955733,3.13173,39059.2,0,39059.2
5,0.00964267,-22.1947,39018.8,0,39018.8
5,0.009728,-3.15869,39033.6,0,39033.6
5,0.00981333,-3.1897,39038.3,0,39038.3
5,0.00989867,-1.84588,39043.1,0,39043.1
5,0.009984,-1.41281,39045.3,0,39045.3
5,0.0100693,-1.63209,39048,0,39048
5,0.0101547,-0.873674,39050.6,0,39050.6
5,0.01024,-0.219132,39051,0,39051
5,0.0103253,-1.02797,39051.8,0,39051.8
5,0.0104107,3.03241,39058.2,0,39058.2
5,0.010496,-1.5562,39041.9,0,39041.9
5,0.0105813,-1.98053,39047,0,39047
5,0.0106667,-0.99933,39050,0,39050
5,0.010752,0.689041,39050.3,0,39050.3
5,0.0108373,2.23536,39047.8,0,39047.8
5,0.0109227,5.11282,39037.4,0,39037.4
5,0.011008,4.17462,39059.3,0,39059.3
5,0.0110933,1.64377,39053.2,0,39053.2
5,0.0111787,1.10343,39051.2,0,39051.2
5,0.011264,2.9366,39047.5,0,39047.5
5,0.0113493,5.0436,39071.1,0,39071.1
5,0.0114347,2.16433,39058.2,0,39058.2
5,0.01152,-8.07414,39064.8,0,39064.8
5,0.0116053,0.966766,39069.7,0,39069.7
5,0.0116907,1.20419,39066.6,0,39066.6
5,0.011776,0.624635,39064.9,0,39064.9
5,0.0118613,-0.269389,39064.4,0,39064.4
5,0.0119467,-0.754347,39066,0,39066
5,0.012032,0.678235,39066.5,0,39066.5
5,0.0121173,2.10498,39064.1,0,39064.1
5,0.0122027,4.35093,39060,0,39060
5,0.012288,16.1115,39054,0,39054
5,0.0123733,26.0836,39086.9,0,39086.9
5,0.0124587,5.16889,39084.5,0,39084.5
5,0.012544,2.60588,39080.3,0,39080.3
5,0.0126293,1.78563,39076.9,0,39076.9
5,0.0127147,1.30914,39074.3,0,39074.3
6,0,-0.00436444,39062.8,0,39062.8
6,8.53333e-05,-0.00451814,39062.8,0,39062.8
6,0.000170667,-0.00467882,39062.8,0,39062.8
6,0.000256,-0.00484704,39062.8,0,39062.8
6,0.000341333,-0.00502306,39062.8,0,39062.8
6,0.000426667,-0.0052073,39062.8,0,39062.8
6,0.000512,-0.00540034,39062.9,0,39062.9
6,0.000597333,-0.00560262,39062.9,0,39062.9
6,0.000682667,-0.00581464,39062.9,0,39062.9
6,0.000768,-0.00603717,39062.9,0,39062.9
6,0.000853333,-0.0062707,39062.9,0,39062.9
6,0.000938667,-0.00651601,39062.9,0,39062.9
6,0.001024,-0.0067736,39062.9,0,39062.9
6,0.00110933,-0.00704452,39062.9,0,39062.9
6,0.00119467,-0.00732948,39062.9,0,39062.9
6,0.00128,-0.00762941,39063,0,39063
6,0.00136533,-0.00794543,39063,0,39063
6,0.00145067,-0.00827832,39063,0,39063
6,0.001536,-0.00862938,39063,0,39063
6,0.00162133,-0.00899989,39063,0,39063
6,0.00170667,-0.00939124,39063,0,39063
6,0.001792,-0.00980462,39063,0,39063
6,0.00187733,-0.0102419,39063.1,0,39063.1
6,0.00196267,-0.0107045,39063.1,0,39063.1
6,0.002048,-0.0111944,39063.1,0,39063.1
6,0.00213333,-0.0117138,39063.1,0,39063.1
6,0.00221867,-0.0122648,39063.1,0,39063.1
6,0.002304,-0.0128496,39063.2,0,39063.2
6,0.00238933,-0.0134712,39063.2,0,39063.2
6,0.00247467,-0.0141323,39063.2,0,39063.2
6,0.00256,-0.0148361,39063.2,0,39063.2
6,0.00264533,-0.0155863,39063.3,0,39063.3
6,0.00273067,-0.0163866,39063.3,0,39063.3
6,0.002816,-0.0172409,39063.3,0,39063.3
6,0.00290133,-0.0181543,39063.3,0,39063.3
6,0.00298667,-0.0191321,39063.4,0,39063.4
6,0.003072,-0.0201795,39063.4,0,39063.4
6,0.00315733,-0.021303,39063.4,0,39063.4
6,0.00324267,-0.0225096,39063.5,0,39063.5
6,0.003328,-0.0238071,39063.5,0,39063.5
6,0.00341333,-0.0252035,39063.6,0,39063.6
6,0.00349867,-0.0267082,39063.6,0,39063.6
6,0.003584,-0.0283312,39063.6,0,39063.6
6,0.00366933,-0.0300831,39063.7,0,39063.7
6,0.00375467,-0.0319744,39063.8,0,39063.8
6,0.00384,-0.0340168,39063.8,0,39063.8
6,0.00392533,-0.0362204,39063.9,0,39063.9
6,0.00401067,-0.0385934,39063.9,0,39063.9
6,0.004096,-0.0411395,39064,0,39064
6,0.00418133,-0.0438551,39064.1,0,39064.1
6,0.00426667,-0.046723,39064.1,0,39064.1
6,0.004352,-0.0497037,39064.2,0,39064.2
6,0.00443733,-0.052723,39064.3,0,39064.3
6,0.00452267,-0.0556553,39064.4,0,39064.4
6,0.004608,-0.0583036,39064.5,0,39064.5
6,0.00469333,-0.0603853,39064.6,0,39064.6
6,0.00477867,-0.0615424,39064.7,0,39064.7
6,0.004864,-0.0614147,39064.8,0,39064.8
6,0.00494933,-0.0598235,39064.9,0,39064.9
6,0.00503467,-0.0570768,39065,0,39065
6,0.00512,-0.0542544,39065.1,0,39065.1
6,0.00520533,-0.0531182,39065.2,0,39065.2
6,0.00529067,-0.055371,39065.3,0,39065.3
6,0.005376,-0.0616532,39065.4,0,39065.4
6,0.00546133,-0.0712301,39065.5,0,39065.5
6,0.00554667,-0.0827348,39065.6,0,39065.6
6,0.005632,-0.0952616,39065.8,0,39065.8
6,0.00571733,-0.109033,39066,0,39066
6,0.00580267,-0.125421,39066.2,0,39066.2
6,0.005888,-0.146305,39066.4,0,39066.4
6,0.00597333,-0.172946,39066.7,0,39066.7
6,0.00605867,-0.205204,39067,0,39067
6,0.006144,-0.242019,39067.4,0,39067.4
6,0.00622933,-0.282835,39067.8,0,39067.8
6,0.00631467,-0.328718,39068.3,0,39068.3
6,0.0064,-0.382433,39068.9,0,39068.9
6,0.00648533,-0.447387,39069.6,0,39069.6
6,0.00657067,-0.523302,39070.5,0,39070.5
6,0.006656,-0.585618,39071.4,0,39071.4
6,0.00674133,-0.501304,39072.5,0,39072.5
6,0.00682667,0.147769,39073.1,0,39073.1
6,0.006912,1.04714,39071.6,0,39071.6
6,0.00699733,0.00922431,39070.2,0,39070.2
6,0.00708267,-0.880009,39071.4,0,39071.4
6,0.007168,-0.284345,39073.4,0,39073.4
6,0.00725333,3.05136,39070.5,0,39070.5
6,0.00733867,1.74231,39066,0,39066
6,0.007424,0.665611,39063.7,0,39063.7
6,0.00750933,-0.434928,39063.8,0,39063.8
6,0.00759467,-0.890925,39065,0,39065
6,0.00768,-1.59631,39066.8,0,39066.8
6,0.00776533,-4.02058,39070.7,0,39070.7
6,0.00785067,-38.7519,39053.4,0,39053.4
6,0.007936,-2.02535,39058.2,0,39058.2
6,0.00802133,0.984146,39057.5,0,39057.5
6,0.00810667,1.02747,39055.4,0,39055.4
6,0.008192,0.72263,39053.6,0,39053.6
6,0.00827733,0.188882,39053.1,0,39053.1
6,0.00836267,0.955714,39053.1,0,39053.1
6,0.008448,4.22151,39048,0,39048
6,0.00853333,2.11143,39040.3,0,39040.3
6,0.00861867,2.85461,39065.5,0,39065.5
6,0.008704,-5.69687,39041.5,0,39041.5
6,0.00878933,5.40317,39032.5,0,39032.5
6,0.00887467,11.9689,39053.5,0,39053.5
6,0.00896,3.25128,39041.5,0,39041.5
6,0.00904533,0.922243,39038.5,0,39038.5
6,0.00913067,0.00218149,39038.3,0,39038.3
6,0.009216,0.129965,39038.3,0,39038.3
6,0.00930133,2.85508,39027.9,0,39027.9
6,0.00938667,-14.574,39055.5,0,39055.5
6,0.009472,-6.31316,39040,0,39040
6,0.00955733,-2.27279,39044.2,0,39044.2
6,0.00964267,0.0127722,39045.5,0,39045.5
6,0.009728,0.149499,39044.4,0,39044.4
6,0.00981333,-1.04036,39045.3,0,39045.3
6,0.00989867,-0.751118,39047.3,0,39047.3
6,0.009984,-0.595221,39048.1,0,39048.1
6,0.0100693,-0.910526,39049.4,0,39049.4
6,0.0101547,-0.622558,39051.1,0,39051.1
6,0.01024,-0.100313,39051.5,0,39051.5
6,0.0103253,-0.157695,39051.5,0,39051.5
6,0.0104107,-0.422264,39052,0,39052
6,0.010496,-0.756853,39053,0,39053
6,0.0105813,-1.30176,39054.6,0,39054.6
6,0.0106667,-1.03606,39057.7,0,39057.7
6,0.010752,0.950213,39057.6,0,39057.6
6,0.0108373,1.92493,39054.7,0,39054.7
6,0.0109227,0.361828,39048.8,0,39048.8
6,0.011008,0.240009,39062.6,0,39062.6
6,0.0110933,0.956128,39058.2,0,39058.2
6,0.0111787,0.241417,39056.4,0,39056.4
6,0.011264,-0.785929,39057,0,39057
6,0.0113493,-3.92948,39069.2,0,39069.2
6,0.0114347,1.36484,39063.6,0,39063.6
6,0.01152,-6.01821,39068.7,0,39068.7
6,0.0116053,0.639263,39073.2,0,39073.2
6,0.0116907,1.14874,39070.4,0,39070.4
6,0.011776,0.68994,39068.7,0,39068.7
6,0.0118613,-0.0256606,39068.1,0,39068.1
6,0.0119467,-0.347455,39069,0,39069
6,0.012032,0.970927,39068.7,0,39068.7
6,0.0121173,1.96798,39066,0,39066
6,0.0122027,2.8835,39062.2,0,39062.2
6,0.012288,8.98738,39053.7,0,39053.7
6,0.0123733,18.3251,39103.9,0,39104
6,0.0124587,3.7813,39085.8,0,39085.8
6,0.012544,2.3381,39081.4,0,39081.4
6,0.0126293,1.72575,39078.1,0,39078.1
6,0.0127147,1.30334,39075.6,0,39075.6
7,0,-0.00859446,39063,0,39063
7,8.53333e-05,-0.00892856,39063,0,39063
7,0.000170667,-0.00927939,39063.1,0,39063.1
7,0.000256,-0.00964805,39063.1,0,39063.1
7,0.000341333,-0.0100358,39063.1,0,39063.1
7,0.000426667,-0.0104437,39063.1,0,39063.1
7,0.000512,-0.010873,39063.1,0,39063.1
7,0.000597333,-0.0113252,39063.2,0,39063.2
7,0.000682667,-0.0118019,39063.2,0,39063.2
7,0.000768,-0.0123046,39063.2,0,39063.2
7,0.000853333,-0.012835,39063.2,0,39063.2
7,0.000938667,-0.0133951,39063.2,0,39063.2
7,0.001024,-0.0139874,39063.3,0,39063.3
7,0.00110933,-0.0146136,39063.3,0,39063.3
7,0.00119467,-0.0152762,39063.3,0,39063.3
7,0.00128,-0.0159784,39063.3,0,39063.3
7,0.00136533,-0.0167226,39063.4,0,39063.4
7,0.00145067,-0.017512,39063.4,0,39063.4
7,0.001536,-0.0183504,39063.4,0,39063.4
7,0.00162133,-0.0192413,39063.5,0,39063.5
7,0.00170667,-0.020189,39063.5,0,39063.5
7,0.001792,-0.0211982,39063.5,0,39063.5
7,0.00187733,-0.0222734,39063.6,0,39063.6
7,0.00196267,-0.0234206,39063.6,0,39063.6
7,0.002048,-0.0246454,39063.6,0,39063.6
7,0.00213333,-0.0259545,39063.7,0,39063.7
7,0.00221867,-0.0273553,39063.7,0,39063.7
7,0.002304,-0.028855,39063.8,0,39063.8
7,0.00238933,-0.0304628,39063.8,0,39063.8
7,0.00247467,-0.0321875,39063.9,0,39063.9
7,0.00256,-0.0340391,39063.9,0,39063.9
7,0.00264533,-0.0360285,39064,0,39064
7,0.00273067,-0.038166,39064.1,0,39064.1
7,0.002816,-0.0404635,39064.1,0,39064.1
7,0.00290133,-0.0429312,39064.2,0,39064.2
7,0.00298667,-0.0455796,39064.3,0,39064.3
7,0.003072,-0.0484164,39064.4,0,39064.4
7,0.00315733,-0.0514453,39064.4,0,39064.4
7,0.00324267,-0.0546649,39064.5,0,39064.5
7,0.003328,-0.0580639,39064.6,0,39064.6
7,0.00341333,-0.0616189,39064.7,0,39064.7
7,0.00349867,-0.0652909,39064.8,0,39064.8
7,0.003584,-0.0690214,39065,0,39065
7,0.00366933,-0.0727367,39065.1,0,39065.1
7,0.00375467,-0.076359,39065.2,0,39065.2
7,0.00384,-0.0798327,39065.3,0,39065.3
7,0.00392533,-0.0831734,39065.5,0,39065.5
7,0.00401067,-0.0865186,39065.6,0,39065.6
7,0.004096,-0.0901589,39065.8,0,39065.8
7,0.00418133,-0.0944701,39065.9,0,39065.9
7,0.00426667,-0.0996926,39066.1,0,39066.1
7,0.004352,-0.105583,39066.3,0,39066.3
7,0.00443733,-0.111116,39066.5,0,39066.5
7,0.00452267,-0.114559,39066.6,0,39066.6
7,0.004608,-0.11429,39066.8,0,39066.8
7,0.00469333,-0.110539,39067,0,39067
7,0.00477867,-0.107339,39067.2,0,39067.2
7,0.004864,-0.112376,39067.4,0,39067.4
7,0.00494933,-0.133121,39067.6,0,39067.6
7,0.00503467,-0.172525,39067.9,0,39067.9
7,0.00512,-0.228189,39068.2,0,39068.2
7,0.00520533,-0.292591,39068.6,0,39068.6
7,0.00529067,-0.352602,39069.2,0,39069.2
7,0.005376,-0.396316,39069.8,0,39069.8
7,0.00546133,-0.457418,39070.5,0,39070.5
7,0.00554667,-0.723812,39071.4,0,39071.4
7,0.005632,-1.63326,39072.9,0,39072.9
7,0.00571733,-4.70323,39075.6,0,39075.6
7,0.00580267,-13.5481,39075.2,0,39075.2
7,0.005888,-9.88103,39067.4,0,39067.4
7,0.00597333,-3.41709,39070.1,0,39070.1
7,0.00605867,-1.5069,39073.4,0,39073.4
7,0.006144,1.49443,39073.6,0,39073.6
7,0.00622933,-1.41418,39071.7,0,39071.7
7,0.00631467,-3.47349,39075.9,0,39075.9
7,0.0064,-15.1147,39085.5,0,39085.5
7,0.00648533,-4.75331,39061.5,0,39061.5
7,0.00657067,-0.971843,39065,0,39065
7,0.006656,-2.1763,39065.1,0,39065.1
7,0.00674133,0.453313,39068.2,0,39068.2
7,0.00682667,-2.04881,39068,0,39068
7,0.006912,-7.5292,39084.9,0,39084.9
7,0.00699733,-15.719,39053.7,0,39053.7
7,0.00708267,-10.2539,39049.8,0,39049.8
7,0.007168,0.221948,39050.2,0,39050.2
7,0.00725333,5.74682,39049,0,39049
7,0.00733867,11.6387,39059.4,0,39059.4
7,0.007424,1.04201,39068.4,0,39068.4
7,0.00750933,-5.68284,39080.3,0,39080.3
7,0.00759467,3.34439,39008.7,0,39008.7
7,0.00768,16.3516,39039.9,0,39039.9
7,0.00776533,8.57513,39045.5,0,39045.5
7,0.00785067,-0.265867,39048.8,0,39048.8
7,0.007936,-0.548468,39050.8,0,39050.8
7,0.00802133,-0.356608,39051.7,0,39051.7
7,0.00810667,1.9086,39051.4,0,39051.4
7,0.008192,3.45106,39046.8,0,39046.8
7,0.00827733,0.669935,39040.7,0,39040.7
7,0.00836267,5.03329,39023.1,0,39023.1
7,0.008448,5.5522,39037.6,0,39037.6
7,0.00853333,1.93361,39036.3,0,39036.3
7,0.00861867,1.49307,39034.6,0,39034.6
7,0.008704,2.8136,39030.6,0,39030.6
7,0.00878933,-0.141804,39026,0,39026
7,0.00887467,-3.13778,39034.4,0,39034.4
7,0.00896,-1.73994,39036,0,39036
7,0.00904533,-0.743801,39039,0,39039
7,0.00913067,-0.0972309,39039.2,0,39039.2
7,0.009216,-0.190674,39039.2,0,39039.2
7,0.00930133,-2.4574,39039.9,0,39039.9
7,0.00938667,-0.981945,39046.4,0,39046.4
7,0.009472,-0.0733056,39045.7,0,39045.7
7,0.00955733,-0.859739,39046.5,0,39046.5
7,0.00964267,-0.628457,39048.2,0,39048.2
7,0.009728,-0.177218,39048.8,0,39048.8
7,0.00981333,-0.251723,39048.9,0,39048.9
7,0.00989867,-0.768348,39049.7,0,39049.7
7,0.009984,-1.19401,39051.4,0,39051.4
7,0.0100693,-1.48216,39053.8,0,39053.8
7,0.0101547,-1.06081,39056.4,0,39056.4
7,0.01024,-0.269414,39057.4,0,39057.4
7,0.0103253,-0.0680207,39057.4,0,39057.4
7,0.0104107,-0.247915,39057.6,0,39057.6
7,0.010496,-0.370043,39058.2,0,39058.2
7,0.0105813,-1.20904,39058.5,0,39058.5
7,0.0106667,-2.49638,39065.3,0,39065.3
7,0.010752,1.29363,39064.6,0,39064.6
7,0.0108373,1.6369,39061.4,0,39061.4
7,0.0109227,0.835784,39059,0,39059
7,0.011008,0.662453,39057.8,0,39057.8
7,0.0110933,-4.71128,39062.4,0,39062.4
7,0.0111787,-0.205301,39061.5,0,39061.5
7,0.011264,-2.18445,39067.6,0,39067.6
7,0.0113493,0.597061,39068.5,0,39068.5
7,0.0114347,1.51315,39064.6,0,39064.6
7,0.01152,-10.16,39076.9,0,39076.9
7,0.0116053,1.01445,39075.9,0,39075.9
7,0.0116907,1.08992,39073.5,0,39073.5
7,0.011776,0.824439,39071.8,0,39071.8
7,0.0118613,0.322728,39070.6,0,39070.6
7,0.0119467,-0.270979,39071.1,0,39071.1
7,0.012032,1.12574,39070.8,0,39070.8
7,0.0121173,1.98837,39067.6,0,39067.6
7,0.0122027,0.745181,39063.8,0,39063.8
7,0.012288,-3.13542,39063.9,0,39063.9
7,0.0123733,-8.42358,39086.1,0,39086.1
7,0.0124587,1.39111,39085.7,0,39085.7
7,0.012544,1.85609,39081.9,0,39081.9
7,0.0126293,1.56602,39078.9,0,39078.9
7,0.0127147,1.24653,39076.5,0,39076.5
8,0,-0.0176636,39063.5,0,39063.5
8,8.53333e-05,-0.0184289,39063.5,0,39063.5
8,0.000170667,-0.0192373,39063.6,0,39063.6
8,0.000256,-0.0200922,39063.6,0,39063.6
8,0.000341333,-0.0209971,39063.6,0,39063.6
8,0.000426667,-0.0219555,39063.7,0,39063.7
8,0.000512,-0.0229715,39063.7,0,39063.7
8,0.000597333,-0.0240498,39063.7,0,39063.7
8,0.000682667,-0.0251949,39063.8,0,39063.8
8,0.000768,-0.0264122,39063.8,0,39063.8
8,0.000853333,-0.0277079,39063.9,0,39063.9
8,0.000938667,-0.0290883,39063.9,0,39063.9
8,0.001024,-0.030561,39064,0,39064
8,0.00110933,-0.0321337,39064,0,39064
8,0.00119467,-0.0338157,39064.1,0,39064.1
8,0.00128,-0.035617,39064.1,0,39064.1
8,0.00136533,-0.0375488,39064.2,0,39064.2
8,0.00145067,-0.0396242,39064.3,0,39064.3
8,0.001536,-0.0418575,39064.3,0,39064.3
8,0.00162133,-0.0442648,39064.4,0,39064.4
8,0.00170667,-0.0468656,39064.5,0,39064.5
8,0.001792,-0.0496808,39064.6,0,39064.6
8,0.00187733,-0.052736,39064.7,0,39064.7
8,0.00196267,-0.0560592,39064.7,0,39064.7
8,0.002048,-0.059685,39064.8,0,39064.8
8,0.00213333,-0.0636522,39064.9,0,39064.9
8,0.00221867,-0.0680082,39065.1,0,39065.1
8,0.002304,-0.072808,39065.2,0,39065.2
8,0.00238933,-0.0781175,39065.3,0,39065.3
8,0.00247467,-0.0840157,39065.4,0,39065.4
8,0.00256,-0.0905968,39065.6,0,39065.6
8,0.00264533,-0.0979717,39065.8,0,39065.8
8,0.00273067,-0.10627,39065.9,0,39065.9
8,0.002816,-0.115634,39066.1,0,39066.1
8,0.00290133,-0.126211,39066.3,0,39066.3
8,0.00298667,-0.138113,39066.6,0,39066.6
8,0.003072,-0.151337,39066.8,0,39066.8
8,0.00315733,-0.165599,39067.1,0,39067.1
8,0.00324267,-0.179997,39067.4,0,39067.4
8,0.003328,-0.192491,39067.7,0,39067.7
8,0.00341333,-0.199428,39068,0,39068
8,0.00349867,-0.196414,39068.4,0,39068.4
8,0.003584,-0.183289,39068.7,0,39068.7
8,0.00366933,-0.172089,39069,0,39069
8,0.00375467,-0.179418,39069.3,0,39069.3
8,0.00384,-0.192348,39069.6,0,39069.6
8,0.00392533,-0.159445,39069.9,0,39069.9
8,0.00401067,-0.0491682,39070.1,0,39070.1
8,0.004096,0.039102,39070.1,0,39070.1
8,0.00418133,-0.0583996,39070,0,39070
8,0.00426667,-0.280558,39070.3,0,39070.3
8,0.004352,-0.444594,39071,0,39071
8,0.00443733,-0.51586,39071.8,0,39071.8
8,0.00452267,-0.651883,39072.7,0,39072.7
8,0.004608,-1.0068,39074,0,39074
8,0.00469333,-1.85262,39076.2,0,39076.2
8,0.00477867,-4.11663,39081.9,0,39081.9
8,0.004864,-6.12983,39057.4,0,39057.4
8,0.00494933,-1.75534,39070.9,0,39070.9
8,0.00503467,-0.289455,39071.8,0,39071.8
8,0.00512,-1.34453,39072.5,0,39072.5
8,0.00520533,-2.0333,39075.9,0,39075.9
8,0.00529067,-2.03047,39079.5,0,39079.5
8,0.005376,-0.277541,39087.9,0,39087.9
8,0.00546133,0.0189441,39066.7,0,39066.7
8,0.00554667,3.46924,39065.3,0,39065.3
8,0.005632,1.11676,39057.1,0,39057.1
8,0.00571733,-4.65657,39061.3,0,39061.3
8,0.00580267,7.34716,39037.6,0,39037.6
8,0.005888,-18.3528,39057.8,0,39057.8
8,0.00597333,-5.05672,39053.4,0,39053.4
8,0.00605867,18.9727,39049.6,0,39049.6
8,0.006144,5.29193,39068.3,0,39068.3
8,0.00622933,2.00045,39064.1,0,39064.1
8,0.00631467,1.88137,39061.6,0,39061.6
8,0.0064,2.88746,39057.7,0,39057.7
8,0.00648533,4.14379,39051.9,0,39051.9
8,0.00657067,6.88667,39043.5,0,39043.5
8,0.006656,23.5665,39045.5,0,39045.5
8,0.00674133,3.96049,39063.6,0,39063.6
8,0.00682667,2.433,39058,0,39058
8,0.006912,0.0508545,39055.8,0,39055.8
8,0.00699733,-32.2747,39066.7,0,39066.7
8,0.00708267,-4.8428,39037.3,0,39037.3
8,0.007168,-2.40964,39044.2,0,39044.2
8,0.00725333,1.76532,39046.5,0,39046.5
8,0.00733867,26.6216,39042.2,0,39042.2
8,0.007424,-8.21846,39036.2,0,39036.2
8,0.00750933,-1.88728,39033.5,0,39033.5
8,0.00759467,-6.79865,39045.4,0,39045.4
8,0.00768,6.67162,39014.5,0,39014.5
8,0.00776533,2.98823,39036.8,0,39036.8
8,0.00785067,2.13977,39040.8,0,39040.8
8,0.007936,2.5155,39036.7,0,39036.7
8,0.00802133,3.50888,39031.9,0,39031.9
8,0.00810667,7.13707,39004.3,0,39004.3
8,0.008192,5.05605,39039.7,0,39039.7
8,0.00827733,8.58824,39031.9,0,39031.9
8,0.00836267,14.3095,39031.6,0,39031.6
8,0.008448,5.81005,39041,0,39041
8,0.00853333,1.11584,39041.6,0,39041.6
8,0.00861867,0.882041,39040.9,0,39040.9
8,0.008704,1.83744,39038.8,0,39038.8
8,0.00878933,1.29844,39033.7,0,39033.7
8,0.00887467,-1.89809,39040.6,0,39040.6
8,0.00896,-1.22972,39039.6,0,39039.6
8,0.00904533,-0.625485,39042.6,0,39042.6
8,0.00913067,-0.000973464,39042.6,0,39042.6
8,0.009216,-0.190457,39042.5,0,39042.5
8,0.00930133,-2.79438,39043.1,0,39043.1
8,0.00938667,-0.887232,39050.8,0,39050.8
8,0.009472,0.119499,39049.5,0,39049.5
8,0.00955733,-1.00955,39050.2,0,39050.2
8,0.00964267,-1.57052,39052.5,0,39052.5
8,0.009728,-1.2199,39055.7,0,39055.7
8,0.00981333,-0.565299,39056.7,0,39056.7
8,0.00989867,-0.630948,39057.7,0,39057.7
8,0.009984,-0.734739,39058.8,0,39058.8
8,0.0100693,-1.01119,39060.3,0,39060.3
8,0.0101547,-0.818347,39062.2,0,39062.2
8,0.01024,-0.148535,39063,0,39063
8,0.0103253,0.117059,39062.8,0,39062.8
8,0.0104107,-0.0626559,39062.6,0,39062.6
8,0.010496,-0.270473,39063,0,39063
8,0.0105813,-1.1011,39063,0,39063
8,0.0106667,-2.65486,39070.7,0,39070.7
8,0.010752,1.59775,39069.2,0,39069.2
8,0.0108373,1.82904,39065.6,0,39065.6
8,0.0109227,0.83682,39063,0,39063
8,0.011008,0.443565,39062.1,0,39062.1
8,0.0110933,-1.93577,39064.5,0,39064.5
8,0.0111787,0.90371,39061.9,0,39061.9
8,0.011264,-1.7668,39069.2,0,39069.2
8,0.0113493,-1.08362,39069.4,0,39069.4
8,0.0114347,1.71379,39068.1,0,39068.1
8,0.01152,-16.3273,39082.3,0,39082.3
8,0.0116053,1.66081,39079.9,0,39079.9
8,0.0116907,1.54779,39076.5,0,39076.5
8,0.011776,1.13637,39074.1,0,39074.1
8,0.0118613,0.439343,39072.5,0,39072.5
8,0.0119467,-0.631083,39073.3,0,39073.3
8,0.012032,1.21194,39073.3,0,39073.3
8,0.0121173,2.12073,39069.8,0,39069.8
8,0.0122027,1.24733,39065.9,0,39065.9
8,0.012288,-2.50914,39063.8,0,39063.8
8,0.0123733,-9.16587,39088.8,0,39088.8
8,0.0124587,1.45216,39087.5,0,39087.5
8,0.012544,1.9117,39083.7,0,39083.7
8,0.0126293,1.66649,39080.5,0,39080.5
8,0.0127147,1.33256,39078,0,39078
9,0,-0.0367196,39064.4,0,39064.4
9,8.53333e-05,-0.0384537,39064.4,0,39064.4
9,0.000170667,-0.0402932,39064.5,0,39064.5
9,0.000256,-0.0422459,39064.6,0,39064.6
9,0.000341333,-0.0443199,39064.6,0,39064.6
9,0.000426667,-0.0465254,39064.7,0,39064.7
9,0.000512,-0.0488714,39064.8,0,39064.8
9,0.000597333,-0.0513694,39064.9,0,39064.9
9,0.000682667,-0.0540313,39065,0,39065
9,0.000768,-0.0568697,39065.1,0,39065.1
9,0.000853333,-0.0598992,39065.2,0,39065.2
9,0.000938667,-0.0631345,39065.3,0,39065.3
9,0.001024,-0.0665926,39065.4,0,39065.4
9,0.00110933,-0.0702913,39065.5,0,39065.5
9,0.00119467,-0.0742509,39065.6,0,39065.6
9,0.00128,-0.0784922,39065.8,0,39065.8
9,0.00136533,-0.0830388,39065.9,0,39065.9
9,0.00145067,-0.0879157,39066,0,39066
9,0.001536,-0.0931519,39066.2,0,39066.2
9,0.00162133,-0.0987784,39066.4,0,39066.4
9,0.00170667,-0.104831,39066.5,0,39066.5
9,0.001792,-0.111349,39066.7,0,39066.7
9,0.00187733,-0.118382,39066.9,0,39066.9
9,0.00196267,-0.125986,39067.1,0,39067.1
9,0.002048,-0.134229,39067.3,0,39067.3
9,0.00213333,-0.143198,39067.6,0,39067.6
9,0.00221867,-0.152994,39067.8,0,39067.8
9,0.002304,-0.163738,39068.1,0,39068.1
9,0.00238933,-0.175567,39068.4,0,39068.4
9,0.00247467,-0.188624,39068.7,0,39068.7
9,0.00256,-0.20304,39069,0,39069
9,0.00264533,-0.218913,39069.4,0,39069.4
9,0.00273067,-0.236262,39069.8,0,39069.8
9,0.002816,-0.254978,39070.2,0,39070.2
9,0.00290133,-0.27472,39070.6,0,39070.6
9,0.00298667,-0.294677,39071.1,0,39071.1
9,0.003072,-0.312923,39071.7,0,39071.7
9,0.00315733,-0.324839,39072.2,0,39072.2
9,0.00324267,-0.320156,39072.8,0,39072.8
9,0.003328,-0.281942,39073.3,0,39073.3
9,0.00341333,-0.204899,39073.7,0,39073.7
9,0.00349867,-0.144487,39074,0,39074
9,0.003584,-0.175889,39074.2,0,39074.2
9,0.00366933,-0.249525,39074.6,0,39074.6
9,0.00375467,-0.278598,39075.1,0,39075.1
9,0.00384,-0.226516,39075.6,0,39075.6
9,0.00392533,-0.0143038,39075.9,0,39075.9
9,0.00401067,0.605658,39075.6,0,39075.6
9,0.004096,1.44221,39073.6,0,39073.6
9,0.00418133,0.857112,39071,0,39071
9,0.00426667,-0.0190681,39070.5,0,39070.5
9,0.004352,-0.37536,39071,0,39071
9,0.00443733,-0.512393,39071.8,0,39071.8
9,0.00452267,-0.685719,39072.8,0,39072.8
9,0.004608,-1.01138,39074.2,0,39074.2
9,0.00469333,-0.946604,39076.2,0,39076.2
9,0.00477867,-0.671294,39077.4,0,39077.4
9,0.004864,-0.975412,39078.5,0,39078.5
9,0.00494933,-1.99646,39080.5,0,39080.5
9,0.00503467,-7.79572,39082.7,0,39082.7
9,0.00512,-6.03447,39061.5,0,39061.5
9,0.00520533,-0.968924,39053.1,0,39053.1
9,0.00529067,-0.582844,39055.2,0,39055.2
9,0.005376,-1.0511,39055.3,0,39055.3
9,0.00546133,-6.89983,39062.8,0,39062.8
9,0.00554667,-3.52551,39080.2,0,39080.2
9,0.005632,-1.56188,39051.5,0,39051.5
9,0.00571733,0.442336,39052.9,0,39052.9
9,0.00580267,0.433979,39052.1,0,39052.1
9,0.005888,6.17251,39043.7,0,39043.7
9,0.00597333,3.12635,39043,0,39043
9,0.00605867,16.522,39044.1,0,39044.1
9,0.006144,5.30435,39057.8,0,39057.8
9,0.00622933,-5.92176,39050.3,0,39050.3
9,0.00631467,-8.90618,39028,0,39028
9,0.0064,-3.452,39035,0,39035
9,0.00648533,3.05102,39036.3,0,39036.3
9,0.00657067,5.03462,39026.6,0,39026.6
9,0.006656,42.191,39019.2,0,39019.2
9,0.00674133,0.584781,39042.9,0,39042.9
9,0.00682667,1.22885,39008,0,39008
9,0.006912,-0.284771,39025.8,0,39025.8
9,0.00699733,0.0382192,39025.3,0,39025.3
9,0.00708267,2.1018,39024.9,0,39024.9
9,0.007168,-0.34327,39022.5,0,39022.5
9,0.00725333,5.77907,39023,0,39023
9,0.00733867,21.0955,39031.8,0,39031.8
9,0.007424,6.91876,39028.7,0,39028.7
9,0.00750933,2.54085,39022.4,0,39022.4
9,0.00759467,3.56572,39020.3,0,39020.3
9,0.00768,14.5223,39006.7,0,39006.7
9,0.00776533,16.2795,39049.1,0,39049.1
9,0.00785067,1.14031,39042.1,0,39042.1
9,0.007936,1.1004,39040.4,0,39040.4
9,0.00802133,1.31932,39038.6,0,39038.6
9,0.00810667,2.08443,39035.7,0,39035.7
9,0.008192,2.38419,39032,0,39032
9,0.00827733,4.87942,39028.3,0,39028.3
9,0.00836267,17.9851,39030.6,0,39030.6
9,0.008448,5.35767,39040.9,0,39040.9
9,0.00853333,0.577757,39039.1,0,39039.1
9,0.00861867,-3.71858,39044.8,0,39044.8
9,0.008704,0.78601,39045.6,0,39045.6
9,0.00878933,-0.107479,39043.3,0,39043.3
9,0.00887467,-2.85485,39048.5,0,39048.5
9,0.00896,-1.37575,39050.6,0,39050.6
9,0.00904533,-0.503572,39052.9,0,39052.9
9,0.00913067,0.149279,39052.7,0,39052.7
9,0.009216,-0.130051,39052.5,0,39052.5
9,0.00930133,-1.25741,39052.8,0,39052.8
9,0.00938667,-1.43689,39057.7,0,39057.7
9,0.009472,0.0601448,39057.5,0,39057.5
9,0.00955733,-1.03941,39058.1,0,39058.1
9,0.00964267,-1.45253,39060,0,39060
9,0.009728,-1.4125,39064.3,0,39064.3
9,0.00981333,-0.0686983,39064.5,0,39064.5
9,0.00989867,-0.313135,39064.7,0,39064.7
9,0.009984,-0.477855,39065.4,0,39065.4
9,0.0100693,-0.670729,39066.4,0,39066.4
9,0.0101547,-0.52824,39067.7,0,39067.7
9,0.01024,0.0599402,39068.1,0,39068.1
9,0.0103253,0.311591,39067.5,0,39067.5
9,0.0104107,0.0627684,39067.1,0,39067.1
9,0.010496,-0.107745,39067.3,0,39067.3
9,0.0105813,0.11754,39066.8,0,39066.8
9,0.0106667,-8.31707,39074,0,39074
9,0.010752,2.2991,39074.7,0,39074.7
9,0.0108373,2.37614,39069.6,0,39069.6
9,0.0109227,0.768757,39066.4,0,39066.4
9,0.011008,0.347369,39066.4,0,39066.4
9,0.0110933,-1.31455,39068.2,0,39068.2
9,0.0111787,2.80968,39063.1,0,39063.1
9,0.011264,0.188872,39076.6,0,39076.6
9,0.0113493,-1.22288,39072.7,0,39072.7
9,0.0114347,3.07505,39071.4,0,39071.4
9,0.01152,-17.1153,39053.1,0,39053.1
9,0.0116053,2.79911,39084,0,39084
9,0.0116907,2.041,39079.5,0,39079.5
9,0.011776,1.53738,39076.5,0,39076.5
9,0.0118613,0.852088,39074.1,0,39074.1
9,0.0119467,-1.31395,39074.9,0,39074.9
9,0.012032,1.21527,39075.7,0,39075.7
9,0.0121173,2.07996,39072.1,0,39072.1
9,0.0122027,0.69271,39068.4,0,39068.4
9,0.012288,-2.68219,39069.7,0,39069.7
9,0.0123733,-7.34103,39079.2,0,39079.2
9,0.0124587,-0.340581,39088.5,0,39088.5
9,0.012544,1.74213,39085.3,0,39085.3
9,0.0126293,1.70581,39082,0,39082
9,0.0127147,1.38284,39079.3,0,39079.3
10,0,-0.0798928,39066.1,0,39066.1
10,8.53333e-05,-0.0842776,39066.3,0,39066.3
10,0.000170667,-0.0890081,39066.4,0,39066.4
10,0.000256,-0.094127,39066.6,0,39066.6
10,0.000341333,-0.0996846,39066.7,0,39066.7
10,0.000426667,-0.105743,39066.9,0,39066.9
10,0.000512,-0.112379,39067.1,0,39067.1
10,0.000597333,-0.119687,39067.3,0,39067.3
10,0.000682667,-0.127787,39067.5,0,39067.5
10,0.000768,-0.136837,39067.7,0,39067.7
10,0.000853333,-0.147045,39068,0,39068
10,0.000938667,-0.158692,39068.2,0,39068.2
10,0.001024,-0.172169,39068.5,0,39068.5
10,0.00110933,-0.188031,39068.8,0,39068.8
10,0.00119467,-0.207086,39069.2,0,39069.2
10,0.00128,-0.230518,39069.5,0,39069.5
10,0.00136533,-0.260047,39069.9,0,39069.9
10,0.00145067,-0.297982,39070.4,0,39070.4
10,0.001536,-0.346411,39071,0,39071
10,0.00162133,-0.402237,39071.6,0,39071.6
10,0.00170667,-0.434529,39072.3,0,39072.3
10,0.001792,-0.306536,39073.1,0,39073.1
10,0.00187733,0.217454,39073.3,0,39073.3
10,0.00196267,0.334465,39072.4,0,39072.4
10,0.002048,0.158269,39072.2,0,39072.2
10,0.00213333,0.339679,39071.6,0,39071.6
10,0.00221867,-0.0999666,39071.3,0,39071.3
10,0.002304,-0.325192,39071.8,0,39071.8
10,0.00238933,-0.392875,39072.5,0,39072.5
10,0.00247467,-0.418065,39073.2,0,39073.2
10,0.00256,-0.419126,39073.9,0,39073.9
10,0.00264533,-0.416915,39074.6,0,39074.6
10,0.00273067,-0.421312,39075.3,0,39075.3
10,0.002816,-0.429376,39076.1,0,39076.1
10,0.00290133,-0.438211,39076.8,0,39076.8
10,0.00298667,-0.450458,39077.5,0,39077.5
10,0.003072,-0.465319,39078.3,0,39078.3
10,0.00315733,-0.464393,39079.1,0,39079.1
10,0.00324267,-0.38448,39079.9,0,39079.9
10,0.003328,-0.0852298,39080.4,0,39080.4
10,0.00341333,0.403825,39080.1,0,39080.1
10,0.00349867,0.304611,39079.2,0,39079.2
10,0.003584,-0.372027,39079.1,0,39079.1
10,0.00366933,-0.886543,39080.5,0,39080.5
10,0.00375467,0.0882187,39082,0,39082
10,0.00384,0.497979,39079.9,0,39079.9
10,0.00392533,-0.152694,39080.3,0,39080.3
10,0.00401067,-0.342016,39080.4,0,39080.4
10,0.004096,-1.06756,39081.7,0,39081.7
10,0.00418133,-0.753083,39083.9,0,39083.9
10,0.00426667,0.225269,39083.5,0,39083.5
10,0.004352,-1.61912,39085.1,0,39085.1
10,0.00443733,11.9121,39082.8,0,39082.8
10,0.00452267,-16.019,39072.9,0,39072.9
10,0.004608,-21.6646,39058.7,0,39058.7
10,0.00469333,2.38585,39042.3,0,39042.3
10,0.00477867,19.2398,39036.5,0,39036.5
10,0.004864,13.3719,39038.5,0,39038.5
10,0.00494933,16.471,39030.5,0,39030.5
10,0.00503467,35.1981,39035.9,0,39036
10,0.00512,15.3324,39034.8,0,39034.8
10,0.00520533,7.97356,39025.4,0,39025.4
10,0.00529067,3.7798,39051.3,0,39051.3
10,0.005376,-6.15739,39050.2,0,39050.2
10,0.00546133,-14.0684,39044.9,0,39044.9
10,0.00554667,-4.80169,39038,0,39038
10,0.005632,-1.67374,39038.3,0,39038.3
10,0.00571733,5.38522,39034.8,0,39034.8
10,0.00580267,-2.63376,39036.9,0,39036.9
10,0.005888,16.4071,39032.5,0,39032.5
10,0.00597333,5.38978,39049,0,39049
10,0.00605867,11.8681,38999.2,0,38999.2
10,0.006144,7.16796,39015.7,0,39015.7
10,0.00622933,1.5116,39009.6,0,39009.6
10,0.00631467,-13.8722,39036.9,0,39036.9
10,0.0064,-5.30027,39007.8,0,39007.8
10,0.00648533,1.11859,39007.2,0,39007.2
10,0.00657067,6.36266,39003.2,0,39003.2
10,0.006656,19.4912,39003.9,0,39003.9
10,0.00674133,5.60384,39010.8,0,39010.8
10,0.00682667,0.605955,39008.6,0,39008.6
10,0.006912,-3.39771,39014.7,0,39014.7
10,0.00699733,-5.3862,38997.4,0,38997.4
10,0.00708267,-3.64654,39007.3,0,39007.3
10,0.007168,-4.84507,39015.1,0,39015.1
10,0.00725333,3.35918,39020.3,0,39020.3
10,0.00733867,23.3088,39034.2,0,39034.2
10,0.007424,2.60976,39032.9,0,39032.9
10,0.00750933,0.143799,39032.8,0,39032.8
10,0.00759467,2.25633,39032.3,0,39032.3
10,0.00768,5.53022,39020.3,0,39020.3
10,0.00776533,2.60724,39063.2,0,39063.2
10,0.00785067,1.49122,39051.8,0,39051.8
10,0.007936,3.67622,39045.7,0,39045.7
10,0.00802133,1.86301,39041.1,0,39041.1
10,0.00810667,-2.4763,39038.6,0,39038.6
10,0.008192,0.898421,39045.2,0,39045.2
10,0.00827733,3.57135,39041.4,0,39041.4
10,0.00836267,25.3652,39038.4,0,39038.4
10,0.008448,3.76218,39055.2,0,39055.2
10,0.00853333,0.150089,39053.3,0,39053.3
10,0.00861867,-2.38793,39057.2,0,39057.2
10,0.008704,0.518283,39058.2,0,39058.2
10,0.00878933,-0.105613,39056.5,0,39056.5
10,0.00887467,-1.60214,39059.4,0,39059.4
10,0.00896,-0.557219,39060.7,0,39060.7
10,0.00904533,-0.452521,39061.8,0,39061.8
10,0.00913067,0.00650949,39062,0,39062
10,0.009216,-0.39833,39062.1,0,39062.1
10,0.00930133,-0.788214,39063,0,39063
10,0.00938667,-0.498588,39065.1,0,39065.1
10,0.009472,0.282382,39064.4,0,39064.4
10,0.00955733,-1.68676,39065.1,0,39065.1
10,0.00964267,-1.08988,39066.8,0,39066.8
10,0.009728,-1.39831,39074.4,0,39074.4
10,0.00981333,0.880619,39072.1,0,39072.1
10,0.00989867,0.257664,39070.9,0,39070.9
10,0.009984,-0.186906,39070.9,0,39070.9
10,0.0100693,-0.609047,39071.7,0,39071.7
10,0.0101547,-0.363811,39072.9,0,39072.9
10,0.01024,0.448281,39072.8,0,39072.8
10,0.0103253,0.745915,39071.5,0,39071.5
10,0.0104107,0.339269,39070.3,0,39070.3
10,0.010496,-0.190214,39070.6,0,39070.6
10,0.0105813,1.29509,39070.2,0,39070.2
10,0.0106667,-15.366,39100.1,0,39100.1
10,0.010752,4.06818,39080.1,0,39080.1
10,0.0108373,3.23087,39073.3,0,39073.3
10,0.0109227,0.500844,39069,0,39069
10,0.011008,0.0190963,39071.4,0,39071.4
10,0.0110933,0.375107,39071.5,0,39071.5
10,0.0111787,7.61728,39064.5,0,39064.5
10,0.011264,10.6594,39083.8,0,39083.8
10,0.0113493,0.18882,39076.4,0,39076.4
10,0.0114347,5.33786,39073.7,0,39073.7
10,0.01152,26.6528,39077.4,0,39077.4
10,0.0116053,4.40037,39087.3,0,39087.3
10,0.0116907,2.61613,39082.5,0,39082.5
10,0.011776,2.05639,39078.7,0,39078.7
10,0.0118613,1.54142,39075.2,0,39075.2
10,0.0119467,-4.07798,39076.4,0,39076.4
10,0.012032,1.80322,39079,0,39079
10,0.0121173,2.37374,39074.3,0,39074.3
10,0.0122027,0.841673,39070.4,0,39070.4
10,0.012288,-2.20143,39071.2,0,39071.2
10,0.0123733,-6.53232,39081.1,0,39081.1
10,0.0124587,-0.860313,39089.2,0,39089.2
10,0.012544,1.6539,39086.7,0,39086.7
10,0.0126293,1.73338,39083.4,0,39083.4
10,0.0127147,1.41386,39080.6,0,39080.6
11,0,-0.182133,39069.8,0,39069.8
11,8.53333e-05,-0.192644,39070.2,0,39070.2
11,0.000170667,-0.20331,39070.5,0,39070.5
11,0.000256,-0.213522,39070.8,0,39070.8
11,0.000341333,-0.222138,39071.2,0,39071.2
11,0.000426667,-0.227185,39071.6,0,39071.6
11,0.000512,-0.225651,39072,0,39072
11,0.000597333,-0.213811,39072.4,0,39072.4
11,0.000682667,-0.18899,39072.7,0,39072.7
11,0.000768,-0.153104,39073,0,39073
11,0.000853333,-0.115298,39073.2,0,39073.2
11,0.000938667,-0.0884157,39073.4,0,39073.4
11,0.001024,-0.0785813,39073.5,0,39073.5
11,0.00110933,-0.0753177,39073.7,0,39073.7
11,0.00119467,-0.0533946,39073.8,0,39073.8
11,0.00128,0.0147123,39073.9,0,39073.9
11,0.00136533,0.145522,39073.7,0,39073.7
11,0.00145067,0.246941,39073.3,0,39073.3
11,0.001536,-0.980557,39072.6,0,39072.6
11,0.00162133,-2.74653,39079.4,0,39079.4
11,0.00170667,-0.322485,39080.2,0,39080.2
11,0.001792,-0.781087,39080.8,0,39080.8
11,0.00187733,-1.21694,39082.5,0,39082.5
11,0.00196267,-2.34448,39085,0,39085
11,0.002048,-9.77551,39094.7,0,39094.7
11,0.00213333,-5.90414,39072,0,39072
11,0.00221867,-1.97783,39078,0,39078
11,0.002304,-1.00286,39080.1,0,39080.1
11,0.00238933,-0.724135,39081.4,0,39081.4
11,0.00247467,-0.713049,39082.6,0,39082.6
11,0.00256,-0.12177,39083.7,0,39083.7
11,0.00264533,0.707316,39082.7,0,39082.7
11,0.00273067,0.0411557,39081.9,0,39081.9
11,0.002816,-0.322756,39082.3,0,39082.3
11,0.00290133,-0.569689,39083,0,39083
11,0.00298667,-0.868863,39084.2,0,39084.2
11,0.003072,-1.27353,39085.9,0,39085.9
11,0.00315733,-2.17524,39088.4,0,39088.4
11,0.00324267,-5.48699,39091.8,0,39091.8
11,0.003328,-14.3153,39090.8,0,39090.8
11,0.00341333,-7.44083,39083.5,0,39083.5
11,0.00349867,1.89557,39083.4,0,39083.4
11,0.003584,6.56249,39083.4,0,39083.4
11,0.00366933,-2.9314,39060.1,0,39060.1
11,0.00375467,-3.50806,39065.3,0,39065.3
11,0.00384,-11.8849,39067.2,0,39067.2
11,0.00392533,-6.21433,39049.9,0,39049.9
11,0.00401067,7.73489,39052.9,0,39052.9
11,0.004096,11.4819,39064.7,0,39064.7
11,0.00418133,7.45401,39063.2,0,39063.2
11,0.00426667,8.30439,39049.5,0,39049.5
11,0.004352,5.55842,39039.5,0,39039.5
11,0.00443733,4.42151,39029.6,0,39029.6
11,0.00452267,1.53778,39023.4,0,39023.4
11,0.004608,-4.42157,39036.8,0,39036.8
11,0.00469333,4.59498,39035.7,0,39035.7
11,0.00477867,16.8402,39023,0,39023.1
11,0.004864,-4.81909,39008.6,0,39008.6
11,0.00494933,1.51074,39003.4,0,39003.4
11,0.00503467,43.2491,39021.1,0,39021.1
11,0.00512,15.6635,39012,0,39012
11,0.00520533,7.85601,38996.5,0,38996.5
11,0.00529067,4.5954,39017.2,0,39017.2
11,0.005376,0.414905,39012.1,0,39012.1
11,0.00546133,-0.302069,39012.6,0,39012.6
11,0.00554667,1.35205,39013.9,0,39013.9
11,0.005632,4.96711,39001.3,0,39001.3
11,0.00571733,1.35834,38996.5,0,38996.5
11,0.00580267,-11.9145,38992.6,0,38992.6
11,0.005888,-7.2688,38981.7,0,38981.7
11,0.00597333,2.54045,38979.4,0,38979.4
11,0.00605867,12.1019,38982.4,0,38982.4
11,0.006144,6.80758,38995,0,38995
11,0.00622933,11.7187,38991.2,0,38991.2
11,0.00631467,15.3583,39012.6,0,39012.6
11,0.0064,5.12625,39003.6,0,39003.6
11,0.00648533,4.03591,38998.3,0,38998.3
11,0.00657067,6.55473,38989.8,0,38989.8
11,0.006656,-4.66972,38942.8,0,38942.8
11,0.00674133,-17.0062,39024.3,0,39024.3
11,0.00682667,5.83739,39023.2,0,39023.2
11,0.006912,2.39971,39014.8,0,39014.8
11,0.00699733,-0.837552,39014.7,0,39014.7
11,0.00708267,-3.52636,39017.3,0,39017.3
11,0.007168,-4.78192,39028,0,39028
11,0.00725333,0.486426,39032.2,0,39032.2
11,0.00733867,4.15054,39024,0,39024
11,0.007424,2.84379,39046.4,0,39046.4
11,0.00750933,0.105316,39042.4,0,39042.4
11,0.00759467,2.255,39042.5,0,39042.5
11,0.00768,11.0304,39030.8,0,39030.8
11,0.00776533,15.0409,39076.5,0,39076.5
11,0.00785067,2.57452,39061,0,39061
11,0.007936,2.0876,39058.3,0,39058.3
11,0.00802133,2.27594,39054.2,0,39054.2
11,0.00810667,-4.07968,39048.1,0,39048.1
11,0.008192,2.23,39061,0,39061
11,0.00827733,5.16415,39055.2,0,39055.2
11,0.00836267,19.555,39056,0,39056.1
11,0.008448,5.08321,39067.2,0,39067.2
11,0.00853333,0.716407,39065.2,0,39065.2
11,0.00861867,-2.51555,39069.2,0,39069.2
11,0.008704,1.23869,39069.1,0,39069.1
11,0.00878933,0.44033,39066.1,0,39066.1
11,0.00887467,-1.78244,39069.2,0,39069.2
11,0.00896,-0.767895,39070.4,0,39070.4
11,0.00904533,-0.182224,39071.9,0,39071.9
11,0.00913067,0.524588,39071.1,0,39071.1
11,0.009216,0.165021,39070.3,0,39070.3
11,0.00930133,-0.72058,39070.3,0,39070.3
11,0.00938667,-0.651071,39073.3,0,39073.3
11,0.009472,0.498719,39072.3,0,39072.3
11,0.00955733,-0.777118,39072.3,0,39072.3
11,0.00964267,-0.780632,39073.2,0,39073.2
11,0.009728,-1.77019,39078.4,0,39078.4
11,0.00981333,0.527322,39077.6,0,39077.6
11,0.00989867,0.17562,39076.8,0,39076.8
11,0.009984,-0.0691356,39076.8,0,39076.8
11,0.0100693,-0.28928,39077.1,0,39077.1
11,0.0101547,-0.203405,39077.8,0,39077.8
11,0.01024,0.370113,39077.7,0,39077.7
11,0.0103253,0.665732,39076.6,0,39076.6
11,0.0104107,0.375461,39075.5,0,39075.5
11,0.010496,0.0314007,39075.4,0,39075.4
11,0.0105813,0.707756,39074.6,0,39074.6
11,0.0106667,-14.1049,39084.6,0,39084.6
11,0.010752,3.05587,39082.8,0,39082.8
11,0.0108373,2.83358,39076.7,0,39076.7
11,0.0109227,0.830105,39072.9,0,39072.9
11,0.011008,0.41321,39073.4,0,39073.4
11,0.0110933,-0.825471,39074.6,0,39074.6
11,0.0111787,4.66115,39068.2,0,39068.2
11,0.011264,3.63124,39084.9,0,39084.9
11,0.0113493,-1.70118,39075.7,0,39075.7
11,0.0114347,3.78221,39077.8,0,39077.8
11,0.01152,30.0134,39058.2,0,39058.2
11,0.0116053,3.47491,39089.6,0,39089.6
11,0.0116907,2.40372,39084.8,0,39084.8
11,0.011776,1.87251,39081.2,0,39081.2
11,0.0118613,1.15377,39078.1,0,39078.1
11,0.0119467,-1.79306,39078.9,0,39078.9
11,0.012032,1.42971,39080.1,0,39080.1
11,0.0121173,2.27082,39076,0,39076
11,0.0122027,0.890153,39072,0,39072
11,0.012288,-2.3519,39072.9,0,39072.9
11,0.0123733,-6.81431,39083.4,0,39083.4
11,0.0124587,-0.475142,39091.2,0,39091.2
11,0.012544,1.71128,39088.3,0,39088.3
11,0.0126293,1.74005,39085,0,39085
11,0.0127147,1.43206,39082.3,0,39082.3
12,0,-0.369317,39076.8,0,39076.8
12,8.53333e-05,-0.394786,39077.4,0,39077.4
12,0.000170667,-0.423326,39078.1,0,39078.1
12,0.000256,-0.452152,39078.9,0,39078.9
12,0.000341333,-0.467855,39079.7,0,39079.7
12,0.000426667,-0.4237,39080.5,0,39080.5
12,0.000512,-0.216234,39081.1,0,39081.1
12,0.000597333,0.0549167,39081.2,0,39081.2
12,0.000682667,-0.187509,39081.1,0,39081.1
12,0.000768,-0.538892,39081.8,0,39081.8
12,0.000853333,-0.628712,39082.9,0,39082.9
12,0.000938667,-0.560652,39083.9,0,39083.9
12,0.001024,-0.405509,39084.8,0,39084.8
12,0.00110933,-0.220961,39085.3,0,39085.3
12,0.00119467,-0.0833679,39085.5,0,39085.5
12,0.00128,-0.0488881,39085.6,0,39085.6
12,0.00136533,-0.197492,39085.7,0,39085.7
12,0.00145067,-0.336439,39086.1,0,39086.1
12,0.001536,-1.42725,39086.8,0,39086.8
12,0.00162133,-2.37965,39092,0,39092
12,0.00170667,-0.617583,39094,0,39094
12,0.001792,-0.140559,39094.7,0,39094.7
12,0.00187733,0.666454,39093.7,0,39093.7
12,0.00196267,-0.393637,39093.5,0,39093.5
12,0.002048,0.39097,39094.6,0,39094.6
12,0.00213333,2.66366,39090.8,0,39090.8
12,0.00221867,-0.432098,39088.1,0,39088.1
12,0.002304,-2.22475,39091,0,39091
12,0.00238933,-2.74324,39096.3,0,39096.3
12,0.00247467,-6.75577,39096.2,0,39096.2
12,0.00256,-5.67153,39062.4,0,39062.4
12,0.00264533,-13.1959,39073.1,0,39073.1
12,0.00273067,-18.6515,39068.4,0,39068.4
12,0.002816,-0.925147,39067.4,0,39067.4
12,0.00290133,2.84756,39065.1,0,39065.1
12,0.00298667,9.42389,39056.4,0,39056.4
12,0.003072,7.59397,39080.4,0,39080.4
12,0.00315733,-21.883,39097.8,0,39097.9
12,0.00324267,-0.266132,39070.2,0,39070.2
12,0.003328,-2.33647,39068.2,0,39068.2
12,0.00341333,-5.61446,39080.2,0,39080.2
12,0.00349867,-1.85911,39031.7,0,39031.7
12,0.003584,11.7902,39028.5,0,39028.5
12,0.00366933,14.4643,39041.2,0,39041.2
12,0.00375467,-0.100393,39037.7,0,39037.7
12,0.00384,-4.61537,39011.8,0,39011.8
12,0.00392533,15.8225,38991.2,0,38991.2
12,0.00401067,7.60471,39034.1,0,39034.1
12,0.004096,6.24507,39040,0,39040
12,0.00418133,-2.91931,39014.5,0,39014.5
12,0.00426667,1.27257,39012.8,0,39012.8
12,0.004352,3.00256,39011.7,0,39011.7
12,0.00443733,21.6173,38992.2,0,38992.2
12,0.00452267,18.9185,38957.8,0,38957.8
12,0.004608,4.35515,38988.1,0,38988.1
12,0.00469333,2.44404,38976,0,38976
12,0.00477867,21.2494,38978.7,0,38978.7
12,0.004864,11.1278,38988.4,0,38988.4
12,0.00494933,18.9215,38976.6,0,38976.6
12,0.00503467,33.6729,38980.8,0,38980.8
12,0.00512,16.4737,38981.5,0,38981.5
12,0.00520533,13.5445,38969,0,38969
12,0.00529067,10.0456,38986.9,0,38986.9
12,0.005376,4.72365,38980.4,0,38980.4
12,0.00546133,-10.3813,38972.6,0,38972.6
12,0.00554667,2.7048,38979.4,0,38979.4
12,0.005632,1.20291,38975.4,0,38975.4
12,0.00571733,-0.0339973,38974.4,0,38974.4
12,0.00580267,-1.28938,38975.5,0,38975.5
12,0.005888,-2.04641,38980.8,0,38980.8
12,0.00597333,4.54907,38980.7,0,38980.7
12,0.00605867,10.8909,38981.9,0,38981.9
12,0.006144,4.5455,39002.6,0,39002.6
12,0.00622933,8.98732,38998.2,0,38998.2
12,0.00631467,16.8822,39016.5,0,39016.5
12,0.0064,0.498341,39009.9,0,39009.9
12,0.00648533,-0.268883,39009.7,0,39009.7
12,0.00657067,-8.09545,38991.4,0,38991.4
12,0.006656,10.5045,38953.2,0,38953.2
12,0.00674133,-14.9139,39026.3,0,39026.3
12,0.00682667,5.07315,39030.9,0,39030.9
12,0.006912,1.32918,39025.5,0,39025.5
12,0.00699733,-0.510573,39025.9,0,39025.9
12,0.00708267,-2.28582,39026.9,0,39026.9
12,0.007168,-6.3776,39036.7,0,39036.7
12,0.00725333,5.37681,39044.2,0,39044.2
12,0.00733867,23.603,39044.1,0,39044.1
12,0.007424,7.47564,39068,0,39068
12,0.00750933,1.93486,39059.3,0,39059.3
12,0.00759467,2.44036,39057.7,0,39057.7
12,0.00768,8.53576,39046.5,0,39046.5
12,0.00776533,10.5863,39093.7,0,39093.7
12,0.00785067,1.86968,39078.8,0,39078.8
12,0.007936,2.15307,39076.2,0,39076.2
12,0.00802133,2.34179,39071.8,0,39071.8
12,0.00810667,-3.07962,39067.6,0,39067.6
12,0.008192,2.00771,39076,0,39076
12,0.00827733,5.04026,39070,0,39070
12,0.00836267,22.8533,39068.4,0,39068.4
12,0.008448,4.9917,39080.6,0,39080.6
12,0.00853333,0.874114,39077.9,0,39077.9
12,0.00861867,-1.16237,39079.8,0,39079.8
12,0.008704,0.985966,39079.7,0,39079.7
12,0.00878933,0.448345,39077.4,0,39077.4
12,0.00887467,-0.736284,39078.7,0,39078.7
12,0.00896,-0.0754654,39079.1,0,39079.1
12,0.00904533,-0.0618773,39079.4,0,39079.4
12,0.00913067,0.322986,39078.9,0,39078.9
12,0.009216,-0.303374,39078.7,0,39078.7
12,0.00930133,-0.50731,39079.6,0,39079.6
12,0.00938667,0.0231697,39080.7,0,39080.7
12,0.009472,0.812415,39079.2,0,39079.2
12,0.00955733,-0.756007,39078.7,0,39078.7
12,0.00964267,-0.498131,39079.5,0,39079.5
12,0.009728,-1.72833,39085.7,0,39085.7
12,0.00981333,1.15707,39083.5,0,39083.5
12,0.00989867,0.47426,39081.8,0,39081.8
12,0.009984,-0.00608932,39081.5,0,39081.5
12,0.0100693,-0.451428,39081.9,0,39081.9
12,0.0101547,-0.277159,39083,0,39083
12,0.01024,0.571321,39082.8,0,39082.8
12,0.0103253,0.930751,39081.2,0,39081.2
12,0.0104107,0.563933,39079.6,0,39079.6
12,0.010496,0.263375,39079.5,0,39079.5
12,0.0105813,2.00867,39078.1,0,39078.1
12,0.0106667,28.6661,39107.2,0,39107.2
12,0.010752,4.49358,39088.4,0,39088.4
12,0.0108373,3.52174,39081.3,0,39081.3
12,0.0109227,1.43799,39076.1,0,39076.1
12,0.011008,0.692001,39076.2,0,39076.2
12,0.0110933,-1.72658,39078.3,0,39078.3
12,0.0111787,6.88481,39072,0,39072
12,0.011264,11.1018,39092.2,0,39092.2
12,0.0113493,-1.07259,39079.7,0,39079.7
12,0.0114347,5.95357,39081.2,0,39081.2
12,0.01152,23.7702,39080.9,0,39080.9
12,0.0116053,4.58314,39091.2,0,39091.2
12,0.0116907,2.50008,39087.4,0,39087.4
12,0.011776,2.04226,39083.7,0,39083.7
12,0.0118613,1.42553,39080.2,0,39080.2
12,0.0119467,-2.85188,39081.2,0,39081.2
12,0.012032,1.75848,39083,0,39083
12,0.0121173,2.60195,39078.3,0,39078.3
12,0.0122027,0.953703,39073.4,0,39073.4
12,0.012288,-2.74387,39075.5,0,39075.5
12,0.0123733,-5.4902,39087.2,0,39087.2
12,0.0124587,-0.40829,39092.4,0,39092.4
12,0.012544,1.66363,39089.9,0,39089.9
12,0.0126293,1.72679,39086.6,0,39086.6
12,0.0127147,1.43594,39083.9,0,39083.9
13,0,-0.768329,39090.9,0,39090.9
13,8.53333e-05,-0.823211,39092.3,0,39092.3
13,0.000170667,-0.934895,39093.8,0,39093.8
13,0.000256,-1.17139,39095.5,0,39095.5
13,0.000341333,-1.57693,39097.9,0,39097.9
13,0.000426667,-0.466867,39102.3,0,39102.3
13,0.000512,1.19229,39090.3,0,39090.3
13,0.000597333,-1.81867,39095.2,0,39095.2
13,0.000682667,-1.82791,39098.4,0,39098.4
13,0.000768,-1.92994,39101.6,0,39101.6
13,0.000853333,-2.0479,39105,0,39105
13,0.000938667,-2.08418,39108.6,0,39108.6
13,0.001024,-0.231499,39114,0,39114
13,0.00110933,2.4555,39098.5,0,39098.5
13,0.00119467,-10.3674,39095.2,0,39095.2
13,0.00128,-12.2977,39082.6,0,39082.6
13,0.00136533,-4.23953,39090.2,0,39090.2
13,0.00145067,-1.00198,39093.6,0,39093.6
13,0.001536,-0.86461,39094,0,39094
13,0.00162133,-1.33501,39096.2,0,39096.2
13,0.00170667,-1.30297,39098.3,0,39098.3
13,0.001792,-1.72845,39101.6,0,39101.6
13,0.00187733,32.2177,39094.4,0,39094.4
13,0.00196267,2.88737,39082.9,0,39082.9
13,0.002048,4.02426,39076,0,39076
13,0.00213333,-0.884669,39072,0,39072
13,0.00221867,-1.37468,39079.5,0,39079.5
13,0.002304,4.36329,39087.2,0,39087.2
13,0.00238933,42.1099,39106,0,39106
13,0.00247467,5.66904,39024.5,0,39024.5
13,0.00256,10.4857,39044.6,0,39044.7
13,0.00264533,15.7305,39056.8,0,39056.8
13,0.00273067,4.15117,39046.8,0,39046.8
13,0.002816,12.2777,39034.8,0,39034.9
13,0.00290133,0.94041,39018.1,0,39018.1
13,0.00298667,-47.0893,39008.8,0,39008.8
13,0.003072,10.6523,39053.7,0,39053.7
13,0.00315733,9.00595,39008.7,0,39008.7
13,0.00324267,-0.144366,39012.3,0,39012.3
13,0.003328,2.79192,39003.1,0,39003.1
13,0.00341333,-1.64236,39003.3,0,39003.3
13,0.00349867,-6.50052,39008.3,0,39008.3
13,0.003584,-13.095,39015.7,0,39015.7
13,0.00366933,-25.1038,38966.1,0,38966.1
13,0.00375467,-17.6486,39008.1,0,39008.1
13,0.00384,-5.65966,38974.6,0,38974.6
13,0.00392533,2.4364,38975.7,0,38975.7
13,0.00401067,9.47463,38979.2,0,38979.2
13,0.004096,13.1706,38986,0,38986
13,0.00418133,-4.09339,38981.1,0,38981.1
13,0.00426667,-20.9251,38982.9,0,38982.9
13,0.004352,-31.1082,38965.1,0,38965.1
13,0.00443733,-25.5487,38896.5,0,38896.5
13,0.00452267,-10.9729,38913.6,0,38913.6
13,0.004608,-13.9812,38946.1,0,38946.1
13,0.00469333,0.452345,38952.7,0,38952.7
13,0.00477867,19.4991,38949.7,0,38949.7
13,0.004864,12.7622,38961.4,0,38961.4
13,0.00494933,16.6885,38949,0,38949
13,0.00503467,30.7416,38914.5,0,38914.5
13,0.00512,24.6731,38932.6,0,38932.6
13,0.00520533,-19.7136,38913.8,0,38913.8
13,0.00529067,7.55428,38965.3,0,38965.3
13,0.005376,1.1434,38957.9,0,38957.9
13,0.00546133,-12.9653,38960.9,0,38960.9
13,0.00554667,2.96344,38967.2,0,38967.2
13,0.005632,-3.34986,38963.1,0,38963.1
13,0.00571733,-3.34595,38976.6,0,38976.6
13,0.00580267,-2.64591,38979.8,0,38979.8
13,0.005888,-1.47041,38986.2,0,38986.2
13,0.00597333,8.08475,38979.3,0,38979.3
13,0.00605867,15.1194,38999.1,0,38999.1
13,0.006144,7.3375,39010.5,0,39010.5
13,0.00622933,10.6951,39005.9,0,39005.9
13,0.00631467,20.3812,39051,0,39051
13,0.0064,-2.87439,39019.1,0,39019.1
13,0.00648533,1.65272,39019.6,0,39019.6
13,0.00657067,6.34163,39013.3,0,39013.3
13,0.006656,25.1605,38957.3,0,38957.4
13,0.00674133,-8.50748,39038.6,0,39038.6
13,0.00682667,5.76542,39057.2,0,39057.2
13,0.006912,3.06255,39049.1,0,39049.1
13,0.00699733,-0.163149,39046.6,0,39046.6
13,0.00708267,-3.29147,39049.7,0,39049.7
13,0.007168,-2.8197,39058.9,0,39058.9
13,0.00725333,7.13297,39059.2,0,39059.2
13,0.00733867,46.5277,39063.6,0,39063.7
13,0.007424,9.44059,39082.2,0,39082.2
13,0.00750933,1.89319,39078.1,0,39078.1
13,0.00759467,2.28196,39076.9,0,39076.9
13,0.00768,6.56279,39065.3,0,39065.3
13,0.00776533,5.92887,39109.4,0,39109.4
13,0.00785067,1.69674,39095.1,0,39095.1
13,0.007936,2.42936,39092.2,0,39092.2
13,0.00802133,2.62813,39087.2,0,39087.2
13,0.00810667,-2.41386,39082.8,0,39082.8
13,0.008192,2.04553,39090.3,0,39090.3
13,0.00827733,5.12671,39084.1,0,39084.1
13,0.00836267,24.1368,39081.3,0,39081.3
13,0.008448,5.35315,39093.5,0,39093.5
13,0.00853333,1.26139,39089.7,0,39089.7
13,0.00861867,-1.59734,39092,0,39092
13,0.008704,1.43205,39091.6,0,39091.6
13,0.00878933,1.02477,39088.4,0,39088.4
13,0.00887467,-0.736107,39088.8,0,39088.8
13,0.00896,0.0950798,39089.4,0,39089.4
13,0.00904533,0.250738,39089.2,0,39089.2
13,0.00913067,0.67311,39088.2,0,39088.2
13,0.009216,0.228727,39087.2,0,39087.2
13,0.00930133,-0.286776,39087.2,0,39087.2
13,0.00938667,0.0253691,39088.5,0,39088.5
13,0.009472,0.903925,39086.8,0,39086.8
13,0.00955733,-0.75477,39086.1,0,39086.1
13,0.00964267,-0.240598,39086.8,0,39086.8
13,0.009728,-1.64673,39093.4,0,39093.4
13,0.00981333,1.4545,39090.4,0,39090.4
13,0.00989867,0.757969,39088.2,0,39088.2
13,0.009984,0.234991,39087.5,0,39087.5
13,0.0100693,-0.323674,39087.5,0,39087.5
13,0.0101547,-0.227643,39088.6,0,39088.6
13,0.01024,0.693941,39088.2,0,39088.2
13,0.0103253,1.07736,39086.3,0,39086.3
13,0.0104107,0.71651,39084.5,0,39084.5
13,0.010496,0.339276,39084,0,39084
13,0.0105813,1.52067,39082.7,0,39082.7
13,0.0106667,-15.0613,39112,0,39112
13,0.010752,4.17447,39092.1,0,39092.1
13,0.0108373,3.46211,39084.8,0,39084.8
13,0.0109227,0.791986,39080.1,0,39080.1
13,0.011008,0.301787,39081.8,0,39081.8
13,0.0110933,-0.114769,39082.2,0,39082.2
13,0.0111787,6.39144,39075.4,0,39075.4
13,0.011264,9.54678,39096.3,0,39096.3
13,0.0113493,0.0958694,39083.8,0,39083.8
13,0.0114347,4.94245,39083.2,0,39083.2
13,0.01152,25.1886,39079.8,0,39079.8
13,0.0116053,4.81077,39095.9,0,39095.9
13,0.0116907,2.85472,39090.7,0,39090.7
13,0.011776,2.26156,39086.5,0,39086.5
13,0.0118613,1.72895,39082.7,0,39082.7
13,0.0119467,-3.37541,39082.7,0,39082.7
13,0.012032,1.78516,39085.8,0,39085.8
13,0.0121173,2.58943,39081,0,39081
13,0.0122027,1.19153,39076.3,0,39076.3
13,0.012288,-2.42026,39077.2,0,39077.2
13,0.0123733,-6.49408,39087.6,0,39087.6
13,0.0124587,-0.649363,39095.3,0,39095.3
13,0.012544,1.76631,39092.5,0,39092.5
13,0.0126293,1.83787,39089,0,39089
13,0.0127147,1.51836,39086.1,0,39086.1
14,0,-4.5269,39127.6,0,39127.6
14,8.53333e-05,-7.19076,39135.3,0,39135.3
14,0.000170667,-7.53433,39117.3,0,39117.3
14,0.000256,-4.15841,39099.3,0,39099.3
14,0.000341333,-3.21245,39109.6,0,39109.6
14,0.000426667,-1.72513,39112.1,0,39112.1
14,0.000512,-1.85289,39116.6,0,39116.6
14,0.000597333,-0.676608,39118.2,0,39118.2
14,0.000682667,-0.340514,39118.9,0,39118.9
14,0.000768,-0.897779,39119.4,0,39119.4
14,0.000853333,-2.26645,39122,0,39122
14,0.000938667,-3.95398,39127,0,39127
14,0.001024,-18.252,39138,0,39138
14,0.00110933,0.607239,39110.6,0,39110.6
14,0.00119467,0.523766,39109.1,0,39109.1
14,0.00128,1.03637,39070.7,0,39070.7
14,0.00136533,3.93375,39109.7,0,39109.7
14,0.00145067,-2.499,39083.4,0,39083.4
14,0.001536,-72.9779,39144.6,0,39144.7
14,0.00162133,-20.4717,39050.5,0,39050.5
14,0.00170667,-6.9471,39065.6,0,39065.6
14,0.001792,-23.018,39024.6,0,39024.6
14,0.00187733,-19.5884,39031.6,0,39031.6
14,0.00196267,-94.3082,38997.1,0,38997.2
14,0.002048,-0.440381,38997.8,0,38997.8
14,0.00213333,9.45656,39020.2,0,39020.2
14,0.00221867,2.67672,38996.3,0,38996.3
14,0.002304,-14.068,38980.4,0,38980.4
14,0.00238933,-46.4545,38972.8,0,38972.8
14,0.00247467,-97.9752,38912.5,0,38912.7
14,0.00256,8.08956,38958.6,0,38958.6
14,0.00264533,20.3592,38967.8,0,38967.8
14,0.00273067,14.4442,38993.3,0,38993.3
14,0.002816,8.65562,38991.1,0,38991.1
14,0.00290133,-3.93462,38954.6,0,38954.6
14,0.00298667,-17.7235,38979.5,0,38979.5
14,0.003072,-17.4695,39010,0,39010
14,0.00315733,3.93627,38952.6,0,38952.6
14,0.00324267,-17.684,38954.9,0,38954.9
14,0.003328,-8.62192,38955.1,0,38955.1
14,0.00341333,6.43669,38930.6,0,38930.6
14,0.00349867,13.4803,38935.5,0,38935.5
14,0.003584,4.90606,38933.1,0,38933.1
14,0.00366933,-1.08434,38926.6,0,38926.6
14,0.00375467,-12.9741,38924.9,0,38924.9
14,0.00384,-14.4064,38919.8,0,38919.8
14,0.00392533,-4.28662,38879.2,0,38879.2
14,0.00401067,6.22103,38884.1,0,38884.1
14,0.004096,9.13812,38904.8,0,38904.8
14,0.00418133,-1.91757,38893.7,0,38893.7
14,0.00426667,-40.6979,38945,0,38945
14,0.004352,-12.704,38888.8,0,38888.8
14,0.00443733,-0.0368458,38892.7,0,38892.7
14,0.00452267,10.0309,38883.3,0,38883.3
14,0.004608,-5.43681,38915,0,38915
14,0.00469333,1.47803,38930.8,0,38930.8
14,0.00477867,15.6454,38928.9,0,38928.9
14,0.004864,8.17075,38937.2,0,38937.2
14,0.00494933,8.35846,38936.7,0,38936.7
14,0.00503467,15.6393,38937.2,0,38937.2
14,0.00512,5.95139,38944.5,0,38944.5
14,0.00520533,14.7731,38948.1,0,38948.1
14,0.00529067,-11.073,39006.4,0,39006.4
14,0.005376,1.10018,38967.6,0,38967.6
14,0.00546133,-42.7709,38936.7,0,38936.7
14,0.00554667,-1.42812,38977.8,0,38977.8
14,0.005632,49.3839,38968.3,0,38968.3
14,0.00571733,5.89046,39009.9,0,39009.9
14,0.00580267,-0.867983,39007.7,0,39007.7
14,0.005888,-4.92859,39017,0,39017
14,0.00597333,3.74892,39019.5,0,39019.5
14,0.00605867,12.1402,39019.2,0,39019.2
14,0.006144,2.18706,39032.8,0,39032.8
14,0.00622933,8.21059,39037.4,0,39037.4
14,0.00631467,10.0459,39099.1,0,39099.1
14,0.0064,2.52882,39060.1,0,39060.1
14,0.00648533,4.83805,39055.8,0,39055.8
14,0.00657067,11.1557,39046.2,0,39046.2
14,0.006656,38.5777,39010.5,0,39010.5
14,0.00674133,-2.16991,39066,0,39066
14,0.00682667,8.539,39082.7,0,39082.7
14,0.006912,3.06681,39073.2,0,39073.2
14,0.00699733,-0.0514781,39072,0,39072
14,0.00708267,-1.62305,39072.9,0,39072.9
14,0.007168,-7.27961,39080.1,0,39080.1
14,0.00725333,5.7594,39091.8,0,39091.8
14,0.00733867,51.8241,39091.9,0,39091.9
14,0.007424,10.5494,39109.4,0,39109.4
14,0.00750933,3.2442,39102.2,0,39102.2
14,0.00759467,2.53156,39099.2,0,39099.2
14,0.00768,3.12336,39089.5,0,39089.5
14,0.00776533,-1.8355,39125.2,0,39125.2
14,0.00785067,1.09049,39114.6,0,39114.6
14,0.007936,2.6727,39111.4,0,39111.4
14,0.00802133,2.90059,39106,0,39106
14,0.00810667,0.457989,39101,0,39101
14,0.008192,1.07807,39105.7,0,39105.7
14,0.00827733,4.6003,39099.8,0,39099.8
14,0.00836267,18.0698,39088.5,0,39088.6
14,0.008448,6.03602,39108,0,39108
14,0.00853333,1.32794,39103.9,0,39103.9
14,0.00861867,-0.268601,39104.3,0,39104.3
14,0.008704,1.35786,39103.4,0,39103.4
14,0.00878933,1.20014,39100.5,0,39100.5
14,0.00887467,0.145475,39099.6,0,39099.6
14,0.00896,0.097827,39099.4,0,39099.4
14,0.00904533,0.176657,39099.6,0,39099.6
14,0.00913067,0.983901,39098.3,0,39098.3
14,0.009216,0.147334,39096.8,0,39096.8
14,0.00930133,0.0592994,39097.4,0,39097.4
14,0.00938667,0.699003,39096.9,0,39096.9
14,0.009472,1.09331,39094.9,0,39094.9
14,0.00955733,-0.519523,39093.5,0,39093.5
14,0.00964267,0.476823,39094.3,0,39094.3
14,0.009728,-2.76082,39103.2,0,39103.2
14,0.00981333,1.86883,39098.3,0,39098.3
14,0.00989867,0.891904,39095.8,0,39095.8
14,0.009984,0.45793,39094.9,0,39094.9
14,0.0100693,0.19105,39094.3,0,39094.3
14,0.0101547,0.27789,39094.2,0,39094.2
14,0.01024,0.944901,39093.2,0,39093.2
14,0.0103253,1.21967,39091.1,0,39091.1
14,0.0104107,0.663907,39089.1,0,39089.1
14,0.010496,0.217005,39089.3,0,39089.3
14,0.0105813,2.98335,39088,0,39088
14,0.0106667,35.9968,39103.2,0,39103.2
14,0.010752,5.69661,39098.8,0,39098.8
14,0.0108373,4.06601,39090.8,0,39090.8
14,0.0109227,1.53198,39084.8,0,39084.8
14,0.011008,0.740192,39086.1,0,39086.1
14,0.0110933,-0.222991,39086.4,0,39086.4
14,0.0111787,8.90878,39080.2,0,39080.2
14,0.011264,16.2961,39095.8,0,39095.8
14,0.0113493,-1.56377,39086.3,0,39086.3
14,0.0114347,6.07218,39089.6,0,39089.6
14,0.01152,16.9272,39084.5,0,39084.5
14,0.0116053,7.11824,39098.3,0,39098.3
14,0.0116907,3.11724,39094.5,0,39094.5
14,0.011776,2.45701,39090.2,0,39090.2
14,0.0118613,2.14506,39085.9,0,39085.9
14,0.0119467,-5.73888,39084.9,0,39084.9
14,0.012032,2.2682,39090.1,0,39090.1
14,0.0121173,2.82787,39084.6,0,39084.6
14,0.0122027,1.63317,39079.3,0,39079.3
14,0.012288,-3.79067,39081.3,0,39081.3
14,0.0123733,-4.49246,39092.4,0,39092.4
14,0.0124587,-0.364132,39096.3,0,39096.3
14,0.012544,1.50374,39094.2,0,39094.2
14,0.0126293,1.68567,39091.1,0,39091.1
14,0.0127147,1.4562,39088.4,0,39088.4
15,0,-3.49031,39149,0,39149
15,8.53333e-05,-4.98573,39155.9,0,39155.9
15,0.000170667,-10.4886,39170.1,0,39170.1
15,0.000256,-7.84236,39152.2,0,39152.2
15,0.000341333,6.72691,39159.3,0,39159.3
15,0.000426667,0.793375,39148.7,0,39148.7
15,0.000512,4.15476,39146.9,0,39146.9
15,0.000597333,13.9134,39126.6,0,39126.6
15,0.000682667,18.145,39094.7,0,39094.7
15,0.000768,-0.98409,39079.6,0,39079.6
15,0.000853333,-21.2095,39099.6,0,39099.6
15,0.000938667,-18.1597,39063.5,0,39063.5
15,0.001024,12.4558,39065.5,0,39065.5
15,0.00110933,1.11412,39063.5,0,39063.5
15,0.00119467,13.791,39064.9,0,39064.9
15,0.00128,-43.3239,39020.7,0,39020.8
15,0.00136533,-29.6321,39021.2,0,39021.2
15,0.00145067,-18.5694,39010.7,0,39010.7
15,0.001536,22.8593,39011.6,0,39011.6
15,0.00162133,32.3043,38957.1,0,38957.1
15,0.00170667,-3.1528,38974.4,0,38974.4
15,0.001792,-11.2585,38980,0,38980
15,0.00187733,-20.6471,38984.6,0,38984.6
15,0.00196267,-8.61623,38951,0,38951
15,0.002048,18.5631,38935.9,0,38935.9
15,0.00213333,43.1343,38904.4,0,38904.4
15,0.00221867,6.07638,38939.9,0,38939.9
15,0.002304,-6.06159,38933.5,0,38933.5
15,0.00238933,9.56571,38892.7,0,38892.7
15,0.00247467,6.77598,38871.6,0,38871.6
15,0.00256,16.3879,38897.7,0,38897.7
15,0.00264533,22.7923,38915.9,0,38915.9
15,0.00273067,-13.2259,38926.3,0,38926.3
15,0.002816,-13.4511,38881.6,0,38881.6
15,0.00290133,6.27524,38863.9,0,38863.9
15,0.00298667,-7.11202,38875.9,0,38875.9
15,0.003072,-25.4769,38894.2,0,38894.2
15,0.00315733,-3.2322,38855,0,38855
15,0.00324267,1.54126,38859.1,0,38859.1
15,0.003328,12.3808,38883.2,0,38883.2
15,0.00341333,121.519,38830,0,38830.1
15,0.00349867,-0.906072,38848.5,0,38848.5
15,0.003584,12.084,38862.5,0,38862.5
15,0.00366933,32.3055,38848.9,0,38849
15,0.00375467,11.1822,38860.1,0,38860.1
15,0.00384,34.7672,38818.3,0,38818.3
15,0.00392533,11.8124,38873.5,0,38873.5
15,0.00401067,14.7511,38895.7,0,38895.7
15,0.004096,18.975,38884,0,38884
15,0.00418133,18.766,38901.4,0,38901.4
15,0.00426667,2.71753,38903.5,0,38903.5
15,0.004352,-19.9774,38909.2,0,38909.2
15,0.00443733,-37.8669,38850.9,0,38850.9
15,0.00452267,-11.0762,38909.7,0,38909.7
15,0.004608,-29.2998,38914.6,0,38914.6
15,0.00469333,-16.5307,38906.9,0,38906.9
15,0.00477867,10.3633,38942.7,0,38942.7
15,0.004864,1.10833,38946.1,0,38946.1
15,0.00494933,12.1284,38935.4,0,38935.4
15,0.00503467,42.2971,38956.7,0,38956.7
15,0.00512,20.5326,38971.4,0,38971.4
15,0.00520533,-0.544226,38998.6,0,38998.6
15,0.00529067,18.8798,39016.3,0,39016.3
15,0.005376,6.68517,39011.1,0,39011.1
15,0.00546133,-35.9882,38994.1,0,38994.1
15,0.00554667,13.5975,39026.7,0,39026.7
15,0.005632,16.4822,39020.5,0,39020.5
15,0.00571733,5.54152,39065.6,0,39065.6
15,0.00580267,2.54848,39052.7,0,39052.7
15,0.005888,-2.84233,39053.4,0,39053.4
15,0.00597333,10.8836,39052.3,0,39052.3
15,0.00605867,19.0127,39068.8,0,39068.8
15,0.006144,6.48042,39070,0,39070
15,0.00622933,10.6063,39079.1,0,39079.1
15,0.00631467,-0.688882,39132.3,0,39132.3
15,0.0064,4.36307,39096.8,0,39096.8
15,0.00648533,5.04914,39089.4,0,39089.4
15,0.00657067,9.72623,39080.7,0,39080.7
15,0.006656,17.1628,39047.2,0,39047.2
15,0.00674133,8.79211,39123.7,0,39123.7
15,0.00682667,6.28939,39113.4,0,39113.4
15,0.006912,3.20063,39105.6,0,39105.6
15,0.00699733,0.997508,39102.7,0,39102.7
15,0.00708267,-0.246654,39101.5,0,39101.5
15,0.007168,-7.90198,39106.1,0,39106.1
15,0.00725333,7.24697,39120.4,0,39120.4
15,0.00733867,48.5703,39119.4,0,39119.4
15,0.007424,11.8941,39133.1,0,39133.1
15,0.00750933,3.729,39125.5,0,39125.5
15,0.00759467,3.19822,39121.4,0,39121.4
15,0.00768,4.00633,39111.6,0,39111.6
15,0.00776533,-3.68016,39148.5,0,39148.5
15,0.00785067,1.82826,39134,0,39134
15,0.007936,2.92163,39130.3,0,39130.3
15,0.00802133,3.31884,39124.3,0,39124.3
15,0.00810667,0.901959,39118.5,0,39118.5
15,0.008192,1.52984,39122.7,0,39122.7
15,0.00827733,5.04226,39116,0,39116
15,0.00836267,18.4526,39104.1,0,39104.1
15,0.008448,6.20761,39123.1,0,39123.1
15,0.00853333,1.69107,39118.8,0,39118.8
15,0.00861867,0.364611,39117.9,0,39117.9
15,0.008704,1.53959,39116.6,0,39116.6
15,0.00878933,1.60068,39113.2,0,39113.2
15,0.00887467,0.656454,39111.3,0,39111.3
15,0.00896,0.320869,39110.5,0,39110.5
15,0.00904533,0.155252,39110.7,0,39110.7
15,0.00913067,1.06239,39109.4,0,39109.4
15,0.009216,0.155728,39107.7,0,39107.7
15,0.00930133,0.130741,39108.4,0,39108.4
15,0.00938667,0.929636,39107.5,0,39107.5
15,0.009472,1.46465,39105,0,39105
15,0.00955733,-0.0216222,39103,0,39103
15,0.00964267,0.450206,39103.1,0,39103.1
15,0.009728,-2.36825,39110.3,0,39110.3
15,0.00981333,1.83767,39106.3,0,39106.3
15,0.00989867,0.883829,39103.7,0,39103.7
15,0.009984,0.489679,39102.9,0,39102.9
15,0.0100693,0.525872,39102,0,39102
15,0.0101547,0.431763,39101.2,0,39101.2
15,0.01024,0.871019,39100.3,0,39100.3
15,0.0103253,1.31501,39098.2,0,39098.2
15,0.0104107,0.816755,39095.9,0,39095.9
15,0.010496,0.304454,39096.1,0,39096.1
15,0.0105813,3.63505,39094.5,0,39094.5
15,0.0106667,28.7361,39106.3,0,39106.3
15,0.010752,6.29531,39105.1,0,39105.1
15,0.0108373,4.42924,39096.8,0,39096.8
15,0.0109227,1.72895,39089.8,0,39089.8
15,0.011008,1.09574,39091.9,0,39091.9
15,0.0110933,-1.52361,39092.6,0,39092.6
15,0.0111787,8.01851,39086.3,0,39086.3
15,0.011264,20.7365,39103.4,0,39103.4
15,0.0113493,-0.284381,39083.9,0,39083.9
15,0.0114347,8.16074,39095.4,0,39095.4
15,0.01152,14.3781,39091.3,0,39091.3
15,0.0116053,7.26514,39102.4,0,39102.4
15,0.0116907,3.67037,39100.7,0,39100.7
15,0.011776,2.78239,39095.8,0,39095.8
15,0.0118613,2.28175,39091.3,0,39091.3
15,0.0119467,-2.89478,39088.5,0,39088.5
15,0.012032,1.87395,39094.2,0,39094.2
15,0.0121173,2.96392,39088.6,0,39088.6
15,0.0122027,1.95706,39082.7,0,39082.7
15,0.012288,-4.05059,39085.5,0,39085.5
15,0.0123733,-4.06971,39098,0,39098
15,0.0124587,0.0693531,39099.7,0,39099.7
15,0.012544,1.54404,39097.5,0,39097.5
15,0.0126293,1.68156,39094.4,0,39094.4
15,0.0127147,1.46618,39091.7,0,39091.7
16,0,-6.03418,39138.1,0,39138.1
16,8.53333e-05,4.6294,39150.7,0,39150.7
16,0.000170667,31.1341,39149.4,0,39149.4
16,0.000256,12.9603,39149.8,0,39149.8
16,0.000341333,-1.47552,39116.5,0,39116.5
16,0.000426667,-12.1034,39089.5,0,39089.5
16,0.000512,-35.8692,39073.2,0,39073.2
16,0.000597333,-10.7549,39056.9,0,39056.9
16,0.000682667,4.16988,39067.5,0,39067.5
16,0.000768,-8.79409,39071.2,0,39071.2
16,0.000853333,-76.555,39059.5,0,39059.6
16,0.000938667,-11.32,39007.4,0,39007.4
16,0.001024,20.5965,39034.9,0,39034.9
16,0.00110933,5.69488,39006.3,0,39006.3
16,0.00119467,-22.3474,38997.1,0,38997.1
16,0.00128,-18.9579,39002.2,0,39002.2
16,0.00136533,0.649892,38971,0,38971
16,0.00145067,-3.59053,38945.9,0,38945.9
16,0.001536,1.99883,38916.1,0,38916.1
16,0.00162133,22.8458,38898.5,0,38898.5
16,0.00170667,3.65779,38876.3,0,38876.3
16,0.001792,-2.94937,38882.8,0,38882.8
16,0.00187733,16.7232,38885.7,0,38885.7
16,0.00196267,-5.69651,38889.4,0,38889.4
16,0.002048,-0.964831,38815.5,0,38815.5
16,0.00213333,-9.66969,38821.3,0,38821.3
16,0.00221867,21.5086,38848.7,0,38848.7
16,0.002304,12.6233,38782.8,0,38782.8
16,0.00238933,-16.4332,38779.3,0,38779.3
16,0.00247467,-9.33067,38779.6,0,38779.6
16,0.00256,-21.9703,38819.6,0,38819.6
16,0.00264533,-8.61765,38751,0,38751
16,0.00273067,31.6916,38778.1,0,38778.2
16,0.002816,36.0581,38872.4,0,38872.4
16,0.00290133,16.3419,38822.5,0,38822.5
16,0.00298667,23.2659,38797.7,0,38797.7
16,0.003072,61.84,38801.8,0,38801.9
16,0.00315733,15.4758,38867.3,0,38867.3
16,0.00324267,14.978,38840.2,0,38840.2
16,0.003328,9.07691,38787.5,0,38787.5
16,0.00341333,-28.0131,38852.2,0,38852.2
16,0.00349867,1.70284,38804.2,0,38804.2
16,0.003584,1.2802,38812.3,0,38812.3
16,0.00366933,5.74632,38810.5,0,38810.5
16,0.00375467,16.8223,38865.1,0,38865.1
16,0.00384,11.0407,38855.8,0,38855.8
16,0.00392533,24.5895,38863.2,0,38863.2
16,0.00401067,36.6985,38897,0,38897.1
16,0.004096,22.0713,38926.9,0,38926.9
16,0.00418133,19.1327,38935.2,0,38935.2
16,0.00426667,11.7265,38964.8,0,38964.8
16,0.004352,-14.3102,38947,0,38947
16,0.00443733,5.00834,38966.1,0,38966.1
16,0.00452267,8.44702,38963.2,0,38963.2
16,0.004608,-3.11135,38994.7,0,38994.7
16,0.00469333,-21.1133,38982.9,0,38982.9
16,0.00477867,-4.37187,39002.1,0,39002.1
16,0.004864,5.90728,38995.8,0,38995.8
16,0.00494933,21.5416,38991.4,0,38991.4
16,0.00503467,45.1133,39007.3,0,39007.4
16,0.00512,23.5334,39014.8,0,39014.8
16,0.00520533,26.1768,39066.3,0,39066.3
16,0.00529067,22.2082,39085.7,0,39085.7
16,0.005376,5.64426,39059.5,0,39059.5
16,0.00546133,-31.1045,39049.1,0,39049.1
16,0.00554667,12.3909,39076.9,0,39076.9
16,0.005632,25.9761,39073.3,0,39073.4
16,0.00571733,11.9604,39118.9,0,39118.9
16,0.00580267,2.38791,39104.3,0,39104.3
16,0.005888,-3.7607,39104.9,0,39104.9
16,0.00597333,13.9294,39105.2,0,39105.2
16,0.00605867,22.5846,39117,0,39117
16,0.006144,16.7515,39106.1,0,39106.1
16,0.00622933,11.681,39129.8,0,39129.8
16,0.00631467,-34.004,39145.4,0,39145.4
16,0.0064,3.78805,39139.5,0,39139.5
16,0.00648533,5.0628,39132.8,0,39132.8
16,0.00657067,9.56238,39123.3,0,39123.3
16,0.006656,4.6409,39102.8,0,39102.8
16,0.00674133,7.15291,39160.1,0,39160.1
16,0.00682667,6.32478,39150.9,0,39150.9
16,0.006912,3.6763,39142.4,0,39142.4
16,0.00699733,1.94712,39138.3,0,39138.3
16,0.00708267,1.5241,39135,0,39135
16,0.007168,-8.42882,39133.4,0,39133.4
16,0.00725333,3.01624,39157.9,0,39157.9
16,0.00733867,21.5543,39141.6,0,39141.6
16,0.007424,3.14348,39163.2,0,39163.2
16,0.00750933,4.27118,39154.5,0,39154.5
16,0.00759467,4.25229,39148.2,0,39148.2
16,0.00768,5.01562,39136.6,0,39136.6
16,0.00776533,-2.5436,39173.2,0,39173.2
16,0.00785067,2.6205,39156.7,0,39156.7
16,0.007936,3.32765,39152.1,0,39152.1
16,0.00802133,3.67601,39145.5,0,39145.5
16,0.00810667,1.2656,39139.1,0,39139.1
16,0.008192,1.86837,39142.6,0,39142.6
16,0.00827733,5.32031,39135.3,0,39135.3
16,0.00836267,18.477,39121.4,0,39121.4
16,0.008448,6.10002,39140.9,0,39140.9
16,0.00853333,1.73456,39136.8,0,39136.8
16,0.00861867,1.01039,39135.1,0,39135.1
16,0.008704,1.85008,39132.8,0,39132.8
16,0.00878933,1.87812,39129.1,0,39129.1
16,0.00887467,1.10552,39126.6,0,39126.6
16,0.00896,0.553881,39125.1,0,39125.1
16,0.00904533,0.250124,39125.1,0,39125.1
16,0.00913067,1.30713,39123.6,0,39123.6
16,0.009216,0.529272,39121.2,0,39121.2
16,0.00930133,0.219407,39121.7,0,39121.7
16,0.00938667,1.20742,39120.3,0,39120.3
16,0.009472,1.57125,39117.6,0,39117.6
16,0.00955733,0.292034,39115.3,0,39115.3
16,0.00964267,0.491689,39115.1,0,39115.1
16,0.009728,-2.08268,39119.5,0,39119.5
16,0.00981333,1.77272,39116.8,0,39116.8
16,0.00989867,0.877802,39114.2,0,39114.2
16,0.009984,0.53608,39113.4,0,39113.4
16,0.0100693,0.610698,39112.3,0,39112.3
16,0.0101547,0.3986,39111.6,0,39111.6
16,0.01024,0.939158,39110.7,0,39110.7
16,0.0103253,1.58931,39108.3,0,39108.3
16,0.0104107,1.11204,39105.3,0,39105.3
16,0.010496,0.511396,39105.6,0,39105.6
16,0.0105813,4.49317,39103.2,0,39103.2
16,0.0106667,24.0962,39113.2,0,39113.2
16,0.010752,6.82555,39113.5,0,39113.5
16,0.0108373,4.80098,39104.9,0,39104.9
16,0.0109227,2.07254,39096.7,0,39096.7
16,0.011008,1.7363,39100.5,0,39100.5
16,0.0110933,-3.62561,39101.9,0,39101.9
16,0.0111787,8.23612,39094.6,0,39094.6
16,0.011264,21.05,39112.4,0,39112.4
16,0.0113493,6.5968,39081.8,0,39081.8
16,0.0114347,9.94516,39102.6,0,39102.6
16,0.01152,14.5536,39097.2,0,39097.2
16,0.0116053,6.76443,39109.5,0,39109.5
16,0.0116907,3.88365,39107.8,0,39107.8
16,0.011776,2.93518,39102.4,0,39102.4
16,0.0118613,2.26896,39097.8,0,39097.8
16,0.0119467,-2.31174,39095.4,0,39095.4
16,0.012032,1.78066,39099.9,0,39099.9
16,0.0121173,3.05516,39094.5,0,39094.5
16,0.0122027,2.41491,39088,0,39088
16,0.012288,-3.48248,39093.4,0,39093.4
16,0.0123733,-7.30561,39104.9,0,39104.9
16,0.0124587,0.645901,39105.2,0,39105.2
16,0.012544,1.65371,39102.5,0,39102.5
16,0.0126293,1.70124,39099.4,0,39099.4
16,0.0127147,1.49221,39096.6,0,39096.6
17,0,-5.56963,39091.6,0,39091.6
17,8.53333e-05,4.34242,39101.7,0,39101.7
17,0.000170667,-90.6129,39117.4,0,39117.5
17,0.000256,-28.6522,39133.2,0,39133.2
17,0.000341333,-28.0615,39085.5,0,39085.5
17,0.000426667,-75.3847,38956.3,0,38956.4
17,0.000512,-21.1781,38933.7,0,38933.7
17,0.000597333,1.24269,38981.3,0,38981.3
17,0.000682667,1.28141,38953.6,0,38953.6
17,0.000768,-30.7772,38951.2,0,38951.2
17,0.000853333,-11.4211,38954.7,0,38954.8
17,0.000938667,-4.65587,38906.4,0,38906.4
17,0.001024,-8.34214,38953.6,0,38953.6
17,0.00110933,17.1993,38805.4,0,38805.4
17,0.00119467,-7.23555,38875.3,0,38875.3
17,0.00128,-65.2781,38899.8,0,38899.8
17,0.00136533,-2.55294,38816.5,0,38816.5
17,0.00145067,8.31957,38799.3,0,38799.3
17,0.001536,18.6002,38790,0,38790
17,0.00162133,-2.45856,38785.8,0,38785.8
17,0.00170667,-18.266,38713,0,38713
17,0.001792,28.7325,38762.8,0,38762.8
17,0.00187733,32.5964,38738.4,0,38738.4
17,0.00196267,-1.04175,38738.3,0,38738.3
17,0.002048,-22.7474,38772.2,0,38772.2
17,0.00213333,17.7666,38690.3,0,38690.3
17,0.00221867,29.4586,38651.4,0,38651.4
17,0.002304,7.11611,38681.4,0,38681.4
17,0.00238933,85.4004,38736.8,0,38736.9
17,0.00247467,3.6406,38734.3,0,38734.3
17,0.00256,6.25985,38741.1,0,38741.1
17,0.00264533,26.2114,38751.7,0,38751.7
17,0.00273067,32.6422,38771,0,38771
17,0.002816,-5.68723,38921.9,0,38921.9
17,0.00290133,23.128,38782.4,0,38782.5
17,0.00298667,-3.14815,38766.7,0,38766.7
17,0.003072,25.8777,39000.2,0,39000.2
17,0.00315733,19.8264,38840.3,0,38840.4
17,0.00324267,12.4156,38837.8,0,38837.8
17,0.003328,34.5905,38868.3,0,38868.3
17,0.00341333,20.3019,38833,0,38833
17,0.00349867,41.54,38871.4,0,38871.4
17,0.003584,-7.6189,38915.7,0,38915.7
17,0.00366933,11.0787,38875.8,0,38875.8
17,0.00375467,28.0461,38938.8,0,38938.8
17,0.00384,43.3648,38921.2,0,38921.2
17,0.00392533,22.1006,38930.6,0,38930.6
17,0.00401067,41.7961,38974.1,0,38974.1
17,0.004096,16.7942,38992.9,0,38992.9
17,0.00418133,18.1154,39012.6,0,39012.6
17,0.00426667,12.0561,39043,0,39043
17,0.004352,-13.6579,39024.5,0,39024.5
17,0.00443733,6.42744,39040.9,0,39040.9
17,0.00452267,11.9677,39033.7,0,39033.7
17,0.004608,-5.9335,39056.9,0,39056.9
17,0.00469333,-2.88747,39068.7,0,39068.7
17,0.00477867,18.055,39087,0,39087
17,0.004864,16.0194,39091.7,0,39091.7
17,0.00494933,25.9242,39081.7,0,39081.7
17,0.00503467,47.3897,39092.4,0,39092.4
17,0.00512,30.3473,39096.7,0,39096.7
17,0.00520533,30.2908,39136.6,0,39136.7
17,0.00529067,26.2603,39161,0,39161
17,0.005376,8.42084,39150,0,39150
17,0.00546133,-25.268,39128,0,39128
17,0.00554667,15.3862,39154.6,0,39154.6
17,0.005632,23.6093,39146.2,0,39146.2
17,0.00571733,9.22934,39186.6,0,39186.6
17,0.00580267,4.25647,39169.2,0,39169.2
17,0.005888,-1.42273,39167,0,39167
17,0.00597333,12.6974,39164.9,0,39164.9
17,0.00605867,23.1504,39177.8,0,39177.8
17,0.006144,14.5769,39174.9,0,39174.9
17,0.00622933,11.8876,39186,0,39186
17,0.00631467,-26.3177,39230,0,39230
17,0.0064,5.28011,39193.7,0,39193.7
17,0.00648533,6.20085,39184.8,0,39184.8
17,0.00657067,9.33928,39172.7,0,39172.7
17,0.006656,9.76632,39144.5,0,39144.5
17,0.00674133,13.0992,39201.5,0,39201.5
17,0.00682667,8.64554,39194.5,0,39194.5
17,0.006912,5.01075,39183.8,0,39183.8
17,0.00699733,2.48391,39178.1,0,39178.1
17,0.00708267,1.30252,39174.8,0,39174.8
17,0.007168,-4.89898,39174.5,0,39174.5
17,0.00725333,2.81297,39188.2,0,39188.2
17,0.00733867,21.0744,39176,0,39176
17,0.007424,3.01295,39200.3,0,39200.3
17,0.00750933,5.87663,39186.9,0,39186.9
17,0.00759467,5.06601,39178.5,0,39178.5
17,0.00768,6.03473,39166.4,0,39166.4
17,0.00776533,-2.6642,39206.5,0,39206.5
17,0.00785067,3.23624,39185.5,0,39185.5
17,0.007936,3.89185,39179.9,0,39179.9
17,0.00802133,4.24851,39172.4,0,39172.4
17,0.00810667,1.76128,39164.8,0,39164.8
17,0.008192,2.40003,39168.2,0,39168.2
17,0.00827733,5.9712,39159.9,0,39159.9
17,0.00836267,19.4791,39147.4,0,39147.4
17,0.008448,7.17077,39163.9,0,39163.9
17,0.00853333,2.29842,39158.7,0,39158.7
17,0.00861867,1.16532,39156.6,0,39156.6
17,0.008704,2.19171,39154,0,39154
17,0.00878933,2.20703,39149.7,0,39149.7
17,0.00887467,1.2886,39146.7,0,39146.7
17,0.00896,0.871533,39144.9,0,39144.9
17,0.00904533,0.654753,39144.1,0,39144.1
17,0.00913067,1.57034,39142,0,39142
17,0.009216,0.866043,39139.3,0,39139.3
17,0.00930133,0.491164,39139,0,39139
17,0.00938667,1.33698,39137.5,0,39137.5
17,0.009472,1.86445,39134.4,0,39134.4
17,0.00955733,0.529695,39131.6,0,39131.6
17,0.00964267,0.769817,39130.9,0,39130.9
17,0.009728,-2.005,39135.3,0,39135.3
17,0.00981333,2.0623,39132.1,0,39132.1
17,0.00989867,1.15997,39128.9,0,39128.9
17,0.009984,0.754965,39127.7,0,39127.7
17,0.0100693,0.783727,39126.3,0,39126.3
17,0.0101547,0.595543,39125.2,0,39125.2
17,0.01024,1.07916,39124.1,0,39124.1
17,0.0103253,1.64345,39121.5,0,39121.5
17,0.0104107,1.20764,39118.5,0,39118.5
17,0.010496,0.763096,39118.1,0,39118.1
17,0.0105813,4.26982,39115.6,0,39115.6
17,0.0106667,28.1445,39126.2,0,39126.2
17,0.010752,6.50864,39125.2,0,39125.2
17,0.0108373,4.69542,39116.5,0,39116.5
17,0.0109227,2.03979,39109,0,39109
17,0.011008,1.83258,39111,0,39111
17,0.0110933,-3.81122,39108.8,0,39108.8
17,0.0111787,8.12826,39105.1,0,39105.1
17,0.011264,20.5074,39123.2,0,39123.2
17,0.0113493,0.985743,39097.6,0,39097.6
17,0.0114347,8.88673,39112.6,0,39112.6
17,0.01152,14.6296,39107.8,0,39107.8
17,0.0116053,7.3449,39118.8,0,39118.8
17,0.0116907,3.88664,39116.8,0,39116.8
17,0.011776,2.95711,39111.5,0,39111.5
17,0.0118613,2.34849,39106.8,0,39106.8
17,0.0119467,-2.26627,39104.2,0,39104.2
17,0.012032,1.88069,39108.7,0,39108.7
17,0.0121173,3.10848,39103.1,0,39103.1
17,0.0122027,2.306,39096.7,0,39096.7
17,0.012288,-3.10058,39100.5,0,39100.5
17,0.0123733,-7.10329,39111.6,0,39111.6
17,0.0124587,0.460896,39113.5,0,39113.5
17,0.012544,1.76289,39110.6,0,39110.6
17,0.0126293,1.83319,39107.3,0,39107.3
17,0.0127147,1.60694,39104.3,0,39104.3
18,0,-29.8254,38941,0,38941.1
18,8.53333e-05,-13.5903,38996.3,0,38996.3
18,0.000170667,17.4397,38975,0,38975
18,0.000256,-7.10508,38935.1,0,38935.1
18,0.000341333,29.2235,38952.1,0,38952.1
18,0.000426667,-3.31741,38902.8,0,38902.8
18,0.000512,-13.8257,38855.5,0,38855.5
18,0.000597333,8.67407,38890,0,38890
18,0.000682667,-98.7513,38759.5,0,38759.6
18,0.000768,-40.7118,38799.2,0,38799.3
18,0.000853333,-1.37713,38768,0,38768
18,0.000938667,-21.5004,38917.3,0,38917.3
18,0.001024,75.2621,38888.2,0,38888.3
18,0.00110933,36.3463,38799.9,0,38799.9
18,0.00119467,20.3473,38735.1,0,38735.1
18,0.00128,-13.5053,38677.5,0,38677.5
18,0.00136533,2.70635,38691.2,0,38691.2
18,0.00145067,1.75954,38672.3,0,38672.3
18,0.001536,29.3016,38692.5,0,38692.5
18,0.00162133,48.712,38697.1,0,38697.2
18,0.00170667,11.0356,38687.6,0,38687.6
18,0.001792,-20.7823,38641.4,0,38641.5
18,0.00187733,-24.9821,38718.1,0,38718.1
18,0.00196267,1.05735,38668.7,0,38668.7
18,0.002048,-11.8806,38698.9,0,38698.9
18,0.00213333,27.7266,38707.8,0,38707.9
18,0.00221867,-11.7388,38662.2,0,38662.2
18,0.002304,45.4503,38703.2,0,38703.2
18,0.00238933,142.117,38784.9,0,38785.1
18,0.00247467,17.8063,38763.3,0,38763.3
18,0.00256,6.15395,38769.1,0,38769.1
18,0.00264533,61.1405,38803.5,0,38803.6
18,0.00273067,51.1597,38835.4,0,38835.5
18,0.002816,-5.2796,38927.8,0,38927.8
18,0.00290133,39.7854,38863.5,0,38863.5
18,0.00298667,45.8067,38904.4,0,38904.4
18,0.003072,1.12753,38970.2,0,38970.2
18,0.00315733,-3.65039,39037.1,0,39037.1
18,0.00324267,13.2422,38941.7,0,38941.7
18,0.003328,18.9827,38955.8,0,38955.8
18,0.00341333,20.2087,38951.3,0,38951.3
18,0.00349867,51.7585,38987.6,0,38987.7
18,0.003584,9.28502,39015.2,0,39015.2
18,0.00366933,26.1934,39019.9,0,39019.9
18,0.00375467,-3.63349,38985.4,0,38985.4
18,0.00384,48.648,39005.7,0,39005.7
18,0.00392533,45.0186,39084.3,0,39084.3
18,0.00401067,1.76977,39124.2,0,39124.2
18,0.004096,40.4732,39155.9,0,39155.9
18,0.00418133,23.6224,39138.6,0,39138.6
18,0.00426667,13.3167,39157.5,0,39157.5
18,0.004352,-15.1532,39142.2,0,39142.2
18,0.00443733,8.08317,39165.5,0,39165.5
18,0.00452267,14.4245,39150.3,0,39150.3
18,0.004608,-5.2184,39172.9,0,39172.9
18,0.00469333,1.08655,39186.8,0,39186.8
18,0.00477867,21.182,39195,0,39195
18,0.004864,15.9324,39199.9,0,39199.9
18,0.00494933,27.8272,39188.1,0,39188.1
18,0.00503467,42.983,39197.8,0,39197.9
18,0.00512,35.1913,39196,0,39196.1
18,0.00520533,32.9125,39233.5,0,39233.5
18,0.00529067,28.5214,39257.4,0,39257.4
18,0.005376,10.8086,39240,0,39240
18,0.00546133,-8.05587,39225.1,0,39225.1
18,0.00554667,14.4794,39236.5,0,39236.5
18,0.005632,22.1491,39228.6,0,39228.6
18,0.00571733,6.47622,39261.6,0,39261.6
18,0.00580267,4.07133,39246.1,0,39246.1
18,0.005888,1.30577,39242.8,0,39242.8
18,0.00597333,13.1917,39237.3,0,39237.3
18,0.00605867,30.6773,39244.6,0,39244.6
18,0.006144,16.5288,39241.1,0,39241.1
18,0.00622933,14.3847,39247.4,0,39247.4
18,0.00631467,61.7274,39290.6,0,39290.7
18,0.0064,7.78836,39252.3,0,39252.3
18,0.00648533,7.05956,39241.4,0,39241.4
18,0.00657067,9.61672,39228.4,0,39228.4
18,0.006656,6.69501,39204.6,0,39204.6
18,0.00674133,14.007,39252.7,0,39252.7
18,0.00682667,9.00789,39244.4,0,39244.4
18,0.006912,5.73265,39232.8,0,39232.8
18,0.00699733,3.44347,39225.6,0,39225.6
18,0.00708267,2.0439,39220.6,0,39220.6
18,0.007168,-3.14407,39219.9,0,39219.9
18,0.00725333,3.62337,39228.9,0,39228.9
18,0.00733867,20.6165,39218.9,0,39218.9
18,0.007424,4.5655,39237.3,0,39237.3
18,0.00750933,5.94156,39226.4,0,39226.4
18,0.00759467,6.01005,39217.4,0,39217.4
18,0.00768,9.23855,39203.2,0,39203.2
18,0.00776533,11.106,39252.4,0,39252.4
18,0.00785067,4.96909,39221.7,0,39221.7
18,0.007936,4.71326,39214.4,0,39214.4
18,0.00802133,5.00691,39205.7,0,39205.7
18,0.00810667,2.50222,39195.9,0,39195.9
18,0.008192,3.31476,39201.6,0,39201.6
18,0.00827733,7.03893,39191.2,0,39191.2
18,0.00836267,19.692,39181.9,0,39181.9
18,0.008448,8.73632,39193.3,0,39193.3
18,0.00853333,3.08326,39187.6,0,39187.6
18,0.00861867,1.53181,39184.5,0,39184.5
18,0.008704,2.54872,39181.6,0,39181.6
18,0.00878933,2.60456,39176.4,0,39176.4
18,0.00887467,1.55116,39172.9,0,39172.9
18,0.00896,1.46513,39170.5,0,39170.5
18,0.00904533,1.06991,39168.5,0,39168.5
18,0.00913067,1.65993,39166.3,0,39166.3
18,0.009216,1.24655,39163.2,0,39163.2
18,0.00930133,0.843754,39162,0,39162
18,0.00938667,1.42241,39160.3,0,39160.3
18,0.009472,2.02627,39157,0,39157
18,0.00955733,0.913891,39153.9,0,39153.9
18,0.00964267,0.970934,39152.7,0,39152.7
18,0.009728,-1.36714,39154.4,0,39154.4
18,0.00981333,2.04925,39152.3,0,39152.3
18,0.00989867,1.37989,39148.9,0,39148.9
18,0.009984,0.978774,39147.3,0,39147.3
18,0.0100693,1.00129,39145.5,0,39145.5
18,0.0101547,0.788664,39144,0,39144
18,0.01024,1.2492,39142.6,0,39142.6
18,0.0103253,1.81801,39139.8,0,39139.8
18,0.0104107,1.59815,39136.4,0,39136.4
18,0.010496,0.862788,39134.9,0,39134.9
18,0.0105813,3.33868,39132.5,0,39132.5
18,0.0106667,50.9323,39141,0,39141.1
18,0.010752,5.93646,39141.2,0,39141.2
18,0.0108373,4.59994,39132.5,0,39132.5
18,0.0109227,2.47059,39125.1,0,39125.1
18,0.011008,1.84665,39125.3,0,39125.3
18,0.0110933,-6.34987,39123.7,0,39123.7
18,0.0111787,7.07627,39120.5,0,39120.5
18,0.011264,12.7457,39143.9,0,39143.9
18,0.0113493,0.293978,39116.8,0,39116.8
18,0.0114347,6.99423,39127.3,0,39127.3
18,0.01152,16.3962,39118.3,0,39118.3
18,0.0116053,7.65597,39133.3,0,39133.3
18,0.0116907,3.51303,39129.5,0,39129.5
18,0.011776,2.82067,39124.4,0,39124.4
18,0.0118613,2.20303,39119.9,0,39119.9
18,0.0119467,-1.31183,39117.8,0,39117.8
18,0.012032,1.79757,39120.4,0,39120.4
18,0.0121173,3.21821,39115,0,39115
18,0.0122027,2.64272,39108.2,0,39108.2
18,0.012288,-2.93315,39111.9,0,39111.9
18,0.0123733,-8.15967,39124.6,0,39124.6
18,0.0124587,0.689272,39125.8,0,39125.8
18,0.012544,2.0127,39122.4,0,39122.4
18,0.0126293,2.0142,39118.6,0,39118.6
18,0.0127147,1.74956,39115.4,0,39115.4
19,0,7.98358,38716.7,0,38716.7
19,8.53333e-05,22.5756,38740.3,0,38740.3
19,0.000170667,-43.2242,38728.1,0,38728.2
19,0.000256,17.5912,38799.3,0,38799.3
19,0.000341333,10.7434,38761.5,0,38761.5
19,0.000426667,20.7926,38724.5,0,38724.5
19,0.000512,10.1728,38743.4,0,38743.4
19,0.000597333,18.7589,38686.1,0,38686.1
19,0.000682667,37.4773,38647.8,0,38647.8
19,0.000768,40.0269,38704.2,0,38704.2
19,0.000853333,17.8011,38634.1,0,38634.1
19,0.000938667,1.44211,38681.6,0,38681.6
19,0.001024,19.5007,38727.7,0,38727.7
19,0.00110933,22.5057,38611.9,0,38611.9
19,0.00119467,10.1933,38604.4,0,38604.4
19,0.00128,19.6127,38652.2,0,38652.2
19,0.00136533,20.874,38619.2,0,38619.2
19,0.00145067,8.37434,38734.9,0,38734.9
19,0.001536,33.8143,38641.5,0,38641.5
19,0.00162133,78.7676,38698.1,0,38698.2
19,0.00170667,49.4622,38659.5,0,38659.5
19,0.001792,-33.6745,38874.2,0,38874.2
19,0.00187733,-2.69461,38779.2,0,38779.2
19,0.00196267,30.319,38775.5,0,38775.5
19,0.002048,27.0525,38755.3,0,38755.3
19,0.00213333,36.9611,38823.6,0,38823.6
19,0.00221867,59.7557,38638,0,38638.1
19,0.002304,66.889,38823.4,0,38823.5
19,0.00238933,37.926,38903.2,0,38903.2
19,0.00247467,20.3624,38883.4,0,38883.5
19,0.00256,32.7029,38886.2,0,38886.2
19,0.00264533,113.99,38990.8,0,38991
19,0.00273067,57.715,39003.7,0,39003.7
19,0.002816,32.256,39006.5,0,39006.5
19,0.00290133,31.5907,39044.6,0,39044.6
19,0.00298667,4.92622,39017.3,0,39017.3
19,0.003072,3.85824,39101,0,39101
19,0.00315733,-9.64417,39145.5,0,39145.5
19,0.00324267,4.02872,39096.5,0,39096.5
19,0.003328,16.237,39139.5,0,39139.5
19,0.00341333,24.7304,39125.7,0,39125.7
19,0.00349867,3.71276,39127.3,0,39127.3
19,0.003584,-10.4992,39188.9,0,39188.9
19,0.00366933,48.6445,39175.6,0,39175.6
19,0.00375467,39.6641,39224.4,0,39224.4
19,0.00384,41.548,39180.7,0,39180.7
19,0.00392533,48.4025,39240.3,0,39240.3
19,0.00401067,33.2887,39262.3,0,39262.3
19,0.004096,53.6484,39301.7,0,39301.8
19,0.00418133,31.1974,39294.4,0,39294.4
19,0.00426667,13.0978,39303.1,0,39303.1
19,0.004352,-5.29683,39289.5,0,39289.5
19,0.00443733,8.95438,39296.3,0,39296.3
19,0.00452267,19.6804,39274.5,0,39274.5
19,0.004608,12.0215,39315.7,0,39315.7
19,0.00469333,2.40558,39309.4,0,39309.4
19,0.00477867,20.9431,39308.4,0,39308.5
19,0.004864,13.4977,39319.7,0,39319.7
19,0.00494933,25.6644,39305.1,0,39305.1
19,0.00503467,43.5381,39308.3,0,39308.3
19,0.00512,44.1391,39310,0,39310.1
19,0.00520533,45.1378,39334.2,0,39334.3
19,0.00529067,42.7579,39363.9,0,39363.9
19,0.005376,15.003,39342.7,0,39342.7
19,0.00546133,0.574242,39330.9,0,39330.9
19,0.00554667,13.9602,39329.4,0,39329.4
19,0.005632,19.6451,39326.1,0,39326.1
19,0.00571733,3.11029,39342.2,0,39342.2
19,0.00580267,0.61391,39335,0,39335
19,0.005888,-2.78033,39302.5,0,39302.5
19,0.00597333,11.3702,39312,0,39312
19,0.00605867,30.8025,39321.3,0,39321.3
19,0.006144,15.4202,39319.4,0,39319.4
19,0.00622933,13.9457,39318.6,0,39318.6
19,0.00631467,24.9497,39310.3,0,39310.3
19,0.0064,6.48924,39323.3,0,39323.3
19,0.00648533,8.9777,39309.5,0,39309.5
19,0.00657067,10.6986,39293.2,0,39293.2
19,0.006656,6.70882,39267.9,0,39267.9
19,0.00674133,10.7338,39309.8,0,39309.8
19,0.00682667,9.50353,39303.8,0,39303.8
19,0.006912,6.47789,39289.6,0,39289.6
19,0.00699733,4.00118,39281.3,0,39281.3
19,0.00708267,2.4237,39275.6,0,39275.6
19,0.007168,0.222692,39274.2,0,39274.2
19,0.00725333,4.71019,39276.4,0,39276.4
19,0.00733867,18.3408,39270.5,0,39270.5
19,0.007424,6.37158,39282.9,0,39282.9
19,0.00750933,6.84666,39273.3,0,39273.3
19,0.00759467,6.78042,39263.5,0,39263.5
19,0.00768,12.7144,39249.7,0,39249.7
19,0.00776533,42.6464,39292.6,0,39292.7
19,0.00785067,7.79652,39265.8,0,39265.8
19,0.007936,5.79545,39256.3,0,39256.3
19,0.00802133,6.08903,39246.3,0,39246.3
19,0.00810667,4.87837,39232.6,0,39232.6
19,0.008192,5.71479,39243.3,0,39243.3
19,0.00827733,8.8723,39230,0,39230
19,0.00836267,16.696,39224.7,0,39224.7
19,0.008448,11.476,39228.3,0,39228.3
19,0.00853333,4.47705,39223.1,0,39223.1
19,0.00861867,1.56717,39219.3,0,39219.3
19,0.008704,3.04562,39216.4,0,39216.4
19,0.00878933,3.25334,39210.1,0,39210.1
19,0.00887467,1.76684,39205.6,0,39205.6
19,0.00896,1.74332,39203.4,0,39203.4
19,0.00904533,1.88538,39200.1,0,39200.1
19,0.00913067,2.22487,39196.6,0,39196.6
19,0.009216,1.89861,39192.7,0,39192.7
19,0.00930133,1.25008,39190.2,0,39190.2
19,0.00938667,1.33026,39188.6,0,39188.6
19,0.009472,2.29756,39185.1,0,39185.1
19,0.00955733,1.35573,39181.4,0,39181.4
19,0.00964267,0.987358,39179.6,0,39179.6
19,0.009728,-0.392059,39180.3,0,39180.3
19,0.00981333,2.1206,39178,0,39178
19,0.00989867,1.6876,39174.2,0,39174.2
19,0.009984,1.2261,39172,0,39172
19,0.0100693,1.10952,39169.9,0,39169.9
19,0.0101547,0.991788,39168.3,0,39168.3
19,0.01024,1.58915,39166.4,0,39166.4
19,0.0103253,2.07206,39162.9,0,39162.9
19,0.0104107,1.64315,39159.4,0,39159.4
19,0.010496,1.12687,39157.5,0,39157.5
19,0.0105813,2.3716,39154.6,0,39154.6
19,0.0106667,-13.8998,39180.8,0,39180.8
19,0.010752,4.65166,39160.9,0,39161
19,0.0108373,4.39356,39152.4,0,39152.4
19,0.0109227,1.98059,39145.6,0,39145.6
19,0.011008,1.64657,39145.8,0,39145.8
19,0.0110933,-6.54162,39144.3,0,39144.3
19,0.0111787,5.47724,39141.5,0,39141.5
19,0.011264,-4.18936,39155.7,0,39155.7
19,0.0113493,0.119226,39139.5,0,39139.5
19,0.0114347,4.93098,39145,0,39145
19,0.01152,16.3131,39131.5,0,39131.5
19,0.0116053,6.722,39151.2,0,39151.2
19,0.0116907,3.15093,39145.5,0,39145.5
19,0.011776,2.59391,39140.8,0,39140.8
19,0.0118613,1.96785,39136.6,0,39136.6
19,0.0119467,-0.373983,39134.8,0,39134.8
19,0.012032,1.58392,39135.9,0,39135.9
19,0.0121173,3.15604,39131,0,39131
19,0.0122027,2.90342,39124.4,0,39124.4
19,0.012288,-2.41422,39124.2,0,39124.2
19,0.0123733,-9.59329,39139.1,0,39139.1
19,0.0124587,0.67205,39142.6,0,39142.6
19,0.012544,2.42091,39138.3,0,39138.3
19,0.0126293,2.32463,39133.9,0,39133.9
19,0.0127147,1.98021,39130.2,0,39130.2
20,0,50.0883,38420.8,0,38420.9
20,8.53333e-05,36.8438,38494.2,0,38494.2
20,0.000170667,-6.2917,38558.6,0,38558.6
20,0.000256,44.8291,38523.5,0,38523.6
20,0.000341333,31.7603,38511.3,0,38511.3
20,0.000426667,14.7859,38507.5,0,38507.5
20,0.000512,-32.2618,38557.4,0,38557.4
20,0.000597333,-13.065,38472.6,0,38472.6
20,0.000682667,79.8774,38474.5,0,38474.6
20,0.000768,198.778,38468.1,0,38468.6
20,0.000853333,-21.622,38540.7,0,38540.7
20,0.000938667,132.59,38572.3,0,38572.5
20,0.001024,52.0939,38633.4,0,38633.5
20,0.00110933,41.9209,38650.4,0,38650.4
20,0.00119467,37.6175,38639,0,38639
20,0.00128,-15.9696,38715.5,0,38715.5
20,0.00136533,-42.2366,38643.7,0,38643.7
20,0.00145067,46.1526,38795.1,0,38795.2
20,0.001536,31.5956,38721.1,0,38721.1
20,0.00162133,71.2196,38748,0,38748
20,0.00170667,30.3958,38755.5,0,38755.5
20,0.001792,-23.1468,38838,0,38838
20,0.00187733,19.2334,38903.5,0,38903.6
20,0.00196267,76.6325,38838.5,0,38838.5
20,0.002048,30.762,38906.8,0,38906.8
20,0.00213333,84.1965,38905.1,0,38905.2
20,0.00221867,163.221,38917.4,0,38917.8
20,0.002304,217.62,39171,0,39171.6
20,0.00238933,25.6184,39037.2,0,39037.3
20,0.00247467,13.8012,39119.2,0,39119.2
20,0.00256,33.3249,39124.9,0,39124.9
20,0.00264533,12.3504,39176.3,0,39176.3
20,0.00273067,46.7977,39201.4,0,39201.5
20,0.002816,24.3436,39224.6,0,39224.6
20,0.00290133,19.2949,39254.1,0,39254.1
20,0.00298667,29.9711,39247.5,0,39247.5
20,0.003072,17.2133,39291.8,0,39291.8
20,0.00315733,-11.2689,39307.4,0,39307.4
20,0.00324267,7.9757,39313.7,0,39313.7
20,0.003328,21.2697,39372.3,0,39372.3
20,0.00341333,18.242,39326,0,39326
20,0.00349867,29.3218,39309.4,0,39309.5
20,0.003584,21.1885,39384.4,0,39384.4
20,0.00366933,19.2775,39385.3,0,39385.3
20,0.00375467,12.8789,39427.3,0,39427.3
20,0.00384,40.5606,39354.3,0,39354.3
20,0.00392533,41.3241,39407.5,0,39407.6
20,0.00401067,43.5045,39425.8,0,39425.8
20,0.004096,60.0274,39525.3,0,39525.4
20,0.00418133,51.0382,39418.2,0,39418.2
20,0.00426667,21.6109,39463.7,0,39463.7
20,0.004352,16.5299,39427.9,0,39427.9
20,0.00443733,19.1811,39457.1,0,39457.1
20,0.00452267,12.3044,39413.6,0,39413.6
20,0.004608,9.69711,39479.5,0,39479.5
20,0.00469333,10.9933,39448.5,0,39448.5
20,0.00477867,31.0574,39416.8,0,39416.8
20,0.004864,22.208,39449,0,39449
20,0.00494933,26.3939,39424.1,0,39424.1
20,0.00503467,50.9343,39412.2,0,39412.2
20,0.00512,43.7488,39427.5,0,39427.5
20,0.00520533,39.796,39435.1,0,39435.1
20,0.00529067,29.8285,39464.1,0,39464.1
20,0.005376,13.0685,39442.4,0,39442.4
20,0.00546133,4.75179,39427.7,0,39427.7
20,0.00554667,14.0515,39422.6,0,39422.6
20,0.005632,12.4069,39421.2,0,39421.2
20,0.00571733,8.78047,39427.2,0,39427.2
20,0.00580267,6.71202,39412.9,0,39412.9
20,0.005888,4.49214,39405.3,0,39405.3
20,0.00597333,10.5277,39394.6,0,39394.6
20,0.00605867,20.5204,39406.9,0,39406.9
20,0.006144,16.7537,39404.2,0,39404.2
20,0.00622933,16.0962,39391.4,0,39391.4
20,0.00631467,17.8507,39382.5,0,39382.5
20,0.0064,7.7423,39402.6,0,39402.6
20,0.00648533,11.2072,39380.1,0,39380.1
20,0.00657067,11.4326,39360.7,0,39360.7
20,0.006656,-4.72555,39330.6,0,39330.6
20,0.00674133,-1.04228,39370.1,0,39370.1
20,0.00682667,8.35903,39363.2,0,39363.2
20,0.006912,6.45737,39348.6,0,39348.6
20,0.00699733,3.96995,39340.4,0,39340.4
20,0.00708267,2.57926,39334,0,39334
20,0.007168,0.565043,39335.3,0,39335.3
20,0.00725333,6.76847,39330.8,0,39330.8
20,0.00733867,21.5701,39319.9,0,39319.9
20,0.007424,5.81405,39338,0,39338
20,0.00750933,7.8345,39322.3,0,39322.3
20,0.00759467,7.1007,39311.2,0,39311.2
20,0.00768,13.6299,39296.9,0,39296.9
20,0.00776533,42.4709,39336.1,0,39336.1
20,0.00785067,8.01296,39315.8,0,39315.8
20,0.007936,7.3845,39303,0,39303
20,0.00802133,7.28003,39290.6,0,39290.6
20,0.00810667,7.31096,39274.3,0,39274.3
20,0.008192,7.72081,39286.5,0,39286.5
20,0.00827733,9.15544,39271.3,0,39271.3
20,0.00836267,16.3284,39263.8,0,39263.8
20,0.008448,13.0619,39267.3,0,39267.3
20,0.00853333,5.66057,39261.3,0,39261.3
20,0.00861867,0.481466,39256.4,0,39256.4
20,0.008704,4.06901,39254.7,0,39254.7
20,0.00878933,4.37891,39246.1,0,39246.1
20,0.00887467,1.55942,39240,0,39240
20,0.00896,1.78685,39238.9,0,39238.9
20,0.00904533,1.95513,39235.9,0,39235.9
20,0.00913067,2.95754,39231.5,0,39231.5
20,0.009216,2.8255,39226.2,0,39226.2
20,0.00930133,2.25299,39221.6,0,39221.6
20,0.00938667,0.856874,39219.4,0,39219.4
20,0.009472,2.4873,39216.7,0,39216.7
20,0.00955733,1.98598,39212.1,0,39212.1
20,0.00964267,1.28307,39209.5,0,39209.5
20,0.009728,0.274862,39209.1,0,39209.1
20,0.00981333,2.13167,39206.5,0,39206.5
20,0.00989867,1.77196,39202.7,0,39202.7
20,0.009984,1.53176,39200.1,0,39200.1
20,0.0100693,1.50245,39197.5,0,39197.5
20,0.0101547,1.36726,39195.1,0,39195.1
20,0.01024,1.71166,39192.7,0,39192.7
20,0.0103253,2.07552,39189.3,0,39189.3
20,0.0104107,1.79593,39185.7,0,39185.7
20,0.010496,1.43082,39183.2,0,39183.2
20,0.0105813,1.74171,39180.4,0,39180.4
20,0.0106667,-4.71102,39177.3,0,39177.3
20,0.010752,3.24078,39183.9,0,39183.9
20,0.0108373,3.851,39176.1,0,39176.1
20,0.0109227,2.36153,39170.2,0,39170.2
20,0.011008,1.97286,39167.6,0,39167.6
20,0.0110933,-1.28545,39165.2,0,39165.2
20,0.0111787,3.78615,39163,0,39163
20,0.011264,-3.31692,39166.9,0,39166.9
20,0.0113493,0.839694,39159.9,0,39159.9
20,0.0114347,1.69756,39164.6,0,39164.6
20,0.01152,5.68879,39148.8,0,39148.8
20,0.0116053,4.26139,39172.8,0,39172.8
20,0.0116907,3.2272,39165.1,0,39165.1
20,0.011776,2.62928,39160.1,0,39160.1
20,0.0118613,1.96872,39156,0,39156
20,0.0119467,0.175243,39154,0,39154
20,0.012032,1.57505,39154,0,39154
20,0.0121173,2.8637,39149.5,0,39149.5
20,0.0122027,2.45,39144,0,39144
20,0.012288,-0.505971,39142.1,0,39142.1
20,0.0123733,-8.66689,39147.3,0,39147.3
20,0.0124587,-0.208881,39160.2,0,39160.2
20,0.012544,2.43007,39155.7,0,39155.7
20,0.0126293,2.49042,39151.1,0,39151.1
20,0.0127147,2.17144,39147.1,0,39147.1
21,0,17.6052,38096.1,0,38096.2
21,8.53333e-05,-58.048,38170.2,0,38170.2
21,0.000170667,19.9249,38273.2,0,38273.2
21,0.000256,-23.7438,38308.9,0,38308.9
21,0.000341333,-13.1785,38322.9,0,38322.9
21,0.000426667,-73.3158,38328,0,38328
21,0.000512,-14.9968,38393.8,0,38393.9
21,0.000597333,-25.5365,38417,0,38417
21,0.000682667,-103.286,38248.5,0,38248.6
21,0.000768,50.3013,38387,0,38387.1
21,0.000853333,162.353,38580.5,0,38580.9
21,0.000938667,-14.4255,38474.3,0,38474.3
21,0.001024,-24.3619,38778.8,0,38778.8
21,0.00110933,-19.0107,38646.8,0,38646.8
21,0.00119467,-17.5131,38694.7,0,38694.7
21,0.00128,25.0427,38731.9,0,38731.9
21,0.00136533,6.93165,38746.4,0,38746.4
21,0.00145067,86.9141,38818.7,0,38818.8
21,0.001536,66.1132,38860.3,0,38860.4
21,0.00162133,89.1282,38883.3,0,38883.4
21,0.00170667,54.6931,39003,0,39003
21,0.001792,10.8543,39028.7,0,39028.7
21,0.00187733,-49.8184,39069.7,0,39069.7
21,0.00196267,6.48523,39091.5,0,39091.5
21,0.002048,108.387,39088.1,0,39088.3
21,0.00213333,161.173,39015.2,0,39015.6
21,0.00221867,148.588,39343.6,0,39343.9
21,0.002304,104.81,39277.7,0,39277.9
21,0.00238933,58.8182,39252.9,0,39252.9
21,0.00247467,86.0844,39326.7,0,39326.8
21,0.00256,71.9535,39354.3,0,39354.4
21,0.00264533,-14.5373,39396.3,0,39396.3
21,0.00273067,40.4854,39438.4,0,39438.4
21,0.002816,70.3367,39479.8,0,39479.8
21,0.00290133,39.8216,39453.9,0,39453.9
21,0.00298667,78.1366,39454.1,0,39454.2
21,0.003072,28.4032,39499.4,0,39499.4
21,0.00315733,19.0748,39522.9,0,39522.9
21,0.00324267,5.02268,39520.8,0,39520.8
21,0.003328,-14.1874,39559.2,0,39559.2
21,0.00341333,9.14786,39505.1,0,39505.1
21,0.00349867,26.9531,39568.7,0,39568.7
21,0.003584,18.2704,39556.7,0,39556.7
21,0.00366933,4.98981,39543.4,0,39543.4
21,0.00375467,14.073,39584.3,0,39584.3
21,0.00384,-12.0451,39558.9,0,39558.9
21,0.00392533,27.6138,39542.4,0,39542.4
21,0.00401067,39.2457,39579.8,0,39579.8
21,0.004096,0.167185,39588,0,39588
21,0.00418133,-2.0577,39571.7,0,39571.7
21,0.00426667,21.9893,39604.1,0,39604.1
21,0.004352,20.0583,39562.5,0,39562.5
21,0.00443733,22.3253,39587.6,0,39587.6
21,0.00452267,5.0344,39566.7,0,39566.7
21,0.004608,0.574344,39587.7,0,39587.7
21,0.00469333,7.03957,39575.6,0,39575.6
21,0.00477867,16.9367,39544.1,0,39544.1
21,0.004864,19.91,39567.9,0,39567.9
21,0.00494933,26.9559,39534.9,0,39535
21,0.00503467,45.7904,39507.8,0,39507.8
21,0.00512,40.6165,39534.4,0,39534.4
21,0.00520533,33.7227,39537.7,0,39537.8
21,0.00529067,41.3063,39558.4,0,39558.4
21,0.005376,12.9935,39531.5,0,39531.5
21,0.00546133,4.55208,39523.4,0,39523.4
21,0.00554667,13.5683,39514.7,0,39514.7
21,0.005632,22.5264,39516.7,0,39516.7
21,0.00571733,7.5654,39512.8,0,39512.8
21,0.00580267,8.2572,39496.9,0,39496.9
21,0.005888,5.01288,39486.5,0,39486.5
21,0.00597333,8.43638,39476.3,0,39476.3
21,0.00605867,10.1519,39473.2,0,39473.2
21,0.006144,17.9822,39480.8,0,39480.8
21,0.00622933,16.9702,39461.9,0,39461.9
21,0.00631467,22.5488,39449.8,0,39449.8
21,0.0064,25.9635,39477.5,0,39477.5
21,0.00648533,13.5928,39447.1,0,39447.1
21,0.00657067,14.9986,39425.1,0,39425.2
21,0.006656,24.8536,39396.4,0,39396.4
21,0.00674133,10.7079,39463.1,0,39463.1
21,0.00682667,12.4749,39423.7,0,39423.7
21,0.006912,7.80652,39406.5,0,39406.5
21,0.00699733,4.994,39397.3,0,39397.3
21,0.00708267,4.98475,39387.5,0,39387.5
21,0.007168,-0.833197,39393.8,0,39393.8
21,0.00725333,9.98015,39382.1,0,39382.1
21,0.00733867,39.2151,39360.9,0,39360.9
21,0.007424,18.2541,39387.7,0,39387.7
21,0.00750933,8.27225,39371,0,39371
21,0.00759467,5.96552,39360.8,0,39360.8
21,0.00768,10.7985,39347.9,0,39347.9
21,0.00776533,32.2995,39430.7,0,39430.7
21,0.00785067,8.01604,39363.8,0,39363.8
21,0.007936,8.07054,39348.3,0,39348.3
21,0.00802133,7.61489,39335.1,0,39335.1
21,0.00810667,7.62135,39320.6,0,39320.6
21,0.008192,4.72729,39332.5,0,39332.5
21,0.00827733,9.05921,39312.8,0,39312.8
21,0.00836267,17.961,39300.9,0,39300.9
21,0.008448,13.3095,39308.4,0,39308.4
21,0.00853333,6.52698,39298,0,39298
21,0.00861867,-3.86158,39289,0,39289
21,0.008704,5.53409,39292.5,0,39292.5
21,0.00878933,5.53283,39281.6,0,39281.6
21,0.00887467,0.691036,39272.9,0,39272.9
21,0.00896,2.54748,39274.5,0,39274.5
21,0.00904533,2.07067,39271.5,0,39271.5
21,0.00913067,3.72847,39265.7,0,39265.7
21,0.009216,3.66509,39259.1,0,39259.1
21,0.00930133,3.17199,39252.7,0,39252.7
21,0.00938667,-0.544751,39250.9,0,39250.9
21,0.009472,3.11728,39248.3,0,39248.3
21,0.00955733,2.34939,39242.8,0,39242.8
21,0.00964267,1.58919,39239.7,0,39239.7
21,0.009728,0.799821,39238.5,0,39238.5
21,0.00981333,2.39808,39235.3,0,39235.3
21,0.00989867,2.08269,39231.2,0,39231.2
21,0.009984,1.87591,39227.9,0,39227.9
21,0.0100693,1.62565,39224.8,0,39224.8
21,0.0101547,1.56807,39222.3,0,39222.3
21,0.01024,2.08289,39219.3,0,39219.3
21,0.0103253,2.35166,39215.3,0,39215.3
21,0.0104107,2.01319,39211.4,0,39211.4
21,0.010496,1.6729,39208.4,0,39208.4
21,0.0105813,1.56101,39205.4,0,39205.4
21,0.0106667,-1.68504,39204.1,0,39204.1
21,0.010752,2.65518,39205.9,0,39205.9
21,0.0108373,3.86587,39198.9,0,39198.9
21,0.0109227,2.90671,39192.2,0,39192.2
21,0.011008,0.194733,39190.5,0,39190.5
21,0.0110933,0.77693,39189.5,0,39189.5
21,0.0111787,3.32933,39185.5,0,39185.5
21,0.011264,-2.98926,39184.7,0,39184.7
21,0.0113493,1.01563,39183.7,0,39183.7
21,0.0114347,1.77595,39183.5,0,39183.5
21,0.01152,-0.52726,39174.5,0,39174.5
21,0.0116053,1.73751,39192.3,0,39192.3
21,0.0116907,3.17762,39184.7,0,39184.7
21,0.011776,2.69505,39179.5,0,39179.5
21,0.0118613,2.02728,39175.3,0,39175.3
21,0.0119467,0.488753,39173.1,0,39173.1
21,0.012032,1.69557,39172.6,0,39172.6
21,0.0121173,3.00485,39168,0,39168
21,0.0122027,3.09686,39162.3,0,39162.3
21,0.012288,2.27087,39156.9,0,39156.9
21,0.0123733,-18.2905,39156.8,0,39156.8
21,0.0124587,1.81659,39181.9,0,39181.9
21,0.012544,3.26319,39174.4,0,39174.4
21,0.0126293,2.92142,39168.9,0,39168.9
21,0.0127147,2.4443,39164.3,0,39164.3
22,0,27.068,37778.8,0,37778.8
22,8.53333e-05,-16.0335,37799.6,0,37799.6
22,0.000170667,13.1886,37940.7,0,37940.7
22,0.000256,-60.4809,38173.5,0,38173.5
22,0.000341333,10.3399,38099.5,0,38099.5
22,0.000426667,59.2931,38176.5,0,38176.5
22,0.000512,33.2607,38281,0,38281
22,0.000597333,34.6021,38283.6,0,38283.6
22,0.000682667,34.0631,38411.4,0,38411.5
22,0.000768,108.354,38428.4,0,38428.5
22,0.000853333,276.22,38649.9,0,38650.9
22,0.000938667,102.158,38710,0,38710.1
22,0.001024,35.9321,38711.7,0,38711.7
22,0.00110933,24.7052,38762.1,0,38762.1
22,0.00119467,-13.1973,38826,0,38826
22,0.00128,-7.28309,38950.9,0,38950.9
22,0.00136533,-3.41136,39010.1,0,39010.1
22,0.00145067,49.6025,39180.2,0,39180.2
22,0.001536,71.9894,39056.2,0,39056.2
22,0.00162133,67.1906,39036.5,0,39036.6
22,0.00170667,20.1465,39166,0,39166
22,0.001792,18.0952,39249.3,0,39249.3
22,0.00187733,43.1322,39398.6,0,39398.7
22,0.00196267,50.9262,39358.8,0,39358.8
22,0.002048,50.2481,39353.4,0,39353.4
22,0.00213333,20.1196,39267.5,0,39267.5
22,0.00221867,-7.37656,39422.3,0,39422.3
22,0.002304,230.283,39583.9,0,39584.6
22,0.00238933,92.883,39428.6,0,39428.8
22,0.00247467,106.205,39546.9,0,39547.1
22,0.00256,57.0705,39583.2,0,39583.2
22,0.00264533,48.8151,39626.9,0,39627
22,0.00273067,46.7362,39485.7,0,39485.8
22,0.002816,42.9419,39675.4,0,39675.4
22,0.00290133,57.1512,39653.2,0,39653.2
22,0.00298667,85.5469,39672.3,0,39672.4
22,0.003072,79.4547,39701,0,39701.1
22,0.00315733,45.4558,39701.9,0,39701.9
22,0.00324267,4.28045,39704.6,0,39704.6
22,0.003328,12.5765,39696.5,0,39696.5
22,0.00341333,40.5588,39675.3,0,39675.3
22,0.00349867,83.719,39727.3,0,39727.4
22,0.003584,33.7626,39716.7,0,39716.7
22,0.00366933,4.13234,39699.6,0,39699.6
22,0.00375467,22.2425,39713.7,0,39713.7
22,0.00384,-19.8102,39703.7,0,39703.7
22,0.00392533,13.1342,39698.3,0,39698.3
22,0.00401067,20.7802,39718.2,0,39718.2
22,0.004096,39.3719,39719.7,0,39719.7
22,0.00418133,11.1718,39716.2,0,39716.2
22,0.00426667,34.5316,39727.6,0,39727.6
22,0.004352,24.4288,39680,0,39680
22,0.00443733,22.4913,39722.6,0,39722.6
22,0.00452267,33.4296,39687.6,0,39687.6
22,0.004608,68.1361,39685.1,0,39685.2
22,0.00469333,12.3507,39690.8,0,39690.8
22,0.00477867,12.5805,39654.3,0,39654.3
22,0.004864,15.3318,39663.2,0,39663.2
22,0.00494933,20.4052,39629.3,0,39629.3
22,0.00503467,24.6918,39616.4,0,39616.4
22,0.00512,27.1856,39625.7,0,39625.7
22,0.00520533,9.25727,39577.6,0,39577.6
22,0.00529067,-12.3422,39656.7,0,39656.7
22,0.005376,15.9319,39614.4,0,39614.4
22,0.00546133,10.5564,39610.7,0,39610.7
22,0.00554667,13.5709,39589.5,0,39589.5
22,0.005632,25.1335,39600,0,39600
22,0.00571733,9.08319,39585.7,0,39585.7
22,0.00580267,8.90031,39567.1,0,39567.1
22,0.005888,4.08406,39557.1,0,39557.1
22,0.00597333,8.33291,39547.9,0,39547.9
22,0.00605867,9.75644,39533.9,0,39533.9
22,0.006144,14.3391,39546.9,0,39546.9
22,0.00622933,17.2417,39522.6,0,39522.6
22,0.00631467,26.5703,39509,0,39509
22,0.0064,28.9483,39525.5,0,39525.5
22,0.00648533,15.2927,39507.1,0,39507.1
22,0.00657067,16.1596,39483.4,0,39483.4
22,0.006656,22.1307,39456.4,0,39456.4
22,0.00674133,9.86951,39509,0,39509
22,0.00682667,14.0127,39477.1,0,39477.1
22,0.006912,9.0974,39458.1,0,39458.1
22,0.00699733,5.28361,39446.8,0,39446.8
22,0.00708267,7.36137,39436.8,0,39436.8
22,0.007168,8.41438,39459.7,0,39459.7
22,0.00725333,8.46389,39434.5,0,39434.5
22,0.00733867,15.8934,39405.8,0,39405.8
22,0.007424,-5.43643,39450.2,0,39450.2
22,0.00750933,9.13733,39418.1,0,39418.1
22,0.00759467,5.72398,39405.9,0,39405.9
22,0.00768,9.01703,39393.4,0,39393.4
22,0.00776533,-19.9685,39420.4,0,39420.4
22,0.00785067,6.86693,39405.5,0,39405.5
22,0.007936,8.42652,39388.5,0,39388.5
22,0.00802133,7.85563,39374.5,0,39374.5
22,0.00810667,6.83734,39360.2,0,39360.2
22,0.008192,2.78687,39365.5,0,39365.5
22,0.00827733,8.5434,39349.6,0,39349.6
22,0.00836267,17.0883,39333.2,0,39333.2
22,0.008448,11.9975,39345.7,0,39345.7
22,0.00853333,7.79257,39332.5,0,39332.5
22,0.00861867,7.80268,39290.1,0,39290.1
22,0.008704,8.05384,39327.3,0,39327.3
22,0.00878933,7.13297,39314,0,39314
22,0.00887467,1.00061,39296.7,0,39296.7
22,0.00896,4.79036,39306.6,0,39306.6
22,0.00904533,1.92629,39305,0,39305
22,0.00913067,4.60574,39297,0,39297
22,0.009216,4.45383,39289.1,0,39289.1
22,0.00930133,4.39025,39281,0,39281
22,0.00938667,-5.94853,39280.7,0,39280.7
22,0.009472,4.03943,39278.2,0,39278.2
22,0.00955733,3.08235,39271.5,0,39271.5
22,0.00964267,2.37392,39266.9,0,39266.9
22,0.009728,1.24819,39264.2,0,39264.2
22,0.00981333,2.22898,39261.3,0,39261.3
22,0.00989867,2.08701,39257.4,0,39257.4
22,0.009984,2.165,39253.8,0,39253.8
22,0.0100693,1.91092,39250.2,0,39250.2
22,0.0101547,1.81798,39247.3,0,39247.3
22,0.01024,2.41766,39243.8,0,39243.8
22,0.0103253,2.66319,39239.2,0,39239.2
22,0.0104107,2.25562,39234.8,0,39234.8
22,0.010496,1.85878,39231.4,0,39231.4
22,0.0105813,1.45054,39228.4,0,39228.4
22,0.0106667,-0.0951097,39227.2,0,39227.2
22,0.010752,2.50029,39226.5,0,39226.5
22,0.0108373,3.87489,39220.1,0,39220.1
22,0.0109227,3.45672,39212.7,0,39212.7
22,0.011008,-2.2096,39212.4,0,39212.4
22,0.0110933,2.43198,39210.9,0,39210.9
22,0.0111787,3.00106,39205.6,0,39205.6
22,0.011264,-0.782158,39203.5,0,39203.5
22,0.0113493,-1.24999,39203.3,0,39203.3
22,0.0114347,2.30957,39205.3,0,39205.3
22,0.01152,1.91105,39198.1,0,39198.1
22,0.0116053,-3.89705,39204.6,0,39204.6
22,0.0116907,2.49144,39203.5,0,39203.5
22,0.011776,2.73105,39198.1,0,39198.1
22,0.0118613,2.13559,39193.7,0,39193.7
22,0.0119467,0.806664,39191.1,0,39191.1
22,0.012032,1.70387,39190.2,0,39190.2
22,0.0121173,3.01005,39185.7,0,39185.7
22,0.0122027,3.30107,39180,0,39180
22,0.012288,3.55761,39173.9,0,39173.9
22,0.0123733,-23.3782,39142.8,0,39142.8
22,0.0124587,4.02815,39198,0,39198
22,0.012544,3.39255,39190.5,0,39190.5
22,0.0126293,3.04524,39184.9,0,39184.9
22,0.0127147,2.57276,39180.1,0,39180.1
23,0,5.50142,37502.1,0,37502.1
23,8.53333e-05,-52.6893,37536.5,0,37536.5
23,0.000170667,-47.7993,37802.1,0,37802.1
23,0.000256,81.1206,37872.2,0,37872.3
23,0.000341333,77.3384,38082.7,0,38082.8
23,0.000426667,26.0542,37984.4,0,37984.4
23,0.000512,32.6649,38206.7,0,38206.7
23,0.000597333,9.29257,38274.1,0,38274.1
23,0.000682667,20.123,38314.9,0,38314.9
23,0.000768,109.275,38490.6,0,38490.8
23,0.000853333,154.095,38660.4,0,38660.7
23,0.000938667,118.163,38730.3,0,38730.5
23,0.001024,88.4245,38815.6,0,38815.7
23,0.00110933,31.8439,38917.4,0,38917.4
23,0.00119467,-58.5475,38846.8,0,38846.9
23,0.00128,9.33451,39074.4,0,39074.4
23,0.00136533,15.2061,39220.6,0,39220.6
23,0.00145067,-58.145,39114.1,0,39114.2
23,0.001536,33.1908,39276.9,0,39276.9
23,0.00162133,227.98,39344.4,0,39345.1
23,0.00170667,31.5872,39378.7,0,39378.7
23,0.001792,52.2203,39419.9,0,39419.9
23,0.00187733,23.5867,39435,0,39435
23,0.00196267,69.9651,39500.1,0,39500.2
23,0.002048,75.393,39527.4,0,39527.4
23,0.00213333,98.2939,39514.1,0,39514.3
23,0.00221867,119.226,39612.4,0,39612.6
23,0.002304,16.3519,39574.1,0,39574.1
23,0.00238933,90.7236,39641.7,0,39641.8
23,0.00247467,90.5319,39712.5,0,39712.6
23,0.00256,79.9366,39760.1,0,39760.1
23,0.00264533,138.688,39754.1,0,39754.3
23,0.00273067,63.8055,39752.6,0,39752.7
23,0.002816,59.9529,39853.2,0,39853.3
23,0.00290133,56.0966,39816.9,0,39817
23,0.00298667,62.8445,39811.8,0,39811.8
23,0.003072,78.5677,39842,0,39842.1
23,0.00315733,42.3264,39848.3,0,39848.4
23,0.00324267,5.47154,39846.2,0,39846.2
23,0.003328,12.5256,39834.2,0,39834.2
23,0.00341333,30.5622,39823.5,0,39823.5
23,0.00349867,44.7039,39797.6,0,39797.6
23,0.003584,37.0029,39843.4,0,39843.4
23,0.00366933,7.89218,39825,0,39825
23,0.00375467,27.5334,39828.9,0,39828.9
23,0.00384,19.244,39799.1,0,39799.1
23,0.00392533,109.327,39878.8,0,39879
23,0.00401067,27.7394,39819.7,0,39819.7
23,0.004096,52.5655,39819.2,0,39819.2
23,0.00418133,15.9436,39820,0,39820
23,0.00426667,34.4585,39823.5,0,39823.5
23,0.004352,23.1898,39776.8,0,39776.8
23,0.00443733,16.7798,39804.8,0,39804.8
23,0.00452267,34.7001,39774,0,39774
23,0.004608,33.3136,39757.3,0,39757.3
23,0.00469333,-1.05948,39780.3,0,39780.3
23,0.00477867,11.8576,39741.4,0,39741.4
23,0.004864,14.3015,39739.8,0,39739.8
23,0.00494933,19.3087,39705.5,0,39705.5
23,0.00503467,19.3931,39699.7,0,39699.7
23,0.00512,22.0427,39693,0,39693
23,0.00520533,27.0947,39661.7,0,39661.7
23,0.00529067,1.64229,39707.3,0,39707.3
23,0.005376,18.1641,39679.6,0,39679.6
23,0.00546133,14.7525,39677.3,0,39677.3
23,0.00554667,6.84093,39648.5,0,39648.5
23,0.005632,7.63346,39653.1,0,39653.1
23,0.00571733,8.0722,39645,0,39645
23,0.00580267,10.2372,39624.8,0,39624.8
23,0.005888,5.24601,39610.5,0,39610.5
23,0.00597333,8.07863,39603.1,0,39603.1
23,0.00605867,8.89296,39586.4,0,39586.4
23,0.006144,9.8123,39596.6,0,39596.6
23,0.00622933,17.2121,39571.3,0,39571.3
23,0.00631467,32.7579,39556.1,0,39556.1
23,0.0064,25.1917,39570.5,0,39570.5
23,0.00648533,16.4215,39553.6,0,39553.6
23,0.00657067,16.6452,39528.5,0,39528.5
23,0.006656,20.5146,39502,0,39502
23,0.00674133,7.22918,39545.2,0,39545.2
23,0.00682667,14.1881,39520.1,0,39520.1
23,0.006912,9.54646,39499.9,0,39499.9
23,0.00699733,5.71146,39488,0,39488
23,0.00708267,9.68319,39477.1,0,39477.1
23,0.007168,21.6529,39494.3,0,39494.3
23,0.00725333,9.44922,39472.3,0,39472.3
23,0.00733867,7.25401,39446.1,0,39446.1
23,0.007424,-6.30569,39478.5,0,39478.5
23,0.00750933,9.12731,39453.1,0,39453.1
23,0.00759467,4.77109,39440.8,0,39440.8
23,0.00768,9.6239,39430.8,0,39430.8
23,0.00776533,-4.41448,39393.2,0,39393.2
23,0.00785067,10.3988,39443.5,0,39443.5
23,0.007936,9.49562,39422.1,0,39422.1
23,0.00802133,8.39606,39406.9,0,39406.9
23,0.00810667,6.8719,39392.2,0,39392.2
23,0.008192,2.99783,39394.3,0,39394.3
23,0.00827733,8.46626,39379.4,0,39379.4
23,0.00836267,14.7347,39360,0,39360
23,0.008448,10.6302,39374.8,0,39374.8
23,0.00853333,8.39298,39360.4,0,39360.4
23,0.00861867,25.6845,39336.4,0,39336.4
23,0.008704,10.0012,39354.8,0,39354.8
23,0.00878933,8.27933,39340.2,0,39340.2
23,0.00887467,8.61554,39314.8,0,39314.8
23,0.00896,7.2192,39331.7,0,39331.7
23,0.00904533,2.18911,39332.9,0,39332.9
23,0.00913067,5.30452,39321.9,0,39321.9
23,0.009216,5.00518,39313.2,0,39313.2
23,0.00930133,5.48908,39304,0,39304
23,0.00938667,-18.2795,39307.1,0,39307.1
23,0.009472,5.04934,39301.3,0,39301.3
23,0.00955733,3.30854,39293.7,0,39293.7
23,0.00964267,2.42079,39289.2,0,39289.2
23,0.009728,1.70675,39286,0,39286
23,0.00981333,2.39584,39282.5,0,39282.5
23,0.00989867,2.19413,39278.6,0,39278.6
23,0.009984,2.43594,39274.6,0,39274.6
23,0.0100693,2.16202,39270.5,0,39270.5
23,0.0101547,1.99323,39267.2,0,39267.2
23,0.01024,2.55536,39263.5,0,39263.5
23,0.0103253,2.80096,39258.6,0,39258.6
23,0.0104107,2.36211,39254,0,39254
23,0.010496,1.9423,39250.4,0,39250.4
23,0.0105813,1.50227,39247.4,0,39247.4
23,0.0106667,0.601927,39245.8,0,39245.8
23,0.010752,2.59479,39244,0,39244
23,0.0108373,4.01063,39237.8,0,39237.8
23,0.0109227,4.69619,39230.1,0,39230.1
23,0.011008,0.0652392,39215.6,0,39215.6
23,0.0110933,3.92816,39231.1,0,39231.1
23,0.0111787,3.58981,39223.1,0,39223.1
23,0.011264,0.744354,39219.4,0,39219.4
23,0.0113493,-2.42682,39217.4,0,39217.4
23,0.0114347,3.01326,39221.5,0,39221.5
23,0.01152,2.39973,39213,0,39213
23,0.0116053,-4.57938,39220.6,0,39220.6
23,0.0116907,2.83291,39218.7,0,39218.7
23,0.011776,2.87984,39212.9,0,39212.9
23,0.0118613,2.20494,39208.4,0,39208.4
23,0.0119467,1.05636,39205.7,0,39205.7
23,0.012032,1.83262,39204.2,0,39204.2
23,0.0121173,3.08481,39199.7,0,39199.7
23,0.0122027,3.63061,39193.9,0,39193.9
23,0.012288,5.12715,39187,0,39187
23,0.0123733,32.7694,39126.2,0,39126.2
23,0.0124587,6.31295,39212.1,0,39212.1
23,0.012544,3.82244,39204.1,0,39204.1
23,0.0126293,3.26396,39198.1,0,39198.1
23,0.0127147,2.72118,39193,0,39193
24,0,45.9398,37255.3,0,37255.3
24,8.53333e-05,66.9594,37293.1,0,37293.2
24,0.000170667,53.7194,37453.5,0,37453.5
24,0.000256,78.2313,37855.8,0,37855.8
24,0.000341333,-8.7358,37901,0,37901
24,0.000426667,-67.7399,37945.7,0,37945.8
24,0.000512,2.23579,38243.4,0,38243.4
24,0.000597333,59.9328,38299.6,0,38299.6
24,0.000682667,127.321,38411.4,0,38411.6
24,0.000768,127.891,38521.1,0,38521.3
24,0.000853333,163.307,38666.6,0,38666.9
24,0.000938667,169.856,38906.9,0,38907.3
24,0.001024,69.6041,38981.9,0,38982
24,0.00110933,65.419,39019.3,0,39019.3
24,0.00119467,73.3304,39056.3,0,39056.4
24,0.00128,44.705,39256.8,0,39256.9
24,0.00136533,-27.3513,39435.6,0,39435.6
24,0.00145067,-52.2276,39281.3,0,39281.3
24,0.001536,108.328,39422.1,0,39422.2
24,0.00162133,147.532,39435.5,0,39435.8
24,0.00170667,26.1932,39497.1,0,39497.1
24,0.001792,42.604,39570.6,0,39570.7
24,0.00187733,58.2619,39770.6,0,39770.7
24,0.00196267,78.393,39682.8,0,39682.9
24,0.002048,44.7322,39653.2,0,39653.3
24,0.00213333,55.9508,39634.2,0,39634.2
24,0.00221867,68.6125,39682.6,0,39682.7
24,0.002304,43.9,39714.7,0,39714.7
24,0.00238933,138.641,39822.4,0,39822.6
24,0.00247467,60.3946,39827.7,0,39827.8
24,0.00256,95.0185,39888.5,0,39888.6
24,0.00264533,25.945,40016.9,0,40016.9
24,0.00273067,42.3992,39869.1,0,39869.2
24,0.002816,51.7837,39954.9,0,39954.9
24,0.00290133,50.2036,39916.8,0,39916.9
24,0.00298667,53.6487,39920.2,0,39920.3
24,0.003072,84.6389,39934.3,0,39934.4
24,0.00315733,45.0598,39941.3,0,39941.3
24,0.00324267,6.56792,39920.1,0,39920.1
24,0.003328,4.84279,39935.8,0,39935.8
24,0.00341333,29.5535,39910.1,0,39910.1
24,0.00349867,37.23,39925.6,0,39925.6
24,0.003584,33.4226,39929.5,0,39929.5
24,0.00366933,11.6436,39907.2,0,39907.2
24,0.00375467,24.2414,39905.5,0,39905.5
24,0.00384,22.3558,39887.3,0,39887.3
24,0.00392533,69.0084,39890.7,0,39890.7
24,0.00401067,21.0222,39888.9,0,39888.9
24,0.004096,51.5764,39903.5,0,39903.5
24,0.00418133,18.2104,39883.9,0,39883.9
24,0.00426667,33.0841,39887.6,0,39887.6
24,0.004352,23.0421,39839.7,0,39839.7
24,0.00443733,7.18531,39864.4,0,39864.4
24,0.00452267,39.1221,39830.5,0,39830.5
24,0.004608,29.2695,39811.4,0,39811.4
24,0.00469333,-25.3888,39800.9,0,39800.9
24,0.00477867,13.2267,39800.9,0,39800.9
24,0.004864,13.9357,39797,0,39797
24,0.00494933,18.8144,39760.4,0,39760.4
24,0.00503467,12.7508,39752,0,39752
24,0.00512,21.0071,39742.1,0,39742.1
24,0.00520533,27.326,39713.4,0,39713.4
24,0.00529067,9.4707,39754.1,0,39754.1
24,0.005376,18.5326,39726,0,39726
24,0.00546133,18.3355,39725.3,0,39725.3
24,0.00554667,13.5708,39690.2,0,39690.2
24,0.005632,7.17383,39700.6,0,39700.6
24,0.00571733,8.82042,39688.6,0,39688.6
24,0.00580267,11.2123,39666.9,0,39666.9
24,0.005888,5.5985,39650.6,0,39650.6
24,0.00597333,8.74549,39643.5,0,39643.5
24,0.00605867,8.11966,39624.8,0,39624.8
24,0.006144,7.04683,39631.7,0,39631.7
24,0.00622933,16.8907,39607.8,0,39607.8
24,0.00631467,35.8916,39592,0,39592
24,0.0064,26.4299,39602.4,0,39602.4
24,0.00648533,17.0166,39585.9,0,39585.9
24,0.00657067,17.1924,39560.3,0,39560.3
24,0.006656,21.4117,39532.9,0,39533
24,0.00674133,6.04635,39565.5,0,39565.5
24,0.00682667,14.1395,39551.6,0,39551.6
24,0.006912,10.038,39529.4,0,39529.4
24,0.00699733,5.63494,39516.7,0,39516.7
24,0.00708267,10.6338,39506.9,0,39506.9
24,0.007168,26.016,39515,0,39515
24,0.00725333,10.1617,39500.7,0,39500.7
24,0.00733867,5.55706,39479.2,0,39479.2
24,0.007424,-7.58923,39500.3,0,39500.3
24,0.00750933,9.57827,39478.8,0,39478.8
24,0.00759467,3.2733,39465.6,0,39465.6
24,0.00768,9.34277,39457.6,0,39457.6
24,0.00776533,-6.7486,39433.1,0,39433.1
24,0.00785067,7.81203,39463.7,0,39463.7
24,0.007936,8.92765,39444.5,0,39444.5
24,0.00802133,8.24034,39429.8,0,39429.8
24,0.00810667,6.50439,39415.5,0,39415.5
24,0.008192,3.36051,39414.2,0,39414.2
24,0.00827733,7.93862,39401.2,0,39401.2
24,0.00836267,9.81925,39383.8,0,39383.8
24,0.008448,9.66813,39398,0,39398
24,0.00853333,8.99754,39381,0,39381
24,0.00861867,24.3813,39364.8,0,39364.9
24,0.008704,11.6264,39374.6,0,39374.6
24,0.00878933,9.00868,39360,0,39360
24,0.00887467,14.7802,39343.1,0,39343.1
24,0.00896,14.5231,39351.9,0,39351.9
24,0.00904533,4.17814,39355.7,0,39355.7
24,0.00913067,6.11427,39340.4,0,39340.4
24,0.009216,5.5344,39331,0,39331
24,0.00930133,6.55637,39320.8,0,39320.8
24,0.00938667,-11.7355,39342.9,0,39342.9
24,0.009472,5.95617,39318.2,0,39318.2
24,0.00955733,3.38988,39310,0,39310
24,0.00964267,2.47641,39305.8,0,39305.8
24,0.009728,2.08491,39302.1,0,39302.1
24,0.00981333,2.61612,39298,0,39298
24,0.00989867,2.3258,39293.9,0,39293.9
24,0.009984,2.6491,39289.5,0,39289.5
24,0.0100693,2.32652,39285.1,0,39285.1
24,0.0101547,2.10646,39281.6,0,39281.6
24,0.01024,2.67203,39277.7,0,39277.7
24,0.0103253,2.90535,39272.6,0,39272.6
24,0.0104107,2.4198,39267.9,0,39267.9
24,0.010496,2.02804,39264.2,0,39264.2
24,0.0105813,1.59289,39261,0,39261
24,0.0106667,1.01748,39259.1,0,39259.1
24,0.010752,2.70852,39256.7,0,39256.7
24,0.0108373,4.13402,39250.4,0,39250.4
24,0.0109227,5.23417,39242.4,0,39242.4
24,0.011008,7.15842,39222.3,0,39222.3
24,0.0110933,5.76782,39244.2,0,39244.2
24,0.0111787,4.02285,39235,0,39235
24,0.011264,1.74598,39230.5,0,39230.5
24,0.0113493,-2.88091,39224.8,0,39224.8
24,0.0114347,3.79093,39233.3,0,39233.3
24,0.01152,3.00536,39223.1,0,39223.1
24,0.0116053,-6.09888,39233.4,0,39233.4
24,0.0116907,3.24369,39230.3,0,39230.3
24,0.011776,3.06696,39224,0,39224
24,0.0118613,2.30267,39219.3,0,39219.3
24,0.0119467,1.21309,39216.4,0,39216.4
24,0.012032,1.91443,39214.7,0,39214.7
24,0.0121173,3.12415,39210.1,0,39210.1
24,0.0122027,3.84661,39204.2,0,39204.2
24,0.012288,6.20588,39197,0,39197
24,0.0123733,52.6673,39164.8,0,39164.8
24,0.0124587,7.85928,39221.4,0,39221.4
24,0.012544,3.88858,39214,0,39214
24,0.0126293,3.39022,39207.8,0,39207.8
24,0.0127147,2.83483,39202.5,0,39202.5
25,0,52.5084,37106.2,0,37106.2
25,8.53333e-05,3.7061,37147.4,0,37147.4
25,0.000170667,53.2242,37510.5,0,37510.5
25,0.000256,158.496,37563.6,0,37563.9
25,0.000341333,161.023,37814.5,0,37814.8
25,0.000426667,96.4025,37880.4,0,37880.6
25,0.000512,45.8917,38272.8,0,38272.9
25,0.000597333,-11.055,38301.7,0,38301.7
25,0.000682667,160.574,38515.6,0,38516
25,0.000768,89.2043,38525.4,0,38525.5
25,0.000853333,635.56,39110.3,0,39115.5
25,0.000938667,224.27,38983.4,0,38984.1
25,0.001024,158.065,38953.6,0,38953.9
25,0.00110933,74.3791,39130.6,0,39130.6
25,0.00119467,46.2228,39112.4,0,39112.5
25,0.00128,44.9108,39354.7,0,39354.7
25,0.00136533,-29.0409,39493.5,0,39493.5
25,0.00145067,19.8033,39424.9,0,39424.9
25,0.001536,92.7479,39500.9,0,39501
25,0.00162133,156.709,39504.7,0,39505
25,0.00170667,44.542,39618.2,0,39618.3
25,0.001792,1.30854,39674.5,0,39674.5
25,0.00187733,99.5976,39897.9,0,39898
25,0.00196267,58.5182,39780.7,0,39780.7
25,0.002048,62.0456,39731.7,0,39731.7
25,0.00213333,81.3749,39765.3,0,39765.4
25,0.00221867,64.2203,39860.5,0,39860.5
25,0.002304,41.1497,39804.1,0,39804.1
25,0.00238933,95.5511,39912.1,0,39912.2
25,0.00247467,49.0273,39890,0,39890.1
25,0.00256,97.5623,39966,0,39966.2
25,0.00264533,231.963,40087.3,0,40087.9
25,0.00273067,74.4427,39964.9,0,39964.9
25,0.002816,56.6384,40017.8,0,40017.9
25,0.00290133,42.8772,40002.3,0,40002.3
25,0.00298667,58.436,40002.7,0,40002.7
25,0.003072,86.1322,39985,0,39985.1
25,0.00315733,44.5513,40003.5,0,40003.6
25,0.00324267,6.55188,39975,0,39975
25,0.003328,5.21117,39998.1,0,39998.1
25,0.00341333,30.433,39970.7,0,39970.7
25,0.00349867,36.7508,39973.3,0,39973.3
25,0.003584,33.7585,39988.3,0,39988.3
25,0.00366933,13.5261,39955.4,0,39955.4
25,0.00375467,26.4778,39952.2,0,39952.2
25,0.00384,8.51256,39935.2,0,39935.2
25,0.00392533,37.163,39947.7,0,39947.7
25,0.00401067,21.0367,39935.8,0,39935.8
25,0.004096,6.8496,39949.9,0,39949.9
25,0.00418133,16.7578,39929.2,0,39929.2
25,0.00426667,46.8019,39936.8,0,39936.8
25,0.004352,23.0244,39883.4,0,39883.4
25,0.00443733,9.26263,39899.5,0,39899.5
25,0.00452267,39.8787,39864.8,0,39864.8
25,0.004608,23.7694,39854.3,0,39854.3
25,0.00469333,-14.2637,39813,0,39813
25,0.00477867,18.3922,39841.8,0,39841.8
25,0.004864,10.4746,39830.3,0,39830.3
25,0.00494933,17.2991,39797.4,0,39797.4
25,0.00503467,9.60778,39785.8,0,39785.8
25,0.00512,18.1819,39772.5,0,39772.5
25,0.00520533,15.405,39767,0,39767
25,0.00529067,4.12162,39780.2,0,39780.2
25,0.005376,20.3697,39757.2,0,39757.2
25,0.00546133,23.5527,39753.8,0,39753.8
25,0.00554667,16.9412,39716.9,0,39716.9
25,0.005632,11.2683,39734,0,39734
25,0.00571733,9.90405,39716.6,0,39716.6
25,0.00580267,11.5351,39694.4,0,39694.4
25,0.005888,6.07938,39677.4,0,39677.4
25,0.00597333,10.2007,39669.3,0,39669.3
25,0.00605867,9.28206,39645.8,0,39645.8
25,0.006144,6.26236,39658.8,0,39658.8
25,0.00622933,17.3972,39630.7,0,39630.7
25,0.00631467,42.2652,39613,0,39613.1
25,0.0064,23.5201,39624.1,0,39624.1
25,0.00648533,17.1051,39607.9,0,39607.9
25,0.00657067,16.8767,39581.9,0,39581.9
25,0.006656,21.1335,39552.7,0,39552.7
25,0.00674133,6.61203,39586,0,39586
25,0.00682667,13.7985,39571,0,39571
25,0.006912,9.99118,39548.4,0,39548.4
25,0.00699733,4.77535,39535.8,0,39535.8
25,0.00708267,11.6764,39527.6,0,39527.6
25,0.007168,24.4017,39530.4,0,39530.4
25,0.00725333,10.9483,39518.7,0,39518.7
25,0.00733867,2.74825,39499.7,0,39499.7
25,0.007424,6.00685,39510.5,0,39510.5
25,0.00750933,9.07165,39493.6,0,39493.6
25,0.00759467,0.307509,39480.8,0,39480.8
25,0.00768,9.29156,39476.2,0,39476.2
25,0.00776533,-4.44032,39458.3,0,39458.3
25,0.00785067,6.00805,39476.1,0,39476.1
25,0.007936,8.46305,39459.2,0,39459.2
25,0.00802133,8.01645,39444.8,0,39444.8
25,0.00810667,6.18642,39431.3,0,39431.3
25,0.008192,3.82962,39427.4,0,39427.4
25,0.00827733,7.48364,39415.7,0,39415.7
25,0.00836267,7.18184,39399.4,0,39399.4
25,0.008448,6.09384,39411,0,39411
25,0.00853333,8.19823,39395.5,0,39395.5
25,0.00861867,16.0389,39380.7,0,39380.7
25,0.008704,15.8623,39389.7,0,39389.7
25,0.00878933,10.0197,39373.8,0,39373.8
25,0.00887467,16.4336,39357.6,0,39357.6
25,0.00896,16.9129,39364.5,0,39364.5
25,0.00904533,-7.80235,39373.9,0,39373.9
25,0.00913067,6.69498,39353.4,0,39353.4
25,0.009216,5.92545,39343.1,0,39343.1
25,0.00930133,7.47232,39332.6,0,39332.6
25,0.00938667,56.7829,39318.8,0,39318.9
25,0.009472,7.23464,39329.9,0,39329.9
25,0.00955733,3.49631,39321.1,0,39321.1
25,0.00964267,2.50436,39317.3,0,39317.3
25,0.009728,2.37331,39313.2,0,39313.2
25,0.00981333,2.795,39308.6,0,39308.6
25,0.00989867,2.44859,39304.3,0,39304.3
25,0.009984,2.83081,39299.7,0,39299.7
25,0.0100693,2.46219,39294.9,0,39294.9
25,0.0101547,2.18774,39291.3,0,39291.3
25,0.01024,2.78485,39287.2,0,39287.2
25,0.0103253,3.02317,39281.9,0,39281.9
25,0.0104107,2.49202,39277,0,39277
25,0.010496,2.16884,39273.2,0,39273.2
25,0.0105813,1.70754,39269.7,0,39269.7
25,0.0106667,1.13771,39267.6,0,39267.6
25,0.010752,2.62304,39265.2,0,39265.2
25,0.0108373,4.19959,39259.1,0,39259.1
25,0.0109227,5.68987,39250.9,0,39250.9
25,0.011008,15.3905,39232.2,0,39232.2
25,0.0110933,7.36842,39253,0,39253
25,0.0111787,4.29758,39243.5,0,39243.5
25,0.011264,2.48806,39238.4,0,39238.4
25,0.0113493,-2.18561,39226.8,0,39226.8
25,0.0114347,5.06232,39241.8,0,39241.8
25,0.01152,3.94602,39229.8,0,39229.8
25,0.0116053,-8.12667,39244,0,39244
25,0.0116907,3.82669,39238.3,0,39238.3
25,0.011776,3.28692,39231.4,0,39231.4
25,0.0118613,2.43246,39226.4,0,39226.4
25,0.0119467,1.27759,39223.3,0,39223.3
25,0.012032,1.81272,39221.7,0,39221.7
25,0.0121173,3.25771,39217.2,0,39217.2
25,0.0122027,4.42466,39210.9,0,39210.9
25,0.012288,7.85849,39202.4,0,39202.4
25,0.0123733,57.0987,39193.3,0,39193.4
25,0.0124587,8.1827,39226.5,0,39226.5
25,0.012544,3.83291,39220.8,0,39220.8
25,0.0126293,3.46581,39214.5,0,39214.5
25,0.0127147,2.9087,39209.1,0,39209.1
26,0,60.9598,37015,0,37015.1
26,8.53333e-05,17.9761,37071.9,0,37071.9
26,0.000170667,25.9366,37422.1,0,37422.1
26,0.000256,7.04226,37619.4,0,37619.4
26,0.000341333,18.0858,37657,0,37657
26,0.000426667,-9.44108,37919.1,0,37919.1
26,0.000512,-91.482,38237.4,0,38237.5
26,0.000597333,-18.4737,38276.3,0,38276.3
26,0.000682667,81.1303,38381.7,0,38381.8
26,0.000768,110.724,38646.2,0,38646.3
26,0.000853333,-364.569,38844.7,0,38846.4
26,0.000938667,161.835,39069.1,0,39069.4
26,0.001024,109.855,39020.3,0,39020.5
26,0.00110933,39.9329,39169,0,39169
26,0.00119467,-0.808046,39176.9,0,39176.9
26,0.00128,1.95538,39380.2,0,39380.2
26,0.00136533,-49.6595,39519.7,0,39519.7
26,0.00145067,6.90201,39453.8,0,39453.8
26,0.001536,31.5281,39541.4,0,39541.4
26,0.00162133,143.268,39568.2,0,39568.5
26,0.00170667,-5.95653,39697.7,0,39697.7
26,0.001792,33.4875,39698.6,0,39698.6
26,0.00187733,46.6484,39801.5,0,39801.6
26,0.00196267,57.7529,39844.3,0,39844.3
26,0.002048,65.6489,39785.8,0,39785.9
26,0.00213333,73.1092,39813.1,0,39813.2
26,0.00221867,33.4119,39929.6,0,39929.6
26,0.002304,37.0429,39876.4,0,39876.5
26,0.00238933,131.573,39921.1,0,39921.3
26,0.00247467,44.0998,39946.8,0,39946.8
26,0.00256,97.8393,39999.7,0,39999.8
26,0.00264533,300.112,40066,0,40067.2
26,0.00273067,67.6469,40011.5,0,40011.6
26,0.002816,54.1581,40064.5,0,40064.6
26,0.00290133,40.8436,40042.8,0,40042.9
26,0.00298667,56.828,40042.7,0,40042.7
26,0.003072,69.8297,40006,0,40006.1
26,0.00315733,33.381,40046.6,0,40046.6
26,0.00324267,9.52191,40010,0,40010
26,0.003328,-6.38891,40044.1,0,40044.1
26,0.00341333,26.0113,40012.4,0,40012.4
26,0.00349867,32.6898,40001.3,0,40001.3
26,0.003584,36.4211,40021,0,40021
26,0.00366933,14.4421,39986,0,39986
26,0.00375467,26.373,39983.3,0,39983.3
26,0.00384,8.94142,39967.4,0,39967.4
26,0.00392533,35.3824,39978.2,0,39978.2
26,0.00401067,24.4957,39961.9,0,39961.9
26,0.004096,-21.4195,39988.8,0,39988.8
26,0.00418133,19.5093,39955.9,0,39955.9
26,0.00426667,45.4354,39960.7,0,39960.7
26,0.004352,22.4985,39910.8,0,39910.8
26,0.00443733,13.7076,39897.3,0,39897.3
26,0.00452267,38.8936,39893.2,0,39893.2
26,0.004608,27.4462,39880.2,0,39880.2
26,0.00469333,-13.7589,39836,0,39836
26,0.00477867,18.1438,39865.8,0,39865.9
26,0.004864,11.1155,39852.4,0,39852.4
26,0.00494933,18.5222,39819.6,0,39819.6
26,0.00503467,7.61688,39805.2,0,39805.2
26,0.00512,16.5828,39789.8,0,39789.8
26,0.00520533,17.2529,39785,0,39785
26,0.00529067,6.34832,39800.2,0,39800.2
26,0.005376,21.3413,39775.3,0,39775.3
26,0.00546133,25.1767,39770.7,0,39770.7
26,0.00554667,19.7159,39733,0,39733
26,0.005632,15.1919,39753.8,0,39753.8
26,0.00571733,11.287,39731,0,39731
26,0.00580267,11.7605,39708.5,0,39708.5
26,0.005888,5.54508,39691.3,0,39691.3
26,0.00597333,10.0171,39684.8,0,39684.8
26,0.00605867,9.40793,39661.6,0,39661.6
26,0.006144,4.42021,39674.3,0,39674.3
26,0.00622933,17.4591,39646.7,0,39646.7
26,0.00631467,46.254,39625.8,0,39625.8
26,0.0064,17.8053,39631.5,0,39631.5
26,0.00648533,18.4018,39621.8,0,39621.8
26,0.00657067,17.1177,39595.2,0,39595.2
26,0.006656,20.5645,39566.3,0,39566.3
26,0.00674133,7.21181,39596.4,0,39596.4
26,0.00682667,13.5246,39582.1,0,39582.1
26,0.006912,9.69666,39559.8,0,39559.8
26,0.00699733,4.40259,39547.5,0,39547.5
26,0.00708267,11.3758,39540.2,0,39540.2
26,0.007168,24.1865,39539.4,0,39539.4
26,0.00725333,11.5876,39530.8,0,39530.8
26,0.00733867,3.26507,39513.1,0,39513.1
26,0.007424,5.32623,39520.1,0,39520.1
26,0.00750933,8.39137,39505.1,0,39505.1
26,0.00759467,2.35664,39492.3,0,39492.3
26,0.00768,8.67859,39485,0,39485
26,0.00776533,-3.72627,39470.3,0,39470.3
26,0.00785067,5.4411,39484.6,0,39484.6
26,0.007936,8.3248,39468.5,0,39468.5
26,0.00802133,7.97604,39454.1,0,39454.1
26,0.00810667,6.16326,39440.8,0,39440.8
26,0.008192,4.07275,39436.1,0,39436.1
26,0.00827733,7.45062,39424.6,0,39424.6
26,0.00836267,6.54585,39408.6,0,39408.6
26,0.008448,5.05767,39417.7,0,39417.7
26,0.00853333,8.0877,39403.5,0,39403.5
26,0.00861867,16.5514,39389.7,0,39389.7
26,0.008704,16.5192,39397.1,0,39397.1
26,0.00878933,10.4239,39381.7,0,39381.7
26,0.00887467,17.1696,39366.2,0,39366.2
26,0.00896,18.0263,39371.1,0,39371.1
26,0.00904533,-6.27392,39395.6,0,39395.6
26,0.00913067,7.11525,39360.9,0,39360.9
26,0.009216,6.11463,39350.4,0,39350.4
26,0.00930133,7.7737,39339.8,0,39339.8
26,0.00938667,42.7459,39327.3,0,39327.3
26,0.009472,7.76411,39336.7,0,39336.7
26,0.00955733,3.46234,39327.8,0,39327.8
26,0.00964267,2.4613,39324.3,0,39324.3
26,0.009728,2.55729,39319.9,0,39319.9
26,0.00981333,2.86384,39315.1,0,39315.1
26,0.00989867,2.48363,39310.7,0,39310.7
26,0.009984,2.92712,39306,0,39306
26,0.0100693,2.56979,39301.1,0,39301.1
26,0.0101547,2.2826,39297.3,0,39297.3
26,0.01024,2.85046,39293,0,39293
26,0.0103253,3.06277,39287.6,0,39287.6
26,0.0104107,2.5068,39282.7,0,39282.7
26,0.010496,2.20121,39278.9,0,39278.9
26,0.0105813,1.76277,39275.3,0,39275.3
26,0.0106667,1.30422,39273,0,39273
26,0.010752,2.68352,39270.4,0,39270.4
26,0.0108373,4.2375,39264.2,0,39264.2
26,0.0109227,5.94047,39256.1,0,39256.1
26,0.011008,18.149,39240.1,0,39240.1
26,0.0110933,8.20913,39258.2,0,39258.2
26,0.0111787,4.43009,39248.7,0,39248.7
26,0.011264,2.79893,39243.3,0,39243.3
26,0.0113493,1.09803,39229.3,0,39229.3
26,0.0114347,5.30147,39247.9,0,39247.9
26,0.01152,2.8694,39237.5,0,39237.5
26,0.0116053,-3.98266,39245.8,0,39245.8
26,0.0116907,3.21911,39240.8,0,39240.8
26,0.011776,2.93946,39234.9,0,39234.9
26,0.0118613,2.24717,39230.4,0,39230.4
26,0.0119467,1.21751,39227.5,0,39227.5
26,0.012032,1.7689,39225.9,0,39225.9
26,0.0121173,3.18184,39221.5,0,39221.5
26,0.0122027,4.26691,39215.3,0,39215.3
26,0.012288,7.24738,39207.2,0,39207.2
26,0.0123733,52.29,39188.1,0,39188.2
26,0.0124587,8.22192,39231.1,0,39231.1
26,0.012544,3.90373,39225.1,0,39225.1
26,0.0126293,3.54485,39218.6,0,39218.6
26,0.0127147,2.96104,39213.1,0,39213.1
27,0,52.4158,37013.5,0,37013.6
27,8.53333e-05,95.1862,37020.6,0,37020.7
27,0.000170667,164.966,37486.3,0,37486.6
27,0.000256,185.605,37513.2,0,37513.7
27,0.000341333,28.6214,37669,0,37669
27,0.000426667,1.11569,37870.4,0,37870.4
27,0.000512,-16.6098,38214.7,0,38214.7
27,0.000597333,22.5853,38283.4,0,38283.4
27,0.000682667,141.857,38395.5,0,38395.7
27,0.000768,144.958,38677.2,0,38677.5
27,0.000853333,170.096,38815.8,0,38816.2
27,0.000938667,306.047,38929,0,38930.2
27,0.001024,96.929,39114.7,0,39114.9
27,0.00110933,46.6714,39210.4,0,39210.4
27,0.00119467,26.118,39302.8,0,39302.9
27,0.00128,-145.587,39321.8,0,39322.1
27,0.00136533,-60.4397,39534.1,0,39534.1
27,0.00145067,1.09205,39468.4,0,39468.4
27,0.001536,67.3341,39618.6,0,39618.7
27,0.00162133,146.341,39586.4,0,39586.7
27,0.00170667,-30.6617,39736.6,0,39736.6
27,0.001792,17.6159,39759.3,0,39759.3
27,0.00187733,113.518,39973,0,39973.2
27,0.00196267,49.4481,39866.3,0,39866.3
27,0.002048,64.9632,39822.2,0,39822.2
27,0.00213333,78.7936,39839.7,0,39839.7
27,0.00221867,71.6035,39940.8,0,39940.9
27,0.002304,68.5053,39940.3,0,39940.3
27,0.00238933,83.3744,39959,0,39959.1
27,0.00247467,58.807,39964.1,0,39964.1
27,0.00256,85.7514,40051.4,0,40051.5
27,0.00264533,348.905,40086.6,0,40088.1
27,0.00273067,60.8852,40060.9,0,40060.9
27,0.002816,52.5961,40079.6,0,40079.7
27,0.00290133,41.9261,40056.1,0,40056.1
27,0.00298667,51.8709,40050.7,0,40050.7
27,0.003072,66.5116,40046.4,0,40046.4
27,0.00315733,46.229,40060.2,0,40060.3
27,0.00324267,9.88514,40023.3,0,40023.3
27,0.003328,9.08152,40062.2,0,40062.2
27,0.00341333,28.8716,40028.8,0,40028.8
27,0.00349867,39.7759,40031.9,0,40031.9
27,0.003584,34.4627,40033.8,0,40033.9
27,0.00366933,15.4355,39998.2,0,39998.2
27,0.00375467,23.899,40002.7,0,40002.7
27,0.00384,8.29993,39986,0,39986
27,0.00392533,28.7316,39988.2,0,39988.2
27,0.00401067,24.9278,39981.5,0,39981.5
27,0.004096,10.0198,39944.1,0,39944.1
27,0.00418133,18.3529,39967.4,0,39967.4
27,0.00426667,0.710105,39976,0,39976
27,0.004352,23.0173,39923.5,0,39923.5
27,0.00443733,13.5796,39913.5,0,39913.5
27,0.00452267,38.2638,39907.6,0,39907.6
27,0.004608,26.4073,39891.4,0,39891.4
27,0.00469333,-0.993014,39869.5,0,39869.5
27,0.00477867,16.8306,39874.5,0,39874.5
27,0.004864,10.2331,39863.7,0,39863.7
27,0.00494933,18.6289,39831.3,0,39831.3
27,0.00503467,9.90898,39814.9,0,39814.9
27,0.00512,15.1957,39801.7,0,39801.7
27,0.00520533,16.6215,39793.7,0,39793.7
27,0.00529067,6.53871,39813.3,0,39813.3
27,0.005376,22.4506,39787.2,0,39787.2
27,0.00546133,26.4113,39779.9,0,39779.9
27,0.00554667,18.3611,39743.4,0,39743.4
27,0.005632,15.4496,39763.8,0,39763.8
27,0.00571733,11.1366,39739.3,0,39739.3
27,0.00580267,11.536,39717.4,0,39717.4
27,0.005888,5.90481,39700.6,0,39700.6
27,0.00597333,10.3729,39692.9,0,39692.9
27,0.00605867,10.1126,39668.1,0,39668.1
27,0.006144,3.76104,39682.7,0,39682.7
27,0.00622933,16.0923,39655.5,0,39655.5
27,0.00631467,36.245,39622.9,0,39622.9
27,0.0064,21.4552,39642.2,0,39642.2
27,0.00648533,17.7777,39630.3,0,39630.3
27,0.00657067,16.5647,39603.3,0,39603.3
27,0.006656,17.8007,39573.3,0,39573.3
27,0.00674133,12.8821,39604.4,0,39604.4
27,0.00682667,13.6498,39590.3,0,39590.3
27,0.006912,10.0451,39567.5,0,39567.5
27,0.00699733,3.28461,39555.3,0,39555.3
27,0.00708267,9.78589,39548.6,0,39548.6
27,0.007168,25.5539,39539.8,0,39539.8
27,0.00725333,12.9433,39539.1,0,39539.1
27,0.00733867,6.81163,39520.8,0,39520.8
27,0.007424,2.82817,39525.8,0,39525.8
27,0.00750933,8.45442,39511.6,0,39511.6
27,0.00759467,2.38333,39498.2,0,39498.2
27,0.00768,8.75229,39490.8,0,39490.8
27,0.00776533,-3.19939,39476.6,0,39476.6
27,0.00785067,5.27281,39489.4,0,39489.4
27,0.007936,8.24848,39473.7,0,39473.7
27,0.00802133,7.95182,39459.4,0,39459.4
27,0.00810667,6.61784,39446.1,0,39446.1
27,0.008192,3.45019,39439.6,0,39439.6
27,0.00827733,7.23404,39429.7,0,39429.7
27,0.00836267,6.36746,39413.9,0,39413.9
27,0.008448,4.9207,39422.3,0,39422.3
27,0.00853333,8.12514,39408.2,0,39408.2
27,0.00861867,16.5945,39394.4,0,39394.4
27,0.008704,16.5736,39401.6,0,39401.6
27,0.00878933,10.4466,39386.3,0,39386.3
27,0.00887467,17.0949,39370.4,0,39370.4
27,0.00896,17.8619,39375.6,0,39375.6
27,0.00904533,-7.4002,39396.4,0,39396.4
27,0.00913067,7.00324,39365.1,0,39365.1
27,0.009216,5.89021,39354.7,0,39354.7
27,0.00930133,6.80734,39344.6,0,39344.6
27,0.00938667,16.8472,39316.7,0,39316.7
27,0.009472,7.61679,39341.5,0,39341.5
27,0.00955733,3.5329,39331.7,0,39331.7
27,0.00964267,2.54242,39328.1,0,39328.1
27,0.009728,2.59787,39323.6,0,39323.6
27,0.00981333,3.03169,39318.6,0,39318.6
27,0.00989867,2.52881,39314,0,39314
27,0.009984,2.92034,39309.3,0,39309.3
27,0.0100693,2.56153,39304.4,0,39304.4
27,0.0101547,2.25739,39300.6,0,39300.6
27,0.01024,2.87935,39296.4,0,39296.4
27,0.0103253,3.11614,39290.9,0,39290.9
27,0.0104107,2.53349,39285.9,0,39285.9
27,0.010496,2.24073,39282,0,39282
27,0.0105813,1.76691,39278.4,0,39278.4
27,0.0106667,1.25347,39276.1,0,39276.1
27,0.010752,2.67792,39273.6,0,39273.6
27,0.0108373,4.27695,39267.4,0,39267.4
27,0.0109227,5.9805,39259.1,0,39259.1
27,0.011008,17.979,39242.7,0,39242.7
27,0.0110933,8.18655,39261.1,0,39261.1
27,0.0111787,4.58027,39251.4,0,39251.4
27,0.011264,2.78813,39245.7,0,39245.7
27,0.0113493,4.81329,39234.5,0,39234.5
27,0.0114347,6.04026,39252,0,39252
27,0.01152,3.34926,39240.2,0,39240.2
27,0.0116053,-4.57199,39249.6,0,39249.6
27,0.0116907,3.33915,39243.7,0,39243.7
27,0.011776,2.99628,39237.7,0,39237.7
27,0.0118613,2.34407,39233.1,0,39233.1
27,0.0119467,1.47803,39229.8,0,39229.8
27,0.012032,1.68555,39228,0,39228
27,0.0121173,3.10277,39223.9,0,39223.9
27,0.0122027,4.25083,39217.7,0,39217.7
27,0.012288,7.09326,39209.5,0,39209.5
27,0.0123733,53.4741,39185.2,0,39185.2
27,0.0124587,8.13152,39232.7,0,39232.7
27,0.012544,3.41876,39227.3,0,39227.3
27,0.0126293,3.55469,39221,0,39221
27,0.0127147,3.01385,39215.4,0,39215.4
28,0,51.6712,36958.2,0,36958.3
28,8.53333e-05,-117.966,37332.6,0,37332.8
28,0.000170667,46.224,37320.1,0,37320.1
28,0.000256,29.6923,37785.3,0,37785.3
28,0.000341333,20.3087,37710.9,0,37710.9
28,0.000426667,41.6838,38000.2,0,38000.2
28,0.000512,15.4764,38259.3,0,38259.3
28,0.000597333,-20.6855,38287.2,0,38287.2
28,0.000682667,121.495,38417.5,0,38417.7
28,0.000768,124.942,38702.8,0,38703
28,0.000853333,140.522,38827.5,0,38827.7
28,0.000938667,191.817,39128.2,0,39128.6
28,0.001024,94.0225,39076.7,0,39076.8
28,0.00110933,50.5911,39224.1,0,39224.1
28,0.00119467,-68.9676,39266.6,0,39266.6
28,0.00128,-114.949,39337.8,0,39337.9
28,0.00136533,-116.367,39506.3,0,39506.4
28,0.00145067,19.9399,39521.8,0,39521.8
28,0.001536,61.9183,39617.8,0,39617.8
28,0.00162133,147.561,39604.7,0,39605
28,0.00170667,-27.1956,39695.8,0,39695.8
28,0.001792,15.8522,39763,0,39763
28,0.00187733,79.1978,39926.7,0,39926.7
28,0.00196267,46.9948,39867.8,0,39867.8
28,0.002048,74.3161,39824.2,0,39824.2
28,0.00213333,111.081,39879.8,0,39880
28,0.00221867,186.924,39790.3,0,39790.7
28,0.002304,91.5495,39973.6,0,39973.7
28,0.00238933,117.33,39951.1,0,39951.3
28,0.00247467,57.6365,39982.9,0,39982.9
28,0.00256,88.2263,40067.6,0,40067.7
28,0.00264533,248.769,40090.5,0,40091.3
28,0.00273067,65.3991,40068.9,0,40068.9
28,0.002816,52.3783,40093.8,0,40093.8
28,0.00290133,44.9838,40070,0,40070
28,0.00298667,54.8293,40065.4,0,40065.4
28,0.003072,78.868,40073.4,0,40073.4
28,0.00315733,36.5864,40071.4,0,40071.4
28,0.00324267,4.96179,40031.8,0,40031.8
28,0.003328,4.2455,40062.4,0,40062.4
28,0.00341333,21.1821,40042.2,0,40042.2
28,0.00349867,38.8851,40028.7,0,40028.7
28,0.003584,35.2035,40046.1,0,40046.1
28,0.00366933,10.6369,40015.6,0,40015.6
28,0.00375467,28.8098,40018.2,0,40018.2
28,0.00384,16.5521,39997.3,0,39997.3
28,0.00392533,25.5233,39988.7,0,39988.7
28,0.00401067,23.7119,39988.7,0,39988.7
28,0.004096,8.43262,39950,0,39950
28,0.00418133,18.8832,39977.3,0,39977.3
28,0.00426667,46.8945,39982.6,0,39982.6
28,0.004352,23.88,39928.2,0,39928.2
28,0.00443733,-0.996679,39937.2,0,39937.2
28,0.00452267,38.921,39910.1,0,39910.1
28,0.004608,23.9738,39897.6,0,39897.6
28,0.00469333,0.39917,39876.7,0,39876.7
28,0.00477867,16.8044,39879.7,0,39879.7
28,0.004864,9.95283,39870.6,0,39870.6
28,0.00494933,19.5426,39836.8,0,39836.8
28,0.00503467,10.9594,39821.6,0,39821.6
28,0.00512,15.5732,39808.2,0,39808.2
28,0.00520533,17.2649,39798.8,0,39798.8
28,0.00529067,4.78527,39816.3,0,39816.3
28,0.005376,20.7264,39792.1,0,39792.1
28,0.00546133,27.4483,39786.9,0,39786.9
28,0.00554667,17.0722,39749.1,0,39749.1
28,0.005632,13.6014,39765.7,0,39765.7
28,0.00571733,9.93435,39746.9,0,39746.9
28,0.00580267,12.2692,39723.3,0,39723.3
28,0.005888,5.93726,39705.8,0,39705.8
28,0.00597333,9.5696,39698.4,0,39698.4
28,0.00605867,9.32881,39677.6,0,39677.6
28,0.006144,6.09631,39680.2,0,39680.2
28,0.00622933,14.9675,39658.3,0,39658.3
28,0.00631467,35.9182,39630.7,0,39630.7
28,0.0064,21.917,39642.1,0,39642.1
28,0.00648533,19.1101,39634.6,0,39634.6
28,0.00657067,17.0915,39607.7,0,39607.7
28,0.006656,18.3734,39577.3,0,39577.3
28,0.00674133,12.446,39608.9,0,39608.9
28,0.00682667,13.8144,39594.6,0,39594.6
28,0.006912,10.2149,39572,0,39572
28,0.00699733,5.0258,39558.1,0,39558.1
28,0.00708267,9.36612,39551.5,0,39551.5
28,0.007168,26.8204,39542,0,39542
28,0.00725333,12.9023,39542,0,39542
28,0.00733867,7.05354,39522.6,0,39522.6
28,0.007424,2.98206,39529.9,0,39529.9
28,0.00750933,8.56749,39514.4,0,39514.4
28,0.00759467,3.24022,39501.4,0,39501.4
28,0.00768,8.83509,39492.9,0,39492.9
28,0.00776533,-4.2548,39477.2,0,39477.2
28,0.00785067,5.76171,39493.4,0,39493.4
28,0.007936,8.48661,39476.8,0,39476.8
28,0.00802133,8.13321,39462.2,0,39462.2
28,0.00810667,6.8035,39448.5,0,39448.5
28,0.008192,3.08753,39442.4,0,39442.4
28,0.00827733,7.41008,39432.4,0,39432.4
28,0.00836267,7.05758,39416.1,0,39416.1
28,0.008448,5.44478,39425.8,0,39425.8
28,0.00853333,8.14331,39410.7,0,39410.7
28,0.00861867,16.2746,39396.1,0,39396.1
28,0.008704,16.1907,39404.5,0,39404.5
28,0.00878933,10.2623,39388.5,0,39388.5
28,0.00887467,16.7249,39372.1,0,39372.1
28,0.00896,17.2517,39378.4,0,39378.4
28,0.00904533,-7.96961,39389.7,0,39389.7
28,0.00913067,6.81155,39367.1,0,39367.1
28,0.009216,5.82368,39356.7,0,39356.7
28,0.00930133,6.62274,39346.7,0,39346.7
28,0.00938667,12.2743,39318,0,39318
28,0.009472,7.29661,39343.6,0,39343.6
28,0.00955733,3.77026,39333.5,0,39333.5
28,0.00964267,2.46803,39329.5,0,39329.5
28,0.009728,2.45161,39325.4,0,39325.4
28,0.00981333,2.96894,39320.6,0,39320.6
28,0.00989867,2.5496,39316,0,39316
28,0.009984,2.98528,39311.3,0,39311.3
28,0.0100693,2.72702,39306.1,0,39306.1
28,0.0101547,2.33665,39302,0,39302
28,0.01024,2.79702,39297.9,0,39297.9
28,0.0103253,3.07778,39292.5,0,39292.5
28,0.0104107,2.58512,39287.6,0,39287.6
28,0.010496,2.31223,39283.5,0,39283.5
28,0.0105813,1.788,39279.8,0,39279.8
28,0.0106667,1.14431,39277.6,0,39277.6
28,0.010752,2.65756,39275.3,0,39275.3
28,0.0108373,4.28642,39269,0,39269
28,0.0109227,5.85405,39260.7,0,39260.7
28,0.011008,16.2105,39242.3,0,39242.3
28,0.0110933,7.63556,39262.5,0,39262.5
28,0.0111787,4.47901,39252.8,0,39252.8
28,0.011264,2.54342,39247.2,0,39247.2
28,0.0113493,3.07024,39237.1,0,39237.1
28,0.0114347,5.3092,39253.1,0,39253.1
28,0.01152,3.05279,39241.6,0,39241.6
28,0.0116053,-4.12349,39250,0,39250
28,0.0116907,3.23566,39245,0,39245
28,0.011776,2.96684,39239.2,0,39239.2
28,0.0118613,2.35166,39234.5,0,39234.5
28,0.0119467,1.4915,39231.2,0,39231.2
28,0.012032,1.66293,39229.4,0,39229.4
28,0.0121173,2.98218,39225.4,0,39225.4
28,0.0122027,3.82718,39219.5,0,39219.5
28,0.012288,5.41103,39212.3,0,39212.3
28,0.0123733,18.7827,39190.3,0,39190.3
28,0.0124587,9.62124,39238,0,39238
28,0.012544,3.85156,39229,0,39229
28,0.0126293,3.67504,39222.4,0,39222.4
28,0.0127147,3.07307,39216.6,0,39216.6
29,0,52.4632,36965.7,0,36965.7
29,8.53333e-05,71.04,36958.6,0,36958.6
29,0.000170667,88.0958,37435,0,37435.1
29,0.000256,105.506,37647.1,0,37647.3
29,0.000341333,60.0238,37692.6,0,37692.7
29,0.000426667,23.1791,37963.4,0,37963.4
29,0.000512,6.05827,38200.9,0,38200.9
29,0.000597333,-16.4035,38253.6,0,38253.6
29,0.000682667,125.733,38431.9,0,38432.1
29,0.000768,122.537,38683.2,0,38683.4
29,0.000853333,127.668,38809.6,0,38809.8
29,0.000938667,219.644,39149.4,0,39150
29,0.001024,107.41,39092.5,0,39092.7
29,0.00110933,54.0124,39241.9,0,39241.9
29,0.00119467,-54.1597,39281.2,0,39281.3
29,0.00128,-64.5828,39356.7,0,39356.7
29,0.00136533,-98.8305,39507.3,0,39507.4
29,0.00145067,23.4811,39524.9,0,39524.9
29,0.001536,41.0715,39611.9,0,39611.9
29,0.00162133,170.688,39614.4,0,39614.7
29,0.00170667,4.69722,39720.5,0,39720.5
29,0.001792,21.6674,39763.5,0,39763.5
29,0.00187733,88.9294,39932.1,0,39932.2
29,0.00196267,58.8955,39864.5,0,39864.5
29,0.002048,65.6768,39829.8,0,39829.8
29,0.00213333,85.4029,39874,0,39874.1
29,0.00221867,122.428,39860.2,0,39860.4
29,0.002304,125.219,40001.3,0,40001.5
29,0.00238933,86.3958,39967.6,0,39967.7
29,0.00247467,57.2161,40001.8,0,40001.8
29,0.00256,87.8631,40078.1,0,40078.1
29,0.00264533,181.157,40121.7,0,40122.1
29,0.00273067,66.8309,40071,0,40071.1
29,0.002816,54.3327,40104.5,0,40104.5
29,0.00290133,43.0125,40078.2,0,40078.2
29,0.00298667,47.1773,40080.3,0,40080.3
29,0.003072,73.9829,40072.2,0,40072.2
29,0.00315733,50.5608,40079.1,0,40079.1
29,0.00324267,12.9926,40049.7,0,40049.7
29,0.003328,17.8566,40061.8,0,40061.8
29,0.00341333,24.6637,40044.7,0,40044.7
29,0.00349867,46.5002,40016.3,0,40016.4
29,0.003584,41.5907,40059.7,0,40059.7
29,0.00366933,13.8651,40021.2,0,40021.2
29,0.00375467,29.995,40020.3,0,40020.3
29,0.00384,16.5968,39999.5,0,39999.5
29,0.00392533,26.3877,39994.4,0,39994.4
29,0.00401067,24.4109,39991.2,0,39991.2
29,0.004096,53.3856,39953.3,0,39953.4
29,0.00418133,18.5526,39979.5,0,39979.5
29,0.00426667,47.0739,39986.9,0,39986.9
29,0.004352,24.3684,39932.2,0,39932.2
29,0.00443733,-5.7368,39955.3,0,39955.3
29,0.00452267,41.0851,39909.5,0,39909.5
29,0.004608,33.2515,39900.7,0,39900.7
29,0.00469333,-0.0475261,39877.6,0,39877.6
29,0.00477867,16.7118,39879.5,0,39879.5
29,0.004864,8.65066,39875.3,0,39875.3
29,0.00494933,20.6142,39840.1,0,39840.1
29,0.00503467,9.23957,39826.7,0,39826.7
29,0.00512,17.5139,39812.7,0,39812.7
29,0.00520533,14.3804,39822.7,0,39822.7
29,0.00529067,16.492,39822.2,0,39822.2
29,0.005376,19.8345,39798,0,39798
29,0.00546133,25.9189,39793.1,0,39793.1
29,0.00554667,14.4851,39757.3,0,39757.3
29,0.005632,8.88256,39767.3,0,39767.3
29,0.00571733,9.83614,39749.2,0,39749.2
29,0.00580267,12.4787,39725.8,0,39725.8
29,0.005888,6.52626,39707.7,0,39707.7
29,0.00597333,9.32114,39699.4,0,39699.4
29,0.00605867,9.62172,39679.1,0,39679.1
29,0.006144,7.2485,39685,0,39685
29,0.00622933,15.0383,39660.7,0,39660.7
29,0.00631467,34.2751,39633.9,0,39633.9
29,0.0064,27.9877,39646.7,0,39646.7
29,0.00648533,18.013,39636.8,0,39636.8
29,0.00657067,17.1522,39609.4,0,39609.4
29,0.006656,19.5518,39577.7,0,39577.7
29,0.00674133,12.4026,39615.2,0,39615.2
29,0.00682667,14.2204,39598.5,0,39598.5
29,0.006912,10.837,39575,0,39575
29,0.00699733,5.69482,39560.2,0,39560.2
29,0.00708267,9.69711,39551.9,0,39551.9
29,0.007168,28.611,39540.4,0,39540.4
29,0.00725333,11.3294,39544.2,0,39544.2
29,0.00733867,7.41105,39524.9,0,39524.9
29,0.007424,4.11977,39534.5,0,39534.5
29,0.00750933,9.82869,39515.2,0,39515.2
29,0.00759467,1.53654,39501.6,0,39501.6
29,0.00768,9.45076,39495.6,0,39495.6
29,0.00776533,-4.58119,39476.8,0,39476.8
29,0.00785067,6.12821,39495.8,0,39495.8
29,0.007936,8.54248,39478.7,0,39478.7
29,0.00802133,8.19611,39464.1,0,39464.1
29,0.00810667,6.9123,39450.2,0,39450.2
29,0.008192,2.85621,39444.3,0,39444.3
29,0.00827733,7.4108,39434.4,0,39434.4
29,0.00836267,8.18964,39419.5,0,39419.5
29,0.008448,-0.281152,39438.9,0,39438.9
29,0.00853333,8.49298,39412.9,0,39412.9
29,0.00861867,15.7218,39396.8,0,39396.8
29,0.008704,15.5003,39406.5,0,39406.6
29,0.00878933,9.95748,39389.8,0,39389.8
29,0.00887467,15.796,39372.6,0,39372.6
29,0.00896,15.9246,39380.8,0,39380.8
29,0.00904533,-5.33977,39382.3,0,39382.3
29,0.00913067,6.47129,39368,0,39368
29,0.009216,5.70678,39357.8,0,39357.8
29,0.00930133,6.2883,39348,0,39348
29,0.00938667,3.29604,39322.1,0,39322.2
29,0.009472,6.54426,39344.6,0,39344.6
29,0.00955733,3.7993,39334.8,0,39334.8
29,0.00964267,2.61359,39330.3,0,39330.3
29,0.009728,2.26046,39326.2,0,39326.2
29,0.00981333,2.98362,39321.7,0,39321.7
29,0.00989867,2.66516,39316.9,0,39316.9
29,0.009984,2.97422,39312.1,0,39312.1
29,0.0100693,2.68196,39307,0,39307
29,0.0101547,2.27965,39303,0,39303
29,0.01024,2.76982,39298.9,0,39298.9
29,0.0103253,3.07569,39293.6,0,39293.6
29,0.0104107,2.59729,39288.6,0,39288.6
29,0.010496,2.34445,39284.5,0,39284.5
29,0.0105813,1.91246,39280.8,0,39280.8
29,0.0106667,1.27044,39278.1,0,39278.1
29,0.010752,2.42953,39276.1,0,39276.1
29,0.0108373,4.25643,39270,0,39270
29,0.0109227,5.64285,39261.7,0,39261.7
29,0.011008,11.9665,39241.1,0,39241.2
29,0.0110933,6.82416,39263.1,0,39263.1
29,0.0111787,4.28815,39253.4,0,39253.4
29,0.011264,2.06741,39248.2,0,39248.2
29,0.0113493,1.59471,39239.9,0,39239.9
29,0.0114347,5.1159,39252.7,0,39252.7
29,0.01152,4.4056,39239.1,0,39239.1
29,0.0116053,-8.54766,39254.1,0,39254.1
29,0.0116907,3.92651,39247.6,0,39247.6
29,0.011776,3.32757,39240.7,0,39240.7
29,0.0118613,2.54241,39235.6,0,39235.6
29,0.0119467,1.5403,39232.1,0,39232.1
29,0.012032,1.62747,39230.4,0,39230.4
29,0.0121173,2.9792,39226.3,0,39226.3
29,0.0122027,3.75497,39220.5,0,39220.5
29,0.012288,5.00884,39213.4,0,39213.4
29,0.0123733,12.3635,39190,0,39190
29,0.0124587,7.62162,39238.4,0,39238.4
29,0.012544,3.64304,39229.1,0,39229.1
29,0.0126293,3.57784,39222.7,0,39222.7
29,0.0127147,3.02072,39217,0,39217
30,0,56.8766,36954.1,0,36954.1
30,8.53333e-05,28.5778,36966.3,0,36966.3
30,0.000170667,10.977,37358.8,0,37358.8
30,0.000256,115.348,37647.6,0,37647.7
30,0.000341333,69.3928,37685.9,0,37686
30,0.000426667,29.6266,37984.8,0,37984.8
30,0.000512,63.5195,38246.9,0,38247
30,0.000597333,48.1053,38230.4,0,38230.5
30,0.000682667,98.4796,38444.6,0,38444.8
30,0.000768,115.869,38690.1,0,38690.2
30,0.000853333,211.084,38758.5,0,38759.1
30,0.000938667,257.312,39167.5,0,39168.3
30,0.001024,110.098,39107.4,0,39107.6
30,0.00110933,51.4831,39250.1,0,39250.1
30,0.00119467,-23.5112,39275.9,0,39275.9
30,0.00128,-49.5289,39367.8,0,39367.8
30,0.00136533,-108.091,39510,0,39510.2
30,0.00145067,31.9914,39528.8,0,39528.9
30,0.001536,67.821,39613.9,0,39613.9
30,0.00162133,183.206,39600.1,0,39600.5
30,0.00170667,1.45626,39712.8,0,39712.8
30,0.001792,23.5673,39772.4,0,39772.4
30,0.00187733,90.0904,39936.6,0,39936.7
30,0.00196267,60.527,39865.5,0,39865.5
30,0.002048,65.6383,39834,0,39834
30,0.00213333,85.6126,39877.4,0,39877.5
30,0.00221867,117.087,39869.1,0,39869.3
30,0.002304,122.773,39983.7,0,39983.8
30,0.00238933,140.705,39961.1,0,39961.4
30,0.00247467,46.6606,40020.1,0,40020.1
30,0.00256,58.7357,40046.5,0,40046.5
30,0.00264533,148.918,40027,0,40027.3
30,0.00273067,55.2957,40079.5,0,40079.6
30,0.002816,53.7031,40124.8,0,40124.8
30,0.00290133,49.7903,40081.4,0,40081.4
30,0.00298667,53.253,40091,0,40091
30,0.003072,67.2552,40072.2,0,40072.3
30,0.00315733,49.5373,40082,0,40082.1
30,0.00324267,13.4987,40054.1,0,40054.1
30,0.003328,17.2938,40063.6,0,40063.6
30,0.00341333,23.8659,40045.7,0,40045.7
30,0.00349867,40.5395,40023.7,0,40023.7
30,0.003584,48.5806,40069,0,40069
30,0.00366933,15.8741,40019.3,0,40019.3
30,0.00375467,30.7777,40020.6,0,40020.6
30,0.00384,17.6924,40000.2,0,40000.2
30,0.00392533,24.554,39995.6,0,39995.6
30,0.00401067,23.6833,39994.9,0,39994.9
30,0.004096,54.5699,39956.1,0,39956.1
30,0.00418133,17.9591,39981.3,0,39981.3
30,0.00426667,46.8782,39991.8,0,39991.8
30,0.004352,24.1696,39939.1,0,39939.1
30,0.00443733,-29.7949,39916,0,39916
30,0.00452267,42.5003,39914.9,0,39914.9
30,0.004608,34.4209,39903.1,0,39903.1
30,0.00469333,0.406636,39879.2,0,39879.2
30,0.00477867,16.4252,39880.7,0,39880.7
30,0.004864,8.16705,39878.9,0,39878.9
30,0.00494933,20.9637,39842.8,0,39842.9
30,0.00503467,10.2682,39832,0,39832
30,0.00512,16.4001,39818.7,0,39818.7
30,0.00520533,36.2684,39793,0,39793
30,0.00529067,19.9807,39836.2,0,39836.3
30,0.005376,19.9082,39800.6,0,39800.6
30,0.00546133,33.4627,39802.8,0,39802.9
30,0.00554667,14.7434,39763.6,0,39763.6
30,0.005632,2.71551,39765.3,0,39765.3
30,0.00571733,7.71079,39746.6,0,39746.6
30,0.00580267,11.5675,39728.7,0,39728.7
30,0.005888,7.81552,39709.6,0,39709.6
30,0.00597333,8.65185,39701.2,0,39701.2
30,0.00605867,9.87536,39681,0,39681
30,0.006144,7.7139,39686.5,0,39686.5
30,0.00622933,15.1424,39661.8,0,39661.8
30,0.00631467,33.7264,39636.2,0,39636.2
30,0.0064,28.9698,39648.6,0,39648.6
30,0.00648533,17.904,39638.2,0,39638.2
30,0.00657067,17.5176,39611,0,39611
30,0.006656,20.8021,39580,0,39580
30,0.00674133,10.7606,39615.5,0,39615.5
30,0.00682667,15.0325,39599.7,0,39599.7
30,0.006912,11.0586,39576.3,0,39576.3
30,0.00699733,5.8006,39561.4,0,39561.4
30,0.00708267,9.32461,39553.1,0,39553.1
30,0.007168,29.86,39541,0,39541
30,0.00725333,11.8553,39545.1,0,39545.1
30,0.00733867,9.72917,39524.6,0,39524.6
30,0.007424,0.120076,39538.6,0,39538.6
30,0.00750933,9.96173,39517,0,39517
30,0.00759467,2.29737,39503.3,0,39503.3
30,0.00768,9.51967,39496.4,0,39496.4
30,0.00776533,-5.08719,39476.3,0,39476.3
30,0.00785067,6.54707,39497.6,0,39497.6
30,0.007936,8.70864,39479.9,0,39479.9
30,0.00802133,8.31208,39465.1,0,39465.1
30,0.00810667,7.03976,39451,0,39451
30,0.008192,2.65834,39445.3,0,39445.3
30,0.00827733,7.53828,39435.1,0,39435.1
30,0.00836267,8.49874,39420.1,0,39420.1
30,0.008448,2.66643,39443,0,39443
30,0.00853333,8.52867,39413.6,0,39413.6
30,0.00861867,15.2568,39397.1,0,39397.1
30,0.008704,15.0264,39407.6,0,39407.6
30,0.00878933,9.80411,39390.5,0,39390.5
30,0.00887467,15.3377,39373,0,39373
30,0.00896,15.3275,39382,0,39382
30,0.00904533,-4.12531,39380.9,0,39380.9
30,0.00913067,6.35756,39368.5,0,39368.5
30,0.009216,5.66657,39358.4,0,39358.4
30,0.00930133,6.1687,39348.6,0,39348.6
30,0.00938667,0.939734,39325,0,39325
30,0.009472,6.27547,39345,0,39345
30,0.00955733,3.79,39335.3,0,39335.3
30,0.00964267,2.64546,39330.7,0,39330.7
30,0.009728,2.24512,39326.6,0,39326.6
30,0.00981333,2.93187,39322.2,0,39322.2
30,0.00989867,2.65577,39317.4,0,39317.4
30,0.009984,2.97569,39312.6,0,39312.6
30,0.0100693,2.69698,39307.5,0,39307.5
30,0.0101547,2.29257,39303.5,0,39303.5
30,0.01024,2.76718,39299.4,0,39299.4
30,0.0103253,3.0726,39294.1,0,39294.1
30,0.0104107,2.61394,39289.1,0,39289.1
30,0.010496,2.35506,39285,0,39285
30,0.0105813,1.92293,39281.2,0,39281.2
30,0.0106667,1.23326,39278.5,0,39278.5
30,0.010752,2.40915,39276.7,0,39276.7
30,0.0108373,4.2572,39270.6,0,39270.6
30,0.0109227,5.5405,39262.2,0,39262.2
30,0.011008,9.64711,39241.5,0,39241.5
30,0.0110933,6.4419,39263.5,0,39263.5
30,0.0111787,4.50934,39253.8,0,39253.8
30,0.011264,2.32632,39247,0,39247
30,0.0113493,0.425232,39241.4,0,39241.4
30,0.0114347,4.72742,39253.1,0,39253.1
30,0.01152,4.24144,39239.9,0,39239.9
30,0.0116053,-8.03608,39253.7,0,39253.7
30,0.0116907,3.8575,39247.9,0,39247.9
30,0.011776,3.35271,39241,0,39241
30,0.0118613,2.59471,39235.9,0,39235.9
30,0.0119467,1.57188,39232.3,0,39232.3
30,0.012032,1.64385,39230.5,0,39230.5
30,0.0121173,2.97822,39226.4,0,39226.4
30,0.0122027,3.58267,39220.6,0,39220.7
30,0.012288,4.60461,39214.1,0,39214.1
30,0.0123733,9.82605,39191.1,0,39191.1
30,0.0124587,6.95974,39238.9,0,39238.9
30,0.012544,3.64233,39229.4,0,39229.4
30,0.0126293,3.5751,39223,0,39223
30,0.0127147,3.02493,39217.3,0,39217.3
31,0,55.867,36955.7,0,36955.7
31,8.53333e-05,15.6874,36972.2,0,36972.2
31,0.000170667,18.507,37343.1,0,37343.1
31,0.000256,123.547,37644,0,37644.2
31,0.000341333,61.1226,37679.1,0,37679.1
31,0.000426667,7.37896,37975.7,0,37975.7
31,0.000512,94.1819,38236.1,0,38236.2
31,0.000597333,66.1905,38267.5,0,38267.5
31,0.000682667,117.359,38462.2,0,38462.4
31,0.000768,119.513,38682.7,0,38682.8
31,0.000853333,199.477,38758,0,38758.5
31,0.000938667,252.194,39140.2,0,39141
31,0.001024,138.518,39087.1,0,39087.4
31,0.00110933,90.4073,39264.3,0,39264.4
31,0.00119467,-3.44866,39260.1,0,39260.1
31,0.00128,-79.1704,39357.6,0,39357.7
31,0.00136533,-98.3507,39470.2,0,39470.3
31,0.00145067,42.2034,39518.5,0,39518.5
31,0.001536,69.698,39624.4,0,39624.5
31,0.00162133,131.893,39594.9,0,39595.1
31,0.00170667,-3.19759,39697.7,0,39697.7
31,0.001792,30.3788,39783.6,0,39783.7
31,0.00187733,121.077,39958.2,0,39958.4
31,0.00196267,66.1616,39876.3,0,39876.4
31,0.002048,75.5449,39835.1,0,39835.1
31,0.00213333,74.6361,39874.1,0,39874.2
31,0.00221867,98.6234,39813.8,0,39813.9
31,0.002304,120.812,39982.5,0,39982.7
31,0.00238933,139.482,39961.6,0,39961.8
31,0.00247467,62.4551,40066.1,0,40066.1
31,0.00256,89.292,39997.7,0,39997.8
31,0.00264533,176.651,39998.3,0,39998.7
31,0.00273067,61.2419,40092.3,0,40092.4
31,0.002816,56.9507,40129.1,0,40129.2
31,0.00290133,50.0767,40085.2,0,40085.2
31,0.00298667,53.1238,40095.5,0,40095.5
31,0.003072,64.7535,40080.2,0,40080.3
31,0.00315733,50.8164,40091.1,0,40091.1
31,0.00324267,13.6781,40044.3,0,40044.3
31,0.003328,16.5551,40071.3,0,40071.3
31,0.00341333,25.8421,40049.1,0,40049.1
31,0.00349867,54.144,40016.1,0,40016.1
31,0.003584,59.7008,40078.7,0,40078.8
31,0.00366933,17.6916,40021.6,0,40021.6
31,0.00375467,31.6447,40021.6,0,40021.6
31,0.00384,20.4898,40001.6,0,40001.6
31,0.00392533,43.7542,39975,0,39975
31,0.00401067,27.3679,40001.4,0,40001.4
31,0.004096,41.395,39964.4,0,39964.4
31,0.00418133,19.1914,39984.1,0,39984.1
31,0.00426667,68.3489,39961.4,0,39961.5
31,0.004352,24.9964,39941.6,0,39941.6
31,0.00443733,-34.75,39917.3,0,39917.3
31,0.00452267,43.0796,39917.8,0,39917.8
31,0.004608,35.096,39906.2,0,39906.2
31,0.00469333,1.5171,39880,0,39880
31,0.00477867,16.815,39881.8,0,39881.8
31,0.004864,6.2064,39878.9,0,39878.9
31,0.00494933,21.526,39843.4,0,39843.4
31,0.00503467,12.1255,39834.3,0,39834.3
31,0.00512,16.5019,39821.4,0,39821.4
31,0.00520533,36.7773,39793.8,0,39793.8
31,0.00529067,20.2566,39836.4,0,39836.4
31,0.005376,20.011,39800.7,0,39800.7
31,0.00546133,31.0891,39804.7,0,39804.8
31,0.00554667,14.0172,39764.2,0,39764.2
31,0.005632,2.80999,39764.2,0,39764.2
31,0.00571733,7.56254,39746.9,0,39746.9
31,0.00580267,11.4178,39729.2,0,39729.2
31,0.005888,7.65001,39710.4,0,39710.4
31,0.00597333,8.61227,39702.1,0,39702.1
31,0.00605867,9.69111,39682.7,0,39682.7
31,0.006144,-4.09729,39685.9,0,39685.9
31,0.00622933,15.2142,39663.7,0,39663.7
31,0.00631467,33.1854,39638.2,0,39638.2
31,0.0064,30.7808,39649.3,0,39649.4
31,0.00648533,17.8673,39638.9,0,39638.9
31,0.00657067,17.5149,39611.8,0,39611.8
31,0.006656,21.127,39580.6,0,39580.6
31,0.00674133,10.9615,39617.5,0,39617.5
31,0.00682667,15.1363,39600.9,0,39600.9
31,0.006912,11.2702,39577.2,0,39577.2
31,0.00699733,6.18156,39562,0,39562
31,0.00708267,9.49481,39552.9,0,39552.9
31,0.007168,30.9182,39539.2,0,39539.2
31,0.00725333,11.096,39545.5,0,39545.5
31,0.00733867,9.96631,39525.4,0,39525.4
31,0.007424,0.475079,39541.5,0,39541.5
31,0.00750933,10.1633,39517.8,0,39517.8
31,0.00759467,2.90005,39504.1,0,39504.1
31,0.00768,9.63174,39496.4,0,39496.4
31,0.00776533,-5.53802,39475,0,39475
31,0.00785067,6.81909,39498.6,0,39498.6
31,0.007936,8.78323,39480.6,0,39480.6
31,0.00802133,8.37739,39465.7,0,39465.7
31,0.00810667,7.1323,39451.5,0,39451.5
31,0.008192,2.47285,39445.9,0,39445.9
31,0.00827733,7.63431,39435.6,0,39435.6
31,0.00836267,8.76318,39420.5,0,39420.5
31,0.008448,6.1084,39445.7,0,39445.7
31,0.00853333,8.57299,39414,0,39414
31,0.00861867,14.8133,39397.2,0,39397.2
31,0.008704,14.5627,39408.2,0,39408.2
31,0.00878933,9.66173,39390.9,0,39390.9
31,0.00887467,14.8895,39373.2,0,39373.2
31,0.00896,14.7572,39382.8,0,39382.8
31,0.00904533,-3.19535,39380,0,39380
31,0.00913067,6.23076,39368.8,0,39368.8
31,0.009216,5.60072,39358.8,0,39358.8
31,0.00930133,6.03673,39349.1,0,39349.1
31,0.00938667,-0.551773,39327.7,0,39327.7
31,0.009472,6.05566,39345.4,0,39345.4
31,0.00955733,3.84521,39335.7,0,39335.7
31,0.00964267,2.78936,39331,0,39331
31,0.009728,2.37551,39326.4,0,39326.4
31,0.00981333,2.72982,39322.4,0,39322.4
31,0.00989867,2.63773,39317.7,0,39317.7
31,0.009984,2.96895,39312.9,0,39312.9
31,0.0100693,2.68771,39307.8,0,39307.8
31,0.0101547,2.28608,39303.8,0,39303.8
31,0.01024,2.75558,39299.8,0,39299.8
31,0.0103253,3.06197,39294.5,0,39294.5
31,0.0104107,2.6221,39289.5,0,39289.5
31,0.010496,2.36869,39285.3,0,39285.3
31,0.0105813,1.94586,39281.5,0,39281.5
31,0.0106667,1.20946,39278.8,0,39278.8
31,0.010752,2.38328,39277.1,0,39277.1
31,0.0108373,4.23864,39270.9,0,39270.9
31,0.0109227,5.47686,39262.7,0,39262.7
31,0.011008,9.38251,39243.7,0,39243.7
31,0.0110933,6.54354,39264.3,0,39264.3
31,0.0111787,4.55186,39254.4,0,39254.4
31,0.011264,2.27146,39247.5,0,39247.5
31,0.0113493,0.5966,39243.5,0,39243.5
31,0.0114347,3.72228,39252.8,0,39252.8
31,0.01152,4.1395,39240,0,39240
31,0.0116053,-7.61957,39252.8,0,39252.8
31,0.0116907,3.61711,39247.7,0,39247.7
31,0.011776,3.19719,39241.2,0,39241.2
31,0.0118613,2.57745,39236.2,0,39236.2
31,0.0119467,1.57561,39232.5,0,39232.5
31,0.012032,1.61466,39230.8,0,39230.8
31,0.0121173,2.97357,39226.7,0,39226.7
31,0.0122027,3.57272,39220.9,0,39220.9
31,0.012288,4.43587,39214.4,0,39214.4
31,0.0123733,7.56503,39192,0,39192
31,0.0124587,6.42256,39239.1,0,39239.1
31,0.012544,3.55879,39229.4,0,39229.4
31,0.0126293,3.5054,39223.1,0,39223.1
31,0.0127147,3.00836,39217.5,0,39217.5
32,0,59.4703,36954.8,0,36954.9
32,8.53333e-05,28.1766,36957.3,0,36957.4
32,0.000170667,-3.12268,37337.3,0,37337.3
32,0.000256,123.037,37602,0,37602.2
32,0.000341333,48.0915,37694.3,0,37694.3
32,0.000426667,-3.11958,37983.1,0,37983.1
32,0.000512,40.2894,38203.6,0,38203.7
32,0.000597333,38.7284,38194.3,0,38194.3
32,0.000682667,140.481,38463.7,0,38464
32,0.000768,136.824,38678.1,0,38678.3
32,0.000853333,139.817,38709,0,38709.2
32,0.000938667,237.143,39139.9,0,39140.7
32,0.001024,122.727,39094.1,0,39094.3
32,0.00110933,83.8056,39264.5,0,39264.6
32,0.00119467,2.75027,39262.1,0,39262.1
32,0.00128,-59.4706,39359.3,0,39359.4
32,0.00136533,22.2973,39348.7,0,39348.7
32,0.00145067,50.3634,39572.1,0,39572.1
32,0.001536,74.8432,39623.2,0,39623.3
32,0.00162133,98.132,39616.2,0,39616.3
32,0.00170667,35.2306,39729.5,0,39729.6
32,0.001792,35.2836,39789.2,0,39789.2
32,0.00187733,118.801,39964.7,0,39964.9
32,0.00196267,65.6658,39880.5,0,39880.6
32,0.002048,75.2348,39838.7,0,39838.8
32,0.00213333,79.1983,39874,0,39874.1
32,0.00221867,88.4956,39814.7,0,39814.8
32,0.002304,116.382,39979.3,0,39979.5
32,0.00238933,138.495,39966.1,0,39966.4
32,0.00247467,45.7695,40065,0,40065
32,0.00256,86.1601,39987.4,0,39987.5
32,0.00264533,177.769,39991.9,0,39992.3
32,0.00273067,61.0345,40094.3,0,40094.3
32,0.002816,57.3529,40130.3,0,40130.3
32,0.00290133,51.921,40083.2,0,40083.2
32,0.00298667,53.0422,40093.8,0,40093.8
32,0.003072,63.2442,40079.9,0,40080
32,0.00315733,52.1271,40090.4,0,40090.5
32,0.00324267,14.885,40043.2,0,40043.2
32,0.003328,14.6428,40073.6,0,40073.6
32,0.00341333,24.4933,40050,0,40050
32,0.00349867,42.0506,40023.2,0,40023.3
32,0.003584,51.1668,40072,0,40072.1
32,0.00366933,17.7594,40020.3,0,40020.3
32,0.00375467,29.6161,40019.2,0,40019.2
32,0.00384,20.6274,40002.9,0,40002.9
32,0.00392533,44.3102,39974,0,39974
32,0.00401067,26.3973,40002.5,0,40002.5
32,0.004096,42.3297,39965.8,0,39965.9
32,0.00418133,19.5394,39984.3,0,39984.3
32,0.00426667,64.5849,39963.9,0,39963.9
32,0.004352,25.2387,39942.5,0,39942.5
32,0.00443733,-36.7315,39917.4,0,39917.4
32,0.00452267,45.0484,39917,0,39917
32,0.004608,36.5435,39902.9,0,39902.9
32,0.00469333,-13.6627,39860.8,0,39860.8
32,0.00477867,19.3716,39890.5,0,39890.5
32,0.004864,9.47983,39877.2,0,39877.2
32,0.00494933,20.96,39843.8,0,39843.8
32,0.00503467,13.544,39836.9,0,39836.9
32,0.00512,16.888,39824.1,0,39824.1
32,0.00520533,37.6743,39794.2,0,39794.3
32,0.00529067,20.3611,39835.7,0,39835.7
32,0.005376,19.8319,39799.5,0,39799.5
32,0.00546133,28.6928,39805.7,0,39805.7
32,0.00554667,13.1672,39764.7,0,39764.7
32,0.005632,2.89597,39764.1,0,39764.1
32,0.00571733,7.5397,39747.5,0,39747.5
32,0.00580267,11.4853,39729.7,0,39729.7
32,0.005888,7.77279,39710.8,0,39710.8
32,0.00597333,8.79377,39702.2,0,39702.2
32,0.00605867,9.93139,39682.3,0,39682.3
32,0.006144,-5.32369,39686.9,0,39686.9
32,0.00622933,14.6024,39665,0,39665
32,0.00631467,32.2579,39640.4,0,39640.4
32,0.0064,32.2035,39646.5,0,39646.5
32,0.00648533,17.8154,39641.2,0,39641.2
32,0.00657067,17.0309,39614.7,0,39614.7
32,0.006656,22.2553,39586.1,0,39586.1
32,0.00674133,1.27346,39608,0,39608
32,0.00682667,13.6043,39604.9,0,39604.9
32,0.006912,11.6712,39579.4,0,39579.4
32,0.00699733,6.4653,39563.7,0,39563.7
32,0.00708267,9.61807,39554.2,0,39554.2
32,0.007168,32.1974,39539.2,0,39539.2
32,0.00725333,11.5185,39545.1,0,39545.1
32,0.00733867,9.9361,39524.7,0,39524.7
32,0.007424,0.45952,39543,0,39543
32,0.00750933,10.1267,39518.5,0,39518.5
32,0.00759467,3.23303,39504.8,0,39504.8
32,0.00768,9.69498,39496.6,0,39496.6
32,0.00776533,-5.78602,39474.2,0,39474.2
32,0.00785067,7.0923,39499.5,0,39499.5
32,0.007936,8.84889,39481.2,0,39481.2
32,0.00802133,8.4287,39466.2,0,39466.2
32,0.00810667,7.55492,39451.9,0,39451.9
32,0.008192,0.999016,39444.2,0,39444.2
32,0.00827733,7.67954,39436.6,0,39436.6
32,0.00836267,9.07453,39421,0,39421
32,0.008448,8.90183,39447.1,0,39447.1
32,0.00853333,8.31518,39414.7,0,39414.7
32,0.00861867,12.8689,39398.8,0,39398.8
32,0.008704,16.2642,39410.4,0,39410.4
32,0.00878933,9.82223,39391.6,0,39391.6
32,0.00887467,14.7047,39373.5,0,39373.5
32,0.00896,14.454,39383.3,0,39383.3
32,0.00904533,-2.64655,39379.6,0,39379.6
32,0.00913067,6.1832,39369,0,39369
32,0.009216,5.55454,39358.9,0,39358.9
32,0.00930133,5.85197,39349.4,0,39349.4
32,0.00938667,1.0219,39331.5,0,39331.5
32,0.009472,5.77716,39346,0,39346
32,0.00955733,3.86169,39336.1,0,39336.1
32,0.00964267,2.83081,39331.3,0,39331.3
32,0.009728,2.3851,39326.6,0,39326.6
32,0.00981333,2.80665,39322.6,0,39322.6
32,0.00989867,2.65016,39317.7,0,39317.7
32,0.009984,2.91334,39313.1,0,39313.1
32,0.0100693,2.6679,39308,0,39308
32,0.0101547,2.28008,39304,0,39304
32,0.01024,2.74898,39300,0,39300
32,0.0103253,3.06226,39294.7,0,39294.7
32,0.0104107,2.64434,39289.7,0,39289.7
32,0.010496,2.39748,39285.5,0,39285.5
32,0.0105813,1.96574,39281.6,0,39281.6
32,0.0106667,1.16035,39278.9,0,39278.9
32,0.010752,2.31874,39277.4,0,39277.4
32,0.0108373,4.18108,39271.3,0,39271.3
32,0.0109227,5.37868,39263.2,0,39263.2
32,0.011008,9.50931,39248.9,0,39248.9
32,0.0110933,8.03397,39266.4,0,39266.4
32,0.0111787,4.81937,39255,0,39255
32,0.011264,2.28823,39247.8,0,39247.8
32,0.0113493,0.46834,39244.2,0,39244.2
32,0.0114347,3.56939,39252.9,0,39252.9
32,0.01152,4.02119,39240.4,0,39240.4
32,0.0116053,-7.30796,39252.6,0,39252.6
32,0.0116907,3.55678,39247.8,0,39247.8
32,0.011776,3.19274,39241.3,0,39241.3
32,0.0118613,2.58406,39236.3,0,39236.3
32,0.0119467,1.57455,39232.6,0,39232.6
32,0.012032,1.59835,39231,0,39231
32,0.0121173,2.95124,39226.9,0,39226.9
32,0.0122027,3.56982,39221.2,0,39221.2
32,0.012288,4.46665,39214.6,0,39214.6
32,0.0123733,6.4682,39192.3,0,39192.3
32,0.0124587,5.97314,39238.8,0,39238.8
32,0.012544,3.41295,39229.3,0,39229.3
32,0.0126293,3.4344,39223.2,0,39223.2
32,0.0127147,2.99095,39217.7,0,39217.7
33,0,62.9461,36955.9,0,36956
33,8.53333e-05,37.3388,36953.8,0,36953.8
33,0.000170667,-13.3593,37334.1,0,37334.1
33,0.000256,130.542,37587.2,0,37587.4
33,0.000341333,54.7559,37724.3,0,37724.4
33,0.000426667,-43.5271,38018.2,0,38018.2
33,0.000512,39.5505,38194.3,0,38194.3
33,0.000597333,39.2177,38197.7,0,38197.7
33,0.000682667,78.8485,38420,0,38420.1
33,0.000768,114.232,38660.1,0,38660.2
33,0.000853333,151.998,38702.4,0,38702.7
33,0.000938667,198.663,39150.9,0,39151.4
33,0.001024,135.259,39119.7,0,39120
33,0.00110933,74.0245,39259.8,0,39259.9
33,0.00119467,-6.00089,39259.1,0,39259.1
33,0.00128,-53.9893,39357.7,0,39357.7
33,0.00136533,24.9934,39343.4,0,39343.4
33,0.00145067,-14.9187,39543.2,0,39543.2
33,0.001536,49.413,39633.5,0,39633.5
33,0.00162133,93.6122,39618.3,0,39618.4
33,0.00170667,44.4617,39729.6,0,39729.6
33,0.001792,24.6796,39758.8,0,39758.8
33,0.00187733,158.629,39949.9,0,39950.2
33,0.00196267,62.2511,39878.8,0,39878.8
33,0.002048,70.1339,39841.5,0,39841.6
33,0.00213333,99.0881,39845.9,0,39846
33,0.00221867,127.551,39883.8,0,39884
33,0.002304,104.096,39952.6,0,39952.8
33,0.00238933,133.329,39971.4,0,39971.6
33,0.00247467,48.2205,40066.4,0,40066.4
33,0.00256,96.0473,39993.6,0,39993.7
33,0.00264533,206.666,39955.4,0,39955.9
33,0.00273067,87.3634,40081,0,40081.1
33,0.002816,67.0711,40147.3,0,40147.4
33,0.00290133,48.5982,40084.3,0,40084.3
33,0.00298667,61.1182,40095.4,0,40095.4
33,0.003072,64.7324,40084.4,0,40084.5
33,0.00315733,56.294,40092.8,0,40092.8
33,0.00324267,20.178,40059.7,0,40059.8
33,0.003328,10.4782,40081.1,0,40081.1
33,0.00341333,25.1611,40051.1,0,40051.1
33,0.00349867,42.3744,40024.3,0,40024.4
33,0.003584,53.482,40071.2,0,40071.3
33,0.00366933,17.2938,40019.1,0,40019.1
33,0.00375467,29.6996,40016.3,0,40016.3
33,0.00384,19.3472,40005.7,0,40005.7
33,0.00392533,44.6321,39976.6,0,39976.6
33,0.00401067,25.9918,40005.8,0,40005.9
33,0.004096,42.2726,39970.2,0,39970.2
33,0.00418133,20.3898,39988.2,0,39988.2
33,0.00426667,66.0237,39960.5,0,39960.5
33,0.004352,25.4201,39944.2,0,39944.2
33,0.00443733,-38.5246,39918.4,0,39918.4
33,0.00452267,46.4087,39917.1,0,39917.2
33,0.004608,35.4386,39903.5,0,39903.5
33,0.00469333,-1.18901,39856.1,0,39856.1
33,0.00477867,20.3926,39891.2,0,39891.2
33,0.004864,6.26418,39869.4,0,39869.4
33,0.00494933,20.6239,39843.1,0,39843.1
33,0.00503467,20.3093,39841.1,0,39841.1
33,0.00512,17.8005,39825.5,0,39825.5
33,0.00520533,39.361,39793.1,0,39793.1
33,0.00529067,21.454,39827.6,0,39827.6
33,0.005376,18.2286,39803.8,0,39803.8
33,0.00546133,27.4581,39809.2,0,39809.2
33,0.00554667,13.2774,39766.7,0,39766.7
33,0.005632,3.26497,39765,0,39765
33,0.00571733,7.77641,39748.5,0,39748.5
33,0.00580267,11.8533,39730,0,39730
33,0.005888,7.69915,39710.7,0,39710.7
33,0.00597333,8.4991,39702.5,0,39702.5
33,0.00605867,9.72171,39683.1,0,39683.1
33,0.006144,-6.11558,39689.4,0,39689.4
33,0.00622933,13.98,39666.9,0,39666.9
33,0.00631467,28.238,39642.1,0,39642.1
33,0.0064,26.9317,39639.7,0,39639.7
33,0.00648533,20.6248,39643.9,0,39643.9
33,0.00657067,17.7131,39615.9,0,39615.9
33,0.006656,22.5864,39586.4,0,39586.4
33,0.00674133,1.29568,39608.2,0,39608.2
33,0.00682667,13.6211,39605.2,0,39605.2
33,0.006912,12.0435,39579.5,0,39579.5
33,0.00699733,7.04122,39562.8,0,39562.8
33,0.00708267,9.05337,39554,0,39554
33,0.007168,29.5752,39537.1,0,39537.1
33,0.00725333,11.7799,39545.8,0,39545.8
33,0.00733867,10.2688,39524.8,0,39524.8
33,0.007424,0.57538,39544.3,0,39544.3
33,0.00750933,10.107,39519.1,0,39519.1
33,0.00759467,3.44491,39505.5,0,39505.5
33,0.00768,9.80215,39497.1,0,39497.1
33,0.00776533,-3.40265,39472.5,0,39472.5
33,0.00785067,6.9905,39501,0,39501
33,0.007936,9.00423,39481.8,0,39481.8
33,0.00802133,8.5091,39466.7,0,39466.7
33,0.00810667,7.60249,39452.2,0,39452.2
33,0.008192,0.796003,39444.7,0,39444.7
33,0.00827733,7.71106,39437.1,0,39437.1
33,0.00836267,9.1923,39421.5,0,39421.5
33,0.008448,10.9646,39448,0,39448
33,0.00853333,8.34086,39415.2,0,39415.2
33,0.00861867,12.6057,39399.2,0,39399.2
33,0.008704,15.6855,39411.3,0,39411.3
33,0.00878933,9.01066,39392.9,0,39392.9
33,0.00887467,10.5984,39378,0,39378
33,0.00896,33.0051,39390.8,0,39390.8
33,0.00904533,3.97723,39369.1,0,39369.1
33,0.00913067,5.44759,39370.8,0,39370.8
33,0.009216,5.73914,39359.9,0,39359.9
33,0.00930133,5.95975,39350,0,39350
33,0.00938667,0.818248,39332.5,0,39332.5
33,0.009472,5.78452,39346,0,39346
33,0.00955733,3.78568,39336.1,0,39336.1
33,0.00964267,2.7051,39331.6,0,39331.6
33,0.009728,2.37885,39327,0,39327
33,0.00981333,2.82439,39322.9,0,39322.9
33,0.00989867,2.68742,39318.1,0,39318.1
33,0.009984,3.00173,39313.3,0,39313.3
33,0.0100693,2.87672,39308,0,39308
33,0.0101547,2.37509,39303.6,0,39303.6
33,0.01024,2.55955,39299.7,0,39299.7
33,0.0103253,2.96223,39294.8,0,39294.8
33,0.0104107,2.66836,39289.8,0,39289.8
33,0.010496,2.44798,39285.5,0,39285.5
33,0.0105813,1.93647,39281.6,0,39281.6
33,0.0106667,0.983695,39279,0,39279
33,0.010752,2.30638,39277.8,0,39277.8
33,0.0108373,4.20343,39271.6,0,39271.6
33,0.0109227,5.36915,39263.5,0,39263.5
33,0.011008,9.1919,39249.1,0,39249.1
33,0.0110933,7.84847,39266.5,0,39266.5
33,0.0111787,4.7203,39255.1,0,39255.1
33,0.011264,2.18623,39248.1,0,39248.1
33,0.0113493,1.1133,39245,0,39245
33,0.0114347,2.87177,39253.3,0,39253.3
33,0.01152,3.97353,39240.7,0,39240.7
33,0.0116053,-7.09207,39252.5,0,39252.5
33,0.0116907,3.51962,39247.9,0,39247.9
33,0.011776,3.18084,39241.5,0,39241.5
33,0.0118613,2.58295,39236.5,0,39236.5
33,0.0119467,1.57692,39232.8,0,39232.8
33,0.012032,1.60888,39231.1,0,39231.1
33,0.0121173,2.98388,39227,0,39227
33,0.0122027,3.60845,39221.2,0,39221.2
33,0.012288,4.43008,39214.5,0,39214.5
33,0.0123733,5.53761,39192.6,0,39192.6
33,0.0124587,5.67897,39238.6,0,39238.6
33,0.012544,3.31148,39229.3,0,39229.3
33,0.0126293,3.41074,39223.3,0,39223.3
33,0.0127147,2.98841,39217.8,0,39217.8
34,0,63.2808,36951.4,0,36951.5
34,8.53333e-05,38.0316,36948.5,0,36948.5
34,0.000170667,-21.5998,37324.3,0,37324.3
34,0.000256,162.164,37607.8,0,37608.1
34,0.000341333,55.7882,37724.5,0,37724.5
34,0.000426667,-26.2504,38004.6,0,38004.6
34,0.000512,-30.3582,38353.9,0,38353.9
34,0.000597333,52.0768,38245,0,38245
34,0.000682667,124.499,38449.6,0,38449.8
34,0.000768,140.002,38663.9,0,38664.2
34,0.000853333,153.836,38709.5,0,38709.8
34,0.000938667,204.002,39162,0,39162.6
34,0.001024,135.58,39093.7,0,39093.9
34,0.00110933,79.0548,39273.2,0,39273.3
34,0.00119467,-2.32525,39263,0,39263
34,0.00128,-53.5839,39363.4,0,39363.4
34,0.00136533,26.9367,39358.7,0,39358.7
34,0.00145067,56.352,39551.2,0,39551.3
34,0.001536,28.1642,39640.6,0,39640.6
34,0.00162133,98.4588,39620.1,0,39620.2
34,0.00170667,43.8128,39724.3,0,39724.3
34,0.001792,19.7789,39760.4,0,39760.4
34,0.00187733,135.433,39919.6,0,39919.8
34,0.00196267,66.3435,39897,0,39897.1
34,0.002048,80.6128,39843.1,0,39843.1
34,0.00213333,103.4,39863.5,0,39863.6
34,0.00221867,113.012,39876.3,0,39876.5
34,0.002304,124.273,39980.2,0,39980.4
34,0.00238933,128.471,39957.3,0,39957.5
34,0.00247467,38.0232,40070.5,0,40070.5
34,0.00256,82.0337,39975.7,0,39975.8
34,0.00264533,187.994,39979.4,0,39979.9
34,0.00273067,90.3878,40080.3,0,40080.4
34,0.002816,68.4101,40150.3,0,40150.4
34,0.00290133,49.3946,40082.6,0,40082.6
34,0.00298667,59.7799,40096.2,0,40096.2
34,0.003072,64.4469,40086.1,0,40086.2
34,0.00315733,55.8247,40090.3,0,40090.4
34,0.00324267,22.1796,40057.9,0,40057.9
34,0.003328,9.6652,40080.3,0,40080.3
34,0.00341333,22.9206,40051.9,0,40051.9
34,0.00349867,24.4679,40039.3,0,40039.3
34,0.003584,68.6021,40058.1,0,40058.2
34,0.00366933,17.9873,40020.2,0,40020.2
34,0.00375467,29.5088,40016.9,0,40016.9
34,0.00384,18.8681,40007.2,0,40007.2
34,0.00392533,40.1294,39976.9,0,39976.9
34,0.00401067,26.2151,40007.2,0,40007.2
34,0.004096,41.0087,39967.9,0,39967.9
34,0.00418133,22.5259,39988.7,0,39988.7
34,0.00426667,46.1132,39957.6,0,39957.6
34,0.004352,25.9538,39946.2,0,39946.2
34,0.00443733,-39.0208,39920.4,0,39920.4
34,0.00452267,36.8074,39910.4,0,39910.4
34,0.004608,33.3214,39903.1,0,39903.1
34,0.00469333,7.47263,39881.2,0,39881.2
34,0.00477867,17.2584,39889.3,0,39889.3
34,0.004864,5.72254,39870.3,0,39870.3
34,0.00494933,20.2458,39844.5,0,39844.6
34,0.00503467,44.6699,39839,0,39839.1
34,0.00512,14.1498,39828.5,0,39828.5
34,0.00520533,39.4897,39794.3,0,39794.3
34,0.00529067,20.9687,39832.1,0,39832.2
34,0.005376,18.2792,39805.4,0,39805.4
34,0.00546133,36.4071,39817.7,0,39817.7
34,0.00554667,13.4484,39767.6,0,39767.6
34,0.005632,3.45053,39765.5,0,39765.5
34,0.00571733,7.7339,39748.8,0,39748.8
34,0.00580267,11.3531,39730.7,0,39730.7
34,0.005888,7.52092,39712.6,0,39712.6
34,0.00597333,8.88385,39703.8,0,39703.8
34,0.00605867,9.79558,39683.9,0,39683.9
34,0.006144,-6.17812,39690.4,0,39690.4
34,0.00622933,14.0691,39667.8,0,39667.8
34,0.00631467,28.4307,39642.9,0,39642.9
34,0.0064,27.0075,39640.1,0,39640.1
34,0.00648533,20.4362,39644.5,0,39644.5
34,0.00657067,17.4034,39616.8,0,39616.8
34,0.006656,21.7962,39587.3,0,39587.3
34,0.00674133,3.17892,39607.2,0,39607.2
34,0.00682667,12.9463,39606.9,0,39606.9
34,0.006912,12.3154,39580.6,0,39580.6
34,0.00699733,7.12364,39563.6,0,39563.6
34,0.00708267,9.3143,39554.8,0,39554.8
34,0.007168,30.2494,39536.6,0,39536.6
34,0.00725333,11.8144,39544.7,0,39544.7
34,0.00733867,9.74528,39524.3,0,39524.3
34,0.007424,0.568225,39543.6,0,39543.6
34,0.00750933,9.90983,39519.4,0,39519.4
34,0.00759467,3.44505,39506,0,39506
34,0.00768,10.1753,39497.7,0,39497.7
34,0.00776533,4.76949,39469.3,0,39469.3
34,0.00785067,6.45127,39506.1,0,39506.1
34,0.007936,9.53381,39483.1,0,39483.1
34,0.00802133,8.75014,39467.4,0,39467.4
34,0.00810667,7.75391,39452.6,0,39452.6
34,0.008192,0.758397,39444.9,0,39444.9
34,0.00827733,7.75649,39437.3,0,39437.3
34,0.00836267,9.22819,39421.6,0,39421.6
34,0.008448,11.7907,39448.3,0,39448.3
34,0.00853333,8.33118,39415.4,0,39415.4
34,0.00861867,12.5347,39399.5,0,39399.5
34,0.008704,15.5886,39411.7,0,39411.7
34,0.00878933,8.99182,39393.3,0,39393.3
34,0.00887467,10.5854,39378.4,0,39378.4
34,0.00896,33.0306,39391.3,0,39391.3
34,0.00904533,3.98528,39369.5,0,39369.5
34,0.00913067,5.45208,39371.1,0,39371.1
34,0.009216,5.76181,39360.1,0,39360.1
34,0.00930133,5.99233,39350.3,0,39350.3
34,0.00938667,3.13023,39332.9,0,39332.9
34,0.009472,5.92442,39346.9,0,39346.9
34,0.00955733,3.98329,39336.5,0,39336.5
34,0.00964267,2.80202,39331.6,0,39331.6
34,0.009728,2.33278,39327.1,0,39327.1
34,0.00981333,2.79811,39323.1,0,39323.1
34,0.00989867,2.68052,39318.2,0,39318.2
34,0.009984,3.00632,39313.5,0,39313.5
34,0.0100693,2.88357,39308.2,0,39308.2
34,0.0101547,2.3813,39303.7,0,39303.7
34,0.01024,2.55605,39299.9,0,39299.9
34,0.0103253,2.95251,39295,0,39295
34,0.0104107,2.66581,39290,0,39290
34,0.010496,2.44898,39285.7,0,39285.7
34,0.0105813,1.94449,39281.7,0,39281.7
34,0.0106667,0.994986,39279.2,0,39279.2
34,0.010752,2.32334,39277.9,0,39277.9
34,0.0108373,4.23447,39271.7,0,39271.7
34,0.0109227,5.39987,39263.5,0,39263.5
34,0.011008,9.11166,39249.1,0,39249.1
34,0.0110933,7.77129,39266.6,0,39266.6
34,0.0111787,4.70479,39255.2,0,39255.2
34,0.011264,2.18389,39248.2,0,39248.2
34,0.0113493,1.08304,39245.1,0,39245.1
34,0.0114347,2.83831,39253.3,0,39253.3
34,0.01152,3.93675,39240.9,0,39240.9
34,0.0116053,-6.94123,39252.3,0,39252.3
34,0.0116907,3.49406,39247.9,0,39247.9
34,0.011776,3.15464,39241.5,0,39241.5
34,0.0118613,2.55001,39236.5,0,39236.5
34,0.0119467,1.55099,39232.9,0,39232.9
34,0.012032,1.59282,39231.3,0,39231.3
34,0.0121173,2.98017,39227.2,0,39227.2
34,0.0122027,3.65336,39221.4,0,39221.4
34,0.012288,4.55509,39214.5,0,39214.5
34,0.0123733,5.51707,39192.4,0,39192.4
34,0.0124587,5.61686,39238.4,0,39238.4
34,0.012544,3.12903,39229.4,0,39229.4
34,0.0126293,3.39396,39223.6,0,39223.6
34,0.0127147,3.00453,39218,0,39218
35,0,57.7908,36955.4,0,36955.5
35,8.53333e-05,44.2052,36954,0,36954
35,0.000170667,-26.9023,37323,0,37323
35,0.000256,172.325,37623.9,0,37624.3
35,0.000341333,63.571,37714.7,0,37714.7
35,0.000426667,-11.0001,38000.1,0,38000.1
35,0.000512,-63.048,38332.5,0,38332.5
35,0.000597333,47.741,38237.5,0,38237.6
35,0.000682667,119.272,38451.9,0,38452.1
35,0.000768,150.052,38679.3,0,38679.5
35,0.000853333,162.608,38700.2,0,38700.5
35,0.000938667,246.957,39150,0,39150.8
35,0.001024,141.883,39110.6,0,39110.8
35,0.00110933,89.5145,39273.9,0,39274
35,0.00119467,-34.9443,39281,0,39281
35,0.00128,-57.0419,39338.9,0,39339
35,0.00136533,21.4084,39350.6,0,39350.6
35,0.00145067,59.1416,39545,0,39545
35,0.001536,33.2444,39634.4,0,39634.4
35,0.00162133,90.2481,39620.5,0,39620.6
35,0.00170667,43.6089,39733,0,39733
35,0.001792,18.6974,39764.6,0,39764.6
35,0.00187733,108.072,39893.4,0,39893.6
35,0.00196267,48.5408,39943.6,0,39943.6
35,0.002048,72.7744,39843.4,0,39843.5
35,0.00213333,102.237,39854.2,0,39854.3
35,0.00221867,113.363,39872.4,0,39872.5
35,0.002304,124.346,39982.4,0,39982.6
35,0.00238933,131.131,39961.9,0,39962.1
35,0.00247467,1.14312,40059.8,0,40059.8
35,0.00256,85.0549,39982.2,0,39982.3
35,0.00264533,155.888,40020.1,0,40020.4
35,0.00273067,73.5714,40101.4,0,40101.5
35,0.002816,71.0878,40156.5,0,40156.5
35,0.00290133,48.4733,40081.9,0,40082
35,0.00298667,63.3865,40094.9,0,40094.9
35,0.003072,64.2031,40083.2,0,40083.3
35,0.00315733,56.057,40088,0,40088
35,0.00324267,21.4408,40055.2,0,40055.2
35,0.003328,7.8789,40080.4,0,40080.4
35,0.00341333,22.2611,40054.7,0,40054.8
35,0.00349867,30.2179,40030.2,0,40030.2
35,0.003584,67.084,40060.1,0,40060.2
35,0.00366933,17.1969,40023,0,40023
35,0.00375467,28.9208,40015.5,0,40015.5
35,0.00384,20.6252,40008.2,0,40008.2
35,0.00392533,40.685,39976.3,0,39976.4
35,0.00401067,24.3684,40008.7,0,40008.7
35,0.004096,40.0417,39972.5,0,39972.6
35,0.00418133,25.0082,39989,0,39989
35,0.00426667,45.2002,39957.9,0,39957.9
35,0.004352,25.6878,39947.9,0,39947.9
35,0.00443733,-29.3877,39901.3,0,39901.3
35,0.00452267,38.0477,39910.7,0,39910.7
35,0.004608,32.5948,39901.7,0,39901.8
35,0.00469333,14.9341,39891.3,0,39891.3
35,0.00477867,16.9517,39893.6,0,39893.6
35,0.004864,6.14468,39872.6,0,39872.6
35,0.00494933,20.519,39846.3,0,39846.3
35,0.00503467,45.0757,39840.5,0,39840.5
35,0.00512,14.4867,39829.6,0,39829.6
35,0.00520533,39.5437,39795.9,0,39795.9
35,0.00529067,24.8261,39841,0,39841.1
35,0.005376,18.4078,39807,0,39807
35,0.00546133,36.0196,39820,0,39820
35,0.00554667,15.0219,39768.9,0,39768.9
35,0.005632,14.6687,39747.5,0,39747.5
35,0.00571733,12.5775,39755.9,0,39755.9
35,0.00580267,12.728,39732.6,0,39732.6
35,0.005888,8.21293,39713.1,0,39713.1
35,0.00597333,8.08215,39704.8,0,39704.8
35,0.00605867,9.81864,39685.6,0,39685.6
35,0.006144,-6.13607,39691.8,0,39691.8
35,0.00622933,13.4028,39669.1,0,39669.1
35,0.00631467,23.0978,39643.4,0,39643.4
35,0.0064,31.2333,39640.7,0,39640.7
35,0.00648533,20.7968,39644.7,0,39644.7
35,0.00657067,17.2937,39617.1,0,39617.1
35,0.006656,21.5923,39587.9,0,39587.9
35,0.00674133,2.9928,39608.4,0,39608.4
35,0.00682667,12.944,39608.1,0,39608.1
35,0.006912,12.525,39581.7,0,39581.7
35,0.00699733,7.6598,39564.1,0,39564.1
35,0.00708267,9.49141,39554.1,0,39554.1
35,0.007168,29.9286,39536.2,0,39536.3
35,0.00725333,11.5755,39545.3,0,39545.3
35,0.00733867,10.548,39525.4,0,39525.4
35,0.007424,-4.2409,39542.9,0,39542.9
35,0.00750933,8.85467,39520.2,0,39520.2
35,0.00759467,3.50763,39507.6,0,39507.6
35,0.00768,10.5981,39498.8,0,39498.8
35,0.00776533,5.56862,39469.1,0,39469.1
35,0.00785067,6.43138,39505.2,0,39505.2
35,0.007936,8.99753,39483.4,0,39483.4
35,0.00802133,8.65737,39468.1,0,39468.1
35,0.00810667,7.79965,39453.3,0,39453.3
35,0.008192,0.666674,39445.5,0,39445.5
35,0.00827733,7.54793,39438.1,0,39438.1
35,0.00836267,8.65556,39423.7,0,39423.7
35,0.008448,33.9643,39397.1,0,39397.1
35,0.00853333,9.31452,39417.3,0,39417.3
35,0.00861867,12.7942,39400.1,0,39400.1
35,0.008704,15.5725,39412.2,0,39412.2
35,0.00878933,8.99928,39393.7,0,39393.7
35,0.00887467,10.5856,39378.7,0,39378.7
35,0.00896,33.1152,39391.9,0,39392
35,0.00904533,4.00979,39369.8,0,39369.8
35,0.00913067,5.47527,39371.2,0,39371.2
35,0.009216,5.75477,39360.2,0,39360.2
35,0.00930133,5.82608,39350.5,0,39350.5
35,0.00938667,3.67309,39335.3,0,39335.3
35,0.009472,5.53717,39347.5,0,39347.5
35,0.00955733,3.99951,39336.9,0,39336.9
35,0.00964267,2.8406,39331.9,0,39331.9
35,0.009728,2.36209,39327.3,0,39327.3
35,0.00981333,2.82219,39323.2,0,39323.2
35,0.00989867,2.6917,39318.4,0,39318.4
35,0.009984,3.01512,39313.6,0,39313.6
35,0.0100693,2.88774,39308.3,0,39308.3
35,0.0101547,2.38468,39303.8,0,39303.8
35,0.01024,2.55876,39300,0,39300
35,0.0103253,2.95171,39295,0,39295
35,0.0104107,2.66074,39290.1,0,39290.1
35,0.010496,2.44201,39285.8,0,39285.8
35,0.0105813,1.96699,39281.8,0,39281.8
35,0.0106667,1.08113,39279.1,0,39279.1
35,0.010752,2.17833,39278,0,39278
35,0.0108373,4.18719,39272,0,39272
35,0.0109227,5.33303,39263.8,0,39263.8
35,0.011008,8.63347,39250.2,0,39250.2
35,0.0110933,8.0504,39267.4,0,39267.4
35,0.0111787,4.81617,39255.3,0,39255.3
35,0.011264,2.22055,39248.1,0,39248.1
35,0.0113493,1.03183,39245.2,0,39245.2
35,0.0114347,2.7601,39253.3,0,39253.3
35,0.01152,3.88155,39241,0,39241
35,0.0116053,-6.90799,39252.4,0,39252.4
35,0.0116907,3.48214,39248,0,39248
35,0.011776,3.15794,39241.6,0,39241.6
35,0.0118613,2.55589,39236.7,0,39236.7
35,0.0119467,1.55201,39233,0,39233
35,0.012032,1.5938,39231.4,0,39231.4
35,0.0121173,2.99648,39227.3,0,39227.3
35,0.0122027,3.70393,39221.4,0,39221.4
35,0.012288,4.58875,39214.5,0,39214.5
35,0.0123733,5.25566,39192.4,0,39192.4
35,0.0124587,5.4549,39238.3,0,39238.3
35,0.012544,3.06079,39229.6,0,39229.6
35,0.0126293,3.43092,39223.7,0,39223.7
35,0.0127147,3.02382,39218.1,0,39218.1
36,0,56.0395,36963.7,0,36963.7
36,8.53333e-05,42.1362,36971.8,0,36971.8
36,0.000170667,-37.6465,37309.5,0,37309.5
36,0.000256,168.174,37594.7,0,37595.1
36,0.000341333,52.0127,37730.8,0,37730.8
36,0.000426667,-8.73928,37991,0,37991
36,0.000512,-61.8554,38317.6,0,38317.6
36,0.000597333,50.9381,38228.7,0,38228.7
36,0.000682667,111.66,38430.1,0,38430.3
36,0.000768,121.406,38677.5,0,38677.7
36,0.000853333,169.16,38690.6,0,38691
36,0.000938667,242.539,39151.8,0,39152.5
36,0.001024,129.703,39114.3,0,39114.5
36,0.00110933,76.2609,39268.1,0,39268.2
36,0.00119467,-39.112,39282.5,0,39282.5
36,0.00128,-46.5675,39342.6,0,39342.6
36,0.00136533,16.7934,39348.2,0,39348.2
36,0.00145067,48.7936,39539.5,0,39539.6
36,0.001536,36.5107,39653.2,0,39653.2
36,0.00162133,93.716,39610.5,0,39610.7
36,0.00170667,45.5433,39726.2,0,39726.2
36,0.001792,23.5186,39763.4,0,39763.5
36,0.00187733,151.556,39868.7,0,39869
36,0.00196267,44.6769,39932.3,0,39932.4
36,0.002048,69.0198,39843.8,0,39843.9
36,0.00213333,99.1859,39842,0,39842.1
36,0.00221867,129.513,39883.4,0,39883.6
36,0.002304,129.841,39982.3,0,39982.5
36,0.00238933,116.632,39962.8,0,39963
36,0.00247467,-2.8556,40063.8,0,40063.8
36,0.00256,64.5623,39963,0,39963.1
36,0.00264533,134.514,40038.1,0,40038.3
36,0.00273067,81.1509,40102.1,0,40102.2
36,0.002816,70.3404,40151,0,40151.1
36,0.00290133,44.5166,40082.5,0,40082.5
36,0.00298667,66.1348,40091.1,0,40091.1
36,0.003072,82.3687,40104.3,0,40104.4
36,0.00315733,50.5004,40087.8,0,40087.8
36,0.00324267,21.3668,40056.7,0,40056.7
36,0.003328,9.03691,40080.2,0,40080.2
36,0.00341333,23.4116,40051.8,0,40051.8
36,0.00349867,28.2232,40023.8,0,40023.8
36,0.003584,68.5611,40058.4,0,40058.4
36,0.00366933,14.6306,40021.4,0,40021.4
36,0.00375467,29.0651,40017.6,0,40017.6
36,0.00384,20.6641,40009.7,0,40009.7
36,0.00392533,40.6021,39977.5,0,39977.5
36,0.00401067,23.9692,40009.5,0,40009.5
36,0.004096,39.9907,39975.7,0,39975.7
36,0.00418133,25.8937,39989.3,0,39989.3
36,0.00426667,44.7306,39959,0,39959.1
36,0.004352,25.243,39950.7,0,39950.7
36,0.00443733,11.6061,39894,0,39894
36,0.00452267,36.3977,39915.9,0,39915.9
36,0.004608,34.1305,39904.3,0,39904.3
36,0.00469333,15.3836,39891.8,0,39891.8
36,0.00477867,17.0672,39893.7,0,39893.7
36,0.004864,5.84049,39872.9,0,39872.9
36,0.00494933,20.4131,39847.3,0,39847.3
36,0.00503467,47.1981,39841.3,0,39841.3
36,0.00512,6.47995,39835.9,0,39835.9
36,0.00520533,35.3109,39802.2,0,39802.2
36,0.00529067,15.2534,39826.4,0,39826.5
36,0.005376,16.741,39806.7,0,39806.7
36,0.00546133,43.8205,39807.4,0,39807.4
36,0.00554667,15.3143,39769.4,0,39769.4
36,0.005632,14.7625,39747.7,0,39747.7
36,0.00571733,12.5711,39756.2,0,39756.2
36,0.00580267,12.6907,39732.9,0,39732.9
36,0.005888,8.18581,39713.4,0,39713.4
36,0.00597333,8.05134,39705.1,0,39705.1
36,0.00605867,9.7601,39686,0,39686
36,0.006144,-6.26846,39692.5,0,39692.5
36,0.00622933,13.349,39669.9,0,39669.9
36,0.00631467,23.2475,39644.2,0,39644.2
36,0.0064,32.1569,39640.6,0,39640.6
36,0.00648533,20.3943,39645.7,0,39645.7
36,0.00657067,17.3592,39617.7,0,39617.7
36,0.006656,21.2495,39588,0,39588
36,0.00674133,3.3233,39607,0,39607
36,0.00682667,13.2368,39607.8,0,39607.8
36,0.006912,12.3861,39582,0,39582
36,0.00699733,7.42924,39564.7,0,39564.7
36,0.00708267,8.88868,39555.2,0,39555.2
36,0.007168,20.7379,39536.1,0,39536.1
36,0.00725333,12.8846,39546.9,0,39546.9
36,0.00733867,10.5069,39526.4,0,39526.4
36,0.007424,-4.70943,39544.8,0,39544.8
36,0.00750933,9.7901,39521.7,0,39521.7
36,0.00759467,5.01531,39506.2,0,39506.2
36,0.00768,9.78932,39498.7,0,39498.7
36,0.00776533,5.3172,39469.7,0,39469.7
36,0.00785067,6.54506,39506.2,0,39506.2
36,0.007936,9.15207,39483.6,0,39483.6
36,0.00802133,8.58178,39468.5,0,39468.5
36,0.00810667,7.92948,39454,0,39454
36,0.008192,2.17113,39442.3,0,39442.3
36,0.00827733,7.13189,39438.7,0,39438.7
36,0.00836267,8.67897,39424.1,0,39424.1
36,0.008448,34.0252,39397.3,0,39397.4
36,0.00853333,9.34519,39417.6,0,39417.6
36,0.00861867,12.7939,39400.3,0,39400.3
36,0.008704,15.5554,39412.4,0,39412.4
36,0.00878933,8.99844,39393.8,0,39393.8
36,0.00887467,10.5786,39378.9,0,39378.9
36,0.00896,33.1375,39392.2,0,39392.2
36,0.00904533,4.00695,39370,0,39370
36,0.00913067,5.46235,39371.4,0,39371.4
36,0.009216,5.74439,39360.4,0,39360.4
36,0.00930133,5.81719,39350.7,0,39350.7
36,0.00938667,3.64614,39335.6,0,39335.6
36,0.009472,5.52548,39347.7,0,39347.7
36,0.00955733,4.00033,39337.1,0,39337.1
36,0.00964267,2.84286,39332,0,39332
36,0.009728,2.37205,39327.5,0,39327.5
36,0.00981333,2.89668,39323.4,0,39323.4
36,0.00989867,2.76436,39318.3,0,39318.3
36,0.009984,2.95794,39313.5,0,39313.5
36,0.0100693,2.83028,39308.3,0,39308.3
36,0.0101547,2.33969,39304,0,39304
36,0.01024,2.53591,39300.2,0,39300.2
36,0.0103253,2.96151,39295.3,0,39295.3
36,0.0104107,2.68667,39290.3,0,39290.3
36,0.010496,2.47072,39286,0,39286
36,0.0105813,2.0358,39281.9,0,39281.9
36,0.0106667,1.02028,39279.1,0,39279.1
36,0.010752,2.0696,39278.2,0,39278.2
36,0.0108373,4.10371,39272.3,0,39272.3
36,0.0109227,5.10398,39264.4,0,39264.4
36,0.011008,7.31861,39252.6,0,39252.6
36,0.0110933,8.18956,39270.3,0,39270.3
36,0.0111787,4.86028,39255.5,0,39255.5
36,0.011264,2.38034,39248.3,0,39248.3
36,0.0113493,1.15968,39244.8,0,39244.8
36,0.0114347,2.44675,39253.3,0,39253.3
36,0.01152,4.66384,39241.6,0,39241.6
36,0.0116053,-12.036,39249.4,0,39249.4
36,0.0116907,3.71239,39249.4,0,39249.4
36,0.011776,3.36996,39242.3,0,39242.3
36,0.0118613,2.70961,39237.1,0,39237.1
36,0.0119467,1.83587,39233.1,0,39233.1
36,0.012032,1.4882,39231.1,0,39231.1
36,0.0121173,2.87309,39227.5,0,39227.5
36,0.0122027,3.69955,39221.6,0,39221.6
36,0.012288,4.60229,39214.6,0,39214.6
36,0.0123733,5.19305,39192.6,0,39192.6
36,0.0124587,5.50266,39238.3,0,39238.3
36,0.012544,2.98771,39229.6,0,39229.6
36,0.0126293,3.41345,39223.8,0,39223.8
36,0.0127147,3.02463,39218.2,0,39218.2
